path	qualification	reason	risk_if_moved_now	target_home	notes
docs/CANONICAL/CAPABILITY_ARGUMENT_PROTOCOL_V1.md	needs-operator-decision	Authoritative doc outside the declared canonical roots.	high	TBD (operator decision)	out_of_band_canonical_doc
docs/CANONICAL/COMMUNICATIONS_RESEND_EXPANSION_CONTRACT_V1.yaml	needs-operator-decision	Authoritative doc outside the declared canonical roots.	high	TBD (operator decision)	out_of_band_canonical_doc
docs/CANONICAL/COMMUNICATIONS_RESEND_MCP_COEXISTENCE_POLICY_V1.md	needs-operator-decision	Authoritative doc outside the declared canonical roots.	high	TBD (operator decision)	out_of_band_canonical_doc
docs/CANONICAL/MEDIA_CAPACITY_GUARD_CONTRACT_V1.yaml	needs-operator-decision	Authoritative doc outside the declared canonical roots.	high	TBD (operator decision)	out_of_band_canonical_doc
docs/CANONICAL/SSH_IDENTITY_LIFECYCLE_CONTRACT_V1.yaml	needs-operator-decision	Authoritative doc outside the declared canonical roots.	high	TBD (operator decision)	out_of_band_canonical_doc
docs/CANONICAL/TAILSCALE_AUTHORITY_CONTRACT_V1.yaml	needs-operator-decision	Authoritative doc outside the declared canonical roots.	high	TBD (operator decision)	out_of_band_canonical_doc
docs/CANONICAL/W52_FOUNDATIONAL_CONTAINMENT_CONTRACT_V1.yaml	needs-operator-decision	Authoritative doc outside the declared canonical roots.	high	TBD (operator decision)	out_of_band_canonical_doc
docs/CONTRIBUTING.md	spine-source	Canonical documentation surface.	medium	/Users/ronnyworks/code/agentic-spine/docs/CONTRIBUTING.md	canonical_doc
docs/OPERATOR_CHEAT_SHEET.md	spine-source	Canonical documentation surface.	medium	/Users/ronnyworks/code/agentic-spine/docs/OPERATOR_CHEAT_SHEET.md	canonical_doc
docs/README.md	spine-source	Canonical documentation surface.	medium	/Users/ronnyworks/code/agentic-spine/docs/README.md	canonical_doc
docs/archive/backup/730xd_lane_packet_supersession_20260309.md	archive-only	Archived documentation surface.	low	/Users/ronnyworks/code/agentic-spine-archive/docs/archive/backup/730xd_lane_packet_supersession_20260309.md	archived_doc
docs/archive/governance/AGENTS_GOVERNANCE.md	archive-only	Archived documentation surface.	low	/Users/ronnyworks/code/agentic-spine-archive/docs/archive/governance/AGENTS_GOVERNANCE.md	archived_doc
docs/archive/governance/AGENTS_LOCATION.md	archive-only	Archived documentation surface.	low	/Users/ronnyworks/code/agentic-spine-archive/docs/archive/governance/AGENTS_LOCATION.md	archived_doc
docs/archive/governance/AGENT_BOUNDARIES.md	archive-only	Archived documentation surface.	low	/Users/ronnyworks/code/agentic-spine-archive/docs/archive/governance/AGENT_BOUNDARIES.md	archived_doc
docs/archive/governance/AGENT_MAILROOM_ENTRY.md	archive-only	Archived documentation surface.	low	/Users/ronnyworks/code/agentic-spine-archive/docs/archive/governance/AGENT_MAILROOM_ENTRY.md	archived_doc
docs/archive/governance/AGENT_TERMINOLOGY_GLOSSARY.md	archive-only	Archived documentation surface.	low	/Users/ronnyworks/code/agentic-spine-archive/docs/archive/governance/AGENT_TERMINOLOGY_GLOSSARY.md	archived_doc
docs/archive/governance/ARCHIVE_POLICY.md	archive-only	Archived documentation surface.	low	/Users/ronnyworks/code/agentic-spine-archive/docs/archive/governance/ARCHIVE_POLICY.md	archived_doc
docs/archive/governance/AUDITS_MIGRATION_TARGETS_V1.md	archive-only	Archived documentation surface.	low	/Users/ronnyworks/code/agentic-spine-archive/docs/archive/governance/AUDITS_MIGRATION_TARGETS_V1.md	archived_doc
docs/archive/governance/AUDIT_VERIFICATION.md	archive-only	Archived documentation surface.	low	/Users/ronnyworks/code/agentic-spine-archive/docs/archive/governance/AUDIT_VERIFICATION.md	archived_doc
docs/archive/governance/AUTHENTIK_BACKUP_RESTORE.md	archive-only	Archived documentation surface.	low	/Users/ronnyworks/code/agentic-spine-archive/docs/archive/governance/AUTHENTIK_BACKUP_RESTORE.md	archived_doc
docs/archive/governance/BACKUP_CALENDAR.md	archive-only	Archived documentation surface.	low	/Users/ronnyworks/code/agentic-spine-archive/docs/archive/governance/BACKUP_CALENDAR.md	archived_doc
docs/archive/governance/BACKUP_GOVERNANCE.md	archive-only	Archived documentation surface.	low	/Users/ronnyworks/code/agentic-spine-archive/docs/archive/governance/BACKUP_GOVERNANCE.md	archived_doc
docs/archive/governance/BACKUP_ONBOARDING.md	archive-only	Archived documentation surface.	low	/Users/ronnyworks/code/agentic-spine-archive/docs/archive/governance/BACKUP_ONBOARDING.md	archived_doc
docs/archive/governance/BUILD_MODE_CHECKLIST.md	archive-only	Archived documentation surface.	low	/Users/ronnyworks/code/agentic-spine-archive/docs/archive/governance/BUILD_MODE_CHECKLIST.md	archived_doc
docs/archive/governance/CAMERA_SSOT.md	archive-only	Archived documentation surface.	low	/Users/ronnyworks/code/agentic-spine-archive/docs/archive/governance/CAMERA_SSOT.md	archived_doc
docs/archive/governance/CHANGE_PACK_TEMPLATE.md	archive-only	Archived documentation surface.	low	/Users/ronnyworks/code/agentic-spine-archive/docs/archive/governance/CHANGE_PACK_TEMPLATE.md	archived_doc
docs/archive/governance/CLAUDE_ENTRYPOINT_SHIM.md	archive-only	Archived documentation surface.	low	/Users/ronnyworks/code/agentic-spine-archive/docs/archive/governance/CLAUDE_ENTRYPOINT_SHIM.md	archived_doc
docs/archive/governance/CLI_FLAG_CONVENTION.md	archive-only	Archived documentation surface.	low	/Users/ronnyworks/code/agentic-spine-archive/docs/archive/governance/CLI_FLAG_CONVENTION.md	archived_doc
docs/archive/governance/COMPOSE_AUTHORITY.md	archive-only	Archived documentation surface.	low	/Users/ronnyworks/code/agentic-spine-archive/docs/archive/governance/COMPOSE_AUTHORITY.md	archived_doc
docs/archive/governance/CORE_AGENTIC_SCOPE.md	archive-only	Archived documentation surface.	low	/Users/ronnyworks/code/agentic-spine-archive/docs/archive/governance/CORE_AGENTIC_SCOPE.md	archived_doc
docs/archive/governance/DOCKER_HOST_DEPRECATION_RUNBOOK.md	archive-only	Archived documentation surface.	low	/Users/ronnyworks/code/agentic-spine-archive/docs/archive/governance/DOCKER_HOST_DEPRECATION_RUNBOOK.md	archived_doc
docs/archive/governance/DOMAIN_PLATFORM_MIGRATION_PLAN.md	archive-only	Archived documentation surface.	low	/Users/ronnyworks/code/agentic-spine-archive/docs/archive/governance/DOMAIN_PLATFORM_MIGRATION_PLAN.md	archived_doc
docs/archive/governance/DOMAIN_ROUTING_REGISTRY.yaml	archive-only	Archived documentation surface.	low	/Users/ronnyworks/code/agentic-spine-archive/docs/archive/governance/DOMAIN_ROUTING_REGISTRY.yaml	archived_doc
docs/archive/governance/DR_RUNBOOK.md	archive-only	Archived documentation surface.	low	/Users/ronnyworks/code/agentic-spine-archive/docs/archive/governance/DR_RUNBOOK.md	archived_doc
docs/archive/governance/ENDPOINT_FLEET_SSOT.md	archive-only	Archived documentation surface.	low	/Users/ronnyworks/code/agentic-spine-archive/docs/archive/governance/ENDPOINT_FLEET_SSOT.md	archived_doc
docs/archive/governance/EXCLUDED_SURFACES.md	archive-only	Archived documentation surface.	low	/Users/ronnyworks/code/agentic-spine-archive/docs/archive/governance/EXCLUDED_SURFACES.md	archived_doc
docs/archive/governance/FINANCE_LEGACY_EXTRACTION_MATRIX.md	archive-only	Archived documentation surface.	low	/Users/ronnyworks/code/agentic-spine-archive/docs/archive/governance/FINANCE_LEGACY_EXTRACTION_MATRIX.md	archived_doc
docs/archive/governance/FINANCE_STACK_BACKUP_RESTORE.md	archive-only	Archived documentation surface.	low	/Users/ronnyworks/code/agentic-spine-archive/docs/archive/governance/FINANCE_STACK_BACKUP_RESTORE.md	archived_doc
docs/archive/governance/GAP_LIFECYCLE.md	archive-only	Archived documentation surface.	low	/Users/ronnyworks/code/agentic-spine-archive/docs/archive/governance/GAP_LIFECYCLE.md	archived_doc
docs/archive/governance/GATE_AUTHORING_GUIDE.md	archive-only	Archived documentation surface.	low	/Users/ronnyworks/code/agentic-spine-archive/docs/archive/governance/GATE_AUTHORING_GUIDE.md	archived_doc
docs/archive/governance/GITEA_BACKUP_RESTORE.md	archive-only	Archived documentation surface.	low	/Users/ronnyworks/code/agentic-spine-archive/docs/archive/governance/GITEA_BACKUP_RESTORE.md	archived_doc
docs/archive/governance/GIT_REMOTE_AUTHORITY.md	archive-only	Archived documentation surface.	low	/Users/ronnyworks/code/agentic-spine-archive/docs/archive/governance/GIT_REMOTE_AUTHORITY.md	archived_doc
docs/archive/governance/GOVERNANCE_INDEX.md	archive-only	Archived documentation surface.	low	/Users/ronnyworks/code/agentic-spine-archive/docs/archive/governance/GOVERNANCE_INDEX.md	archived_doc
docs/archive/governance/GOVERNANCE_MANIFEST.yaml	archive-only	Archived documentation surface.	low	/Users/ronnyworks/code/agentic-spine-archive/docs/archive/governance/GOVERNANCE_MANIFEST.yaml	archived_doc
docs/archive/governance/HASS_AGENT_GOTCHAS.md	archive-only	Archived documentation surface.	low	/Users/ronnyworks/code/agentic-spine-archive/docs/archive/governance/HASS_AGENT_GOTCHAS.md	archived_doc
docs/archive/governance/HASS_INDEX.md	archive-only	Archived documentation surface.	low	/Users/ronnyworks/code/agentic-spine-archive/docs/archive/governance/HASS_INDEX.md	archived_doc
docs/archive/governance/HASS_LEGACY_EXTRACTION_MATRIX.md	archive-only	Archived documentation surface.	low	/Users/ronnyworks/code/agentic-spine-archive/docs/archive/governance/HASS_LEGACY_EXTRACTION_MATRIX.md	archived_doc
docs/archive/governance/HASS_MCP_INTEGRATION.md	archive-only	Archived documentation surface.	low	/Users/ronnyworks/code/agentic-spine-archive/docs/archive/governance/HASS_MCP_INTEGRATION.md	archived_doc
docs/archive/governance/HASS_OPERATIONAL_RUNBOOK.md	archive-only	Archived documentation surface.	low	/Users/ronnyworks/code/agentic-spine-archive/docs/archive/governance/HASS_OPERATIONAL_RUNBOOK.md	archived_doc
docs/archive/governance/HASS_SSOT_BASELINE.md	archive-only	Archived documentation surface.	low	/Users/ronnyworks/code/agentic-spine-archive/docs/archive/governance/HASS_SSOT_BASELINE.md	archived_doc
docs/archive/governance/HEALTH_TIMELINE_POLICY.md	archive-only	Archived documentation surface.	low	/Users/ronnyworks/code/agentic-spine-archive/docs/archive/governance/HEALTH_TIMELINE_POLICY.md	archived_doc
docs/archive/governance/HOME_ASSISTANT_MASTER_RUNBOOK.md	archive-only	Archived documentation surface.	low	/Users/ronnyworks/code/agentic-spine-archive/docs/archive/governance/HOME_ASSISTANT_MASTER_RUNBOOK.md	archived_doc
docs/archive/governance/HOME_ASSISTANT_RELIABILITY_CONTRACT.yaml	archive-only	Archived documentation surface.	low	/Users/ronnyworks/code/agentic-spine-archive/docs/archive/governance/HOME_ASSISTANT_RELIABILITY_CONTRACT.yaml	archived_doc
docs/archive/governance/HOME_ASSISTANT_SURFACE_INDEX.yaml	archive-only	Archived documentation surface.	low	/Users/ronnyworks/code/agentic-spine-archive/docs/archive/governance/HOME_ASSISTANT_SURFACE_INDEX.yaml	archived_doc
docs/archive/governance/HOME_AUTHORITY_INDEX.md	archive-only	Archived documentation surface.	low	/Users/ronnyworks/code/agentic-spine-archive/docs/archive/governance/HOME_AUTHORITY_INDEX.md	archived_doc
docs/archive/governance/HOME_BACKUP_STRATEGY.md	archive-only	Archived documentation surface.	low	/Users/ronnyworks/code/agentic-spine-archive/docs/archive/governance/HOME_BACKUP_STRATEGY.md	archived_doc
docs/archive/governance/HOME_NETWORK_AUDIT_RUNBOOK.md	archive-only	Archived documentation surface.	low	/Users/ronnyworks/code/agentic-spine-archive/docs/archive/governance/HOME_NETWORK_AUDIT_RUNBOOK.md	archived_doc
docs/archive/governance/HOME_NETWORK_DEVICE_ONBOARDING.md	archive-only	Archived documentation surface.	low	/Users/ronnyworks/code/agentic-spine-archive/docs/archive/governance/HOME_NETWORK_DEVICE_ONBOARDING.md	archived_doc
docs/archive/governance/HOME_REBOOT_HEALTH_GATE.md	archive-only	Archived documentation surface.	low	/Users/ronnyworks/code/agentic-spine-archive/docs/archive/governance/HOME_REBOOT_HEALTH_GATE.md	archived_doc
docs/archive/governance/HOST_DRIFT_POLICY.md	archive-only	Archived documentation surface.	low	/Users/ronnyworks/code/agentic-spine-archive/docs/archive/governance/HOST_DRIFT_POLICY.md	archived_doc
docs/archive/governance/HYGIENE_WEEKLY_CADENCE_RUNBOOK.md	archive-only	Archived documentation surface.	low	/Users/ronnyworks/code/agentic-spine-archive/docs/archive/governance/HYGIENE_WEEKLY_CADENCE_RUNBOOK.md	archived_doc
docs/archive/governance/IMMICH_LEGACY_EXTRACTION_MATRIX.md	archive-only	Archived documentation surface.	low	/Users/ronnyworks/code/agentic-spine-archive/docs/archive/governance/IMMICH_LEGACY_EXTRACTION_MATRIX.md	archived_doc
docs/archive/governance/INFISICAL_BACKUP_RESTORE.md	archive-only	Archived documentation surface.	low	/Users/ronnyworks/code/agentic-spine-archive/docs/archive/governance/INFISICAL_BACKUP_RESTORE.md	archived_doc
docs/archive/governance/INFISICAL_RESTORE_DRILL.md	archive-only	Archived documentation surface.	low	/Users/ronnyworks/code/agentic-spine-archive/docs/archive/governance/INFISICAL_RESTORE_DRILL.md	archived_doc
docs/archive/governance/INFRASTRUCTURE_AUTHORITY.md	archive-only	Archived documentation surface.	low	/Users/ronnyworks/code/agentic-spine-archive/docs/archive/governance/INFRASTRUCTURE_AUTHORITY.md	archived_doc
docs/archive/governance/INFRASTRUCTURE_MAP.md	archive-only	Archived documentation surface.	low	/Users/ronnyworks/code/agentic-spine-archive/docs/archive/governance/INFRASTRUCTURE_MAP.md	archived_doc
docs/archive/governance/INFRA_CORE_CANONICAL_RUNBOOK.md	archive-only	Archived documentation surface.	low	/Users/ronnyworks/code/agentic-spine-archive/docs/archive/governance/INFRA_CORE_CANONICAL_RUNBOOK.md	archived_doc
docs/archive/governance/INFRA_RELOCATION_PROTOCOL.md	archive-only	Archived documentation surface.	low	/Users/ronnyworks/code/agentic-spine-archive/docs/archive/governance/INFRA_RELOCATION_PROTOCOL.md	archived_doc
docs/archive/governance/INGRESS_AUTHORITY.md	archive-only	Archived documentation surface.	low	/Users/ronnyworks/code/agentic-spine-archive/docs/archive/governance/INGRESS_AUTHORITY.md	archived_doc
docs/archive/governance/IPHONE_MCP_SETUP.md	archive-only	Archived documentation surface.	low	/Users/ronnyworks/code/agentic-spine-archive/docs/archive/governance/IPHONE_MCP_SETUP.md	archived_doc
docs/archive/governance/ISSUE_CLOSURE_SOP.md	archive-only	Archived documentation surface.	low	/Users/ronnyworks/code/agentic-spine-archive/docs/archive/governance/ISSUE_CLOSURE_SOP.md	archived_doc
docs/archive/governance/LEGACY_DEPRECATION.md	archive-only	Archived documentation surface.	low	/Users/ronnyworks/code/agentic-spine-archive/docs/archive/governance/LEGACY_DEPRECATION.md	archived_doc
docs/archive/governance/MACBOOK_BOOTSTRAP_CONTRACT.md	archive-only	Archived documentation surface.	low	/Users/ronnyworks/code/agentic-spine-archive/docs/archive/governance/MACBOOK_BOOTSTRAP_CONTRACT.md	archived_doc
docs/archive/governance/MACBOOK_SSOT.md	archive-only	Archived documentation surface.	low	/Users/ronnyworks/code/agentic-spine-archive/docs/archive/governance/MACBOOK_SSOT.md	archived_doc
docs/archive/governance/MAILROOM_BRIDGE.md	archive-only	Archived documentation surface.	low	/Users/ronnyworks/code/agentic-spine-archive/docs/archive/governance/MAILROOM_BRIDGE.md	archived_doc
docs/archive/governance/MAILROOM_RUNBOOK.md	archive-only	Archived documentation surface.	low	/Users/ronnyworks/code/agentic-spine-archive/docs/archive/governance/MAILROOM_RUNBOOK.md	archived_doc
docs/archive/governance/MAILROOM_TEMPORAL_MODEL.md	archive-only	Archived documentation surface.	low	/Users/ronnyworks/code/agentic-spine-archive/docs/archive/governance/MAILROOM_TEMPORAL_MODEL.md	archived_doc
docs/archive/governance/MAILROOM_WATCHER_INFERENCE_RUNBOOK.md	archive-only	Archived documentation surface.	low	/Users/ronnyworks/code/agentic-spine-archive/docs/archive/governance/MAILROOM_WATCHER_INFERENCE_RUNBOOK.md	archived_doc
docs/archive/governance/MAIL_ARCHIVER_MICROSOFT_DEEP_ARCHIVE_PLAN.md	archive-only	Archived documentation surface.	low	/Users/ronnyworks/code/agentic-spine-archive/docs/archive/governance/MAIL_ARCHIVER_MICROSOFT_DEEP_ARCHIVE_PLAN.md	archived_doc
docs/archive/governance/MAKER_TOOLS_GOVERNANCE.md	archive-only	Archived documentation surface.	low	/Users/ronnyworks/code/agentic-spine-archive/docs/archive/governance/MAKER_TOOLS_GOVERNANCE.md	archived_doc
docs/archive/governance/MEDIA_DOMAIN_GOVERNANCE.md	archive-only	Archived documentation surface.	low	/Users/ronnyworks/code/agentic-spine-archive/docs/archive/governance/MEDIA_DOMAIN_GOVERNANCE.md	archived_doc
docs/archive/governance/MICROSOFT_BOUNDARY.md	archive-only	Archived documentation surface.	low	/Users/ronnyworks/code/agentic-spine-archive/docs/archive/governance/MICROSOFT_BOUNDARY.md	archived_doc
docs/archive/governance/MICROSOFT_INDEX.md	archive-only	Archived documentation surface.	low	/Users/ronnyworks/code/agentic-spine-archive/docs/archive/governance/MICROSOFT_INDEX.md	archived_doc
docs/archive/governance/MICROSOFT_RUNBOOK.md	archive-only	Archived documentation surface.	low	/Users/ronnyworks/code/agentic-spine-archive/docs/archive/governance/MICROSOFT_RUNBOOK.md	archived_doc
docs/archive/governance/MINT_AGENT_GOLDEN_LOOP.md	archive-only	Archived documentation surface.	low	/Users/ronnyworks/code/agentic-spine-archive/docs/archive/governance/MINT_AGENT_GOLDEN_LOOP.md	archived_doc
docs/archive/governance/MINT_PRODUCT_GOVERNANCE.md	archive-only	Archived documentation surface.	low	/Users/ronnyworks/code/agentic-spine-archive/docs/archive/governance/MINT_PRODUCT_GOVERNANCE.md	archived_doc
docs/archive/governance/MINT_RANK5PLUS_EXECUTION_RUNBOOK.md	archive-only	Archived documentation surface.	low	/Users/ronnyworks/code/agentic-spine-archive/docs/archive/governance/MINT_RANK5PLUS_EXECUTION_RUNBOOK.md	archived_doc
docs/archive/governance/N8N_RECOVERY_RUNBOOK.md	archive-only	Archived documentation surface.	low	/Users/ronnyworks/code/agentic-spine-archive/docs/archive/governance/N8N_RECOVERY_RUNBOOK.md	archived_doc
docs/archive/governance/NETWORK_POLICIES.md	archive-only	Archived documentation surface.	low	/Users/ronnyworks/code/agentic-spine-archive/docs/archive/governance/NETWORK_POLICIES.md	archived_doc
docs/archive/governance/NETWORK_RUNBOOK.md	archive-only	Archived documentation surface.	low	/Users/ronnyworks/code/agentic-spine-archive/docs/archive/governance/NETWORK_RUNBOOK.md	archived_doc
docs/archive/governance/OBSERVABILITY_DOMAIN_GOVERNANCE.md	archive-only	Archived documentation surface.	low	/Users/ronnyworks/code/agentic-spine-archive/docs/archive/governance/OBSERVABILITY_DOMAIN_GOVERNANCE.md	archived_doc
docs/archive/governance/ONBOARDING_PLAYBOOK.md	archive-only	Archived documentation surface.	low	/Users/ronnyworks/code/agentic-spine-archive/docs/archive/governance/ONBOARDING_PLAYBOOK.md	archived_doc
docs/archive/governance/OPENCODE_GOVERNED_ENTRY.md	archive-only	Archived documentation surface.	low	/Users/ronnyworks/code/agentic-spine-archive/docs/archive/governance/OPENCODE_GOVERNED_ENTRY.md	archived_doc
docs/archive/governance/OPS_PATCH_HISTORY.md	archive-only	Archived documentation surface.	low	/Users/ronnyworks/code/agentic-spine-archive/docs/archive/governance/OPS_PATCH_HISTORY.md	archived_doc
docs/archive/governance/ORCHESTRATION_CAPABILITY.md	archive-only	Archived documentation surface.	low	/Users/ronnyworks/code/agentic-spine-archive/docs/archive/governance/ORCHESTRATION_CAPABILITY.md	archived_doc
docs/archive/governance/OUTPUT_CONTRACTS.md	archive-only	Archived documentation surface.	low	/Users/ronnyworks/code/agentic-spine-archive/docs/archive/governance/OUTPUT_CONTRACTS.md	archived_doc
docs/archive/governance/P1_GOVERNANCE_PARITY_RECONCILIATION_20260217.md	archive-only	Archived documentation surface.	low	/Users/ronnyworks/code/agentic-spine-archive/docs/archive/governance/P1_GOVERNANCE_PARITY_RECONCILIATION_20260217.md	archived_doc
docs/archive/governance/PATCH_CADENCE.md	archive-only	Archived documentation surface.	low	/Users/ronnyworks/code/agentic-spine-archive/docs/archive/governance/PATCH_CADENCE.md	archived_doc
docs/archive/governance/PHASE4_OBSERVABILITY_RUNBOOK.md	archive-only	Archived documentation surface.	low	/Users/ronnyworks/code/agentic-spine-archive/docs/archive/governance/PHASE4_OBSERVABILITY_RUNBOOK.md	archived_doc
docs/archive/governance/PLAN_LIFECYCLE.md	archive-only	Archived documentation surface.	low	/Users/ronnyworks/code/agentic-spine-archive/docs/archive/governance/PLAN_LIFECYCLE.md	archived_doc
docs/archive/governance/PORTABILITY_ASSUMPTIONS.md	archive-only	Archived documentation surface.	low	/Users/ronnyworks/code/agentic-spine-archive/docs/archive/governance/PORTABILITY_ASSUMPTIONS.md	archived_doc
docs/archive/governance/POST_GAP_OPERATING_MODEL.md	archive-only	Archived documentation surface.	low	/Users/ronnyworks/code/agentic-spine-archive/docs/archive/governance/POST_GAP_OPERATING_MODEL.md	archived_doc
docs/archive/governance/PROPOSAL_FLOW_QUICKSTART.md	archive-only	Archived documentation surface.	low	/Users/ronnyworks/code/agentic-spine-archive/docs/archive/governance/PROPOSAL_FLOW_QUICKSTART.md	archived_doc
docs/archive/governance/PROPOSAL_LIFECYCLE_REFERENCE.md	archive-only	Archived documentation surface.	low	/Users/ronnyworks/code/agentic-spine-archive/docs/archive/governance/PROPOSAL_LIFECYCLE_REFERENCE.md	archived_doc
docs/archive/governance/RAG_INDEXING_RULES.md	archive-only	Archived documentation surface.	low	/Users/ronnyworks/code/agentic-spine-archive/docs/archive/governance/RAG_INDEXING_RULES.md	archived_doc
docs/archive/governance/RAG_PASSIVE_PIPELINE_PROTOCOL.md	archive-only	Archived documentation surface.	low	/Users/ronnyworks/code/agentic-spine-archive/docs/archive/governance/RAG_PASSIVE_PIPELINE_PROTOCOL.md	archived_doc
docs/archive/governance/RAG_QUERY_PATTERNS.md	archive-only	Archived documentation surface.	low	/Users/ronnyworks/code/agentic-spine-archive/docs/archive/governance/RAG_QUERY_PATTERNS.md	archived_doc
docs/archive/governance/RAG_REINDEX_RUNBOOK.md	archive-only	Archived documentation surface.	low	/Users/ronnyworks/code/agentic-spine-archive/docs/archive/governance/RAG_REINDEX_RUNBOOK.md	archived_doc
docs/archive/governance/REBOOT_HEALTH_GATE.md	archive-only	Archived documentation surface.	low	/Users/ronnyworks/code/agentic-spine-archive/docs/archive/governance/REBOOT_HEALTH_GATE.md	archived_doc
docs/archive/governance/RECEIPTS_ARCHIVAL_POLICY_V1.md	archive-only	Archived documentation surface.	low	/Users/ronnyworks/code/agentic-spine-archive/docs/archive/governance/RECEIPTS_ARCHIVAL_POLICY_V1.md	archived_doc
docs/archive/governance/RELEASE_PROTOCOL.md	archive-only	Archived documentation surface.	low	/Users/ronnyworks/code/agentic-spine-archive/docs/archive/governance/RELEASE_PROTOCOL.md	archived_doc
docs/archive/governance/REPO_STRUCTURE_AUTHORITY.md	archive-only	Archived documentation surface.	low	/Users/ronnyworks/code/agentic-spine-archive/docs/archive/governance/REPO_STRUCTURE_AUTHORITY.md	archived_doc
docs/archive/governance/RTO_RPO.md	archive-only	Archived documentation surface.	low	/Users/ronnyworks/code/agentic-spine-archive/docs/archive/governance/RTO_RPO.md	archived_doc
docs/archive/governance/RUNWAY_TOOLING_PRODUCT_OPERATING_CONTRACT_V1.md	archive-only	Archived documentation surface.	low	/Users/ronnyworks/code/agentic-spine-archive/docs/archive/governance/RUNWAY_TOOLING_PRODUCT_OPERATING_CONTRACT_V1.md	archived_doc
docs/archive/governance/SCRIPTS_AUTHORITY.md	archive-only	Archived documentation surface.	low	/Users/ronnyworks/code/agentic-spine-archive/docs/archive/governance/SCRIPTS_AUTHORITY.md	archived_doc
docs/archive/governance/SCRIPTS_REGISTRY.md	archive-only	Archived documentation surface.	low	/Users/ronnyworks/code/agentic-spine-archive/docs/archive/governance/SCRIPTS_REGISTRY.md	archived_doc
docs/archive/governance/SEARCH_EXCLUSIONS.md	archive-only	Archived documentation surface.	low	/Users/ronnyworks/code/agentic-spine-archive/docs/archive/governance/SEARCH_EXCLUSIONS.md	archived_doc
docs/archive/governance/SECRETS_POLICY.md	archive-only	Archived documentation surface.	low	/Users/ronnyworks/code/agentic-spine-archive/docs/archive/governance/SECRETS_POLICY.md	archived_doc
docs/archive/governance/SECURITY_POLICIES.md	archive-only	Archived documentation surface.	low	/Users/ronnyworks/code/agentic-spine-archive/docs/archive/governance/SECURITY_POLICIES.md	archived_doc
docs/archive/governance/SHOP_NETWORK_AUDIT_RUNBOOK.md	archive-only	Archived documentation surface.	low	/Users/ronnyworks/code/agentic-spine-archive/docs/archive/governance/SHOP_NETWORK_AUDIT_RUNBOOK.md	archived_doc
docs/archive/governance/SHOP_NETWORK_DEVICE_ONBOARDING.md	archive-only	Archived documentation surface.	low	/Users/ronnyworks/code/agentic-spine-archive/docs/archive/governance/SHOP_NETWORK_DEVICE_ONBOARDING.md	archived_doc
docs/archive/governance/SHOP_NETWORK_NORMALIZATION.md	archive-only	Archived documentation surface.	low	/Users/ronnyworks/code/agentic-spine-archive/docs/archive/governance/SHOP_NETWORK_NORMALIZATION.md	archived_doc
docs/archive/governance/SHOP_SERVER_SSOT.md	archive-only	Archived documentation surface.	low	/Users/ronnyworks/code/agentic-spine-archive/docs/archive/governance/SHOP_SERVER_SSOT.md	archived_doc
docs/archive/governance/SHOP_VM_ARCHITECTURE.md	archive-only	Archived documentation surface.	low	/Users/ronnyworks/code/agentic-spine-archive/docs/archive/governance/SHOP_VM_ARCHITECTURE.md	archived_doc
docs/archive/governance/SPINE_BASELINE_FREEZE_V1.md	archive-only	Archived documentation surface.	low	/Users/ronnyworks/code/agentic-spine-archive/docs/archive/governance/SPINE_BASELINE_FREEZE_V1.md	archived_doc
docs/archive/governance/SPINE_BASELINE_LOCK_V1.md	archive-only	Archived documentation surface.	low	/Users/ronnyworks/code/agentic-spine-archive/docs/archive/governance/SPINE_BASELINE_LOCK_V1.md	archived_doc
docs/archive/governance/SPINE_CONTROL_LOOP.md	archive-only	Archived documentation surface.	low	/Users/ronnyworks/code/agentic-spine-archive/docs/archive/governance/SPINE_CONTROL_LOOP.md	archived_doc
docs/archive/governance/SPINE_EXECUTION_GRAPH.md	archive-only	Archived documentation surface.	low	/Users/ronnyworks/code/agentic-spine-archive/docs/archive/governance/SPINE_EXECUTION_GRAPH.md	archived_doc
docs/archive/governance/SPINE_GOVERNANCE_NORMALIZATION_SEQUENCE.md	archive-only	Archived documentation surface.	low	/Users/ronnyworks/code/agentic-spine-archive/docs/archive/governance/SPINE_GOVERNANCE_NORMALIZATION_SEQUENCE.md	archived_doc
docs/archive/governance/SPINE_INDEX.md	archive-only	Archived documentation surface.	low	/Users/ronnyworks/code/agentic-spine-archive/docs/archive/governance/SPINE_INDEX.md	archived_doc
docs/archive/governance/SPINE_SCHEMA_CONVENTIONS.md	archive-only	Archived documentation surface.	low	/Users/ronnyworks/code/agentic-spine-archive/docs/archive/governance/SPINE_SCHEMA_CONVENTIONS.md	archived_doc
docs/archive/governance/SPINE_TIMELINE_RUNBOOK.md	archive-only	Archived documentation surface.	low	/Users/ronnyworks/code/agentic-spine-archive/docs/archive/governance/SPINE_TIMELINE_RUNBOOK.md	archived_doc
docs/archive/governance/SSOT_REGISTRY.yaml	archive-only	Archived documentation surface.	low	/Users/ronnyworks/code/agentic-spine-archive/docs/archive/governance/SSOT_REGISTRY.yaml	archived_doc
docs/archive/governance/SSOT_UPDATE_TEMPLATE.md	archive-only	Archived documentation surface.	low	/Users/ronnyworks/code/agentic-spine-archive/docs/archive/governance/SSOT_UPDATE_TEMPLATE.md	archived_doc
docs/archive/governance/STACK_AUTHORITY.md	archive-only	Archived documentation surface.	low	/Users/ronnyworks/code/agentic-spine-archive/docs/archive/governance/STACK_AUTHORITY.md	archived_doc
docs/archive/governance/STALWART_BACKUP_RESTORE.md	archive-only	Archived documentation surface.	low	/Users/ronnyworks/code/agentic-spine-archive/docs/archive/governance/STALWART_BACKUP_RESTORE.md	archived_doc
docs/archive/governance/TAILSCALE_SSH_LIFECYCLE_OPERATIONS_RUNBOOK.md	archive-only	Archived documentation surface.	low	/Users/ronnyworks/code/agentic-spine-archive/docs/archive/governance/TAILSCALE_SSH_LIFECYCLE_OPERATIONS_RUNBOOK.md	archived_doc
docs/archive/governance/TAX_LEGAL_AGENT_BOUNDARY.md	archive-only	Archived documentation surface.	low	/Users/ronnyworks/code/agentic-spine-archive/docs/archive/governance/TAX_LEGAL_AGENT_BOUNDARY.md	archived_doc
docs/archive/governance/TERMINAL_C_DAILY_RUNBOOK.md	archive-only	Archived documentation surface.	low	/Users/ronnyworks/code/agentic-spine-archive/docs/archive/governance/TERMINAL_C_DAILY_RUNBOOK.md	archived_doc
docs/archive/governance/TERMINAL_WORKER_RUNTIME_CONTRACT_V2.md	archive-only	Archived documentation surface.	low	/Users/ronnyworks/code/agentic-spine-archive/docs/archive/governance/TERMINAL_WORKER_RUNTIME_CONTRACT_V2.md	archived_doc
docs/archive/governance/VAULTWARDEN_BACKUP_RESTORE.md	archive-only	Archived documentation surface.	low	/Users/ronnyworks/code/agentic-spine-archive/docs/archive/governance/VAULTWARDEN_BACKUP_RESTORE.md	archived_doc
docs/archive/governance/VAULTWARDEN_CANONICAL_HYGIENE.md	archive-only	Archived documentation surface.	low	/Users/ronnyworks/code/agentic-spine-archive/docs/archive/governance/VAULTWARDEN_CANONICAL_HYGIENE.md	archived_doc
docs/archive/governance/VAULTWARDEN_INFISICAL_CONTRACT.md	archive-only	Archived documentation surface.	low	/Users/ronnyworks/code/agentic-spine-archive/docs/archive/governance/VAULTWARDEN_INFISICAL_CONTRACT.md	archived_doc
docs/archive/governance/VERIFY_SURFACE_INDEX.md	archive-only	Archived documentation surface.	low	/Users/ronnyworks/code/agentic-spine-archive/docs/archive/governance/VERIFY_SURFACE_INDEX.md	archived_doc
docs/archive/governance/WAVE_ORCHESTRATION_V1_RUNBOOK.md	archive-only	Archived documentation surface.	low	/Users/ronnyworks/code/agentic-spine-archive/docs/archive/governance/WAVE_ORCHESTRATION_V1_RUNBOOK.md	archived_doc
docs/archive/governance/WORKBENCH_D164_SCOPE_EXPANSION_PLAN.md	archive-only	Archived documentation surface.	low	/Users/ronnyworks/code/agentic-spine-archive/docs/archive/governance/WORKBENCH_D164_SCOPE_EXPANSION_PLAN.md	archived_doc
docs/archive/governance/WORKBENCH_SHARE_PROTOCOL.md	archive-only	Archived documentation surface.	low	/Users/ronnyworks/code/agentic-spine-archive/docs/archive/governance/WORKBENCH_SHARE_PROTOCOL.md	archived_doc
docs/archive/governance/WORKBENCH_TOOLING_INDEX.md	archive-only	Archived documentation surface.	low	/Users/ronnyworks/code/agentic-spine-archive/docs/archive/governance/WORKBENCH_TOOLING_INDEX.md	archived_doc
docs/archive/governance/WORKER_LANE_TEMPLATE_PACK.md	archive-only	Archived documentation surface.	low	/Users/ronnyworks/code/agentic-spine-archive/docs/archive/governance/WORKER_LANE_TEMPLATE_PACK.md	archived_doc
docs/archive/governance/_audits/WAVE-COORDINATOR-MAINLINE-ENFORCEMENT-AND-CLOSEOUT-AUTONOMY-20260305.md	archive-only	Archived documentation surface.	low	/Users/ronnyworks/code/agentic-spine-archive/docs/archive/governance/_audits/WAVE-COORDINATOR-MAINLINE-ENFORCEMENT-AND-CLOSEOUT-AUTONOMY-20260305.md	archived_doc
docs/archive/governance/_audits/mail-archiver-lastsync-checkpoint-2026-03-05.yaml	archive-only	Archived documentation surface.	low	/Users/ronnyworks/code/agentic-spine-archive/docs/archive/governance/_audits/mail-archiver-lastsync-checkpoint-2026-03-05.yaml	archived_doc
docs/archive/governance/_audits/media-container-path-trace-2026-02-25.md	archive-only	Archived documentation surface.	low	/Users/ronnyworks/code/agentic-spine-archive/docs/archive/governance/_audits/media-container-path-trace-2026-02-25.md	archived_doc
docs/archive/governance/_audits/slo-evidence-2026-02-23.md	archive-only	Archived documentation surface.	low	/Users/ronnyworks/code/agentic-spine-archive/docs/archive/governance/_audits/slo-evidence-2026-02-23.md	archived_doc
docs/archive/governance/_audits/slo-evidence-2026-02-24.md	archive-only	Archived documentation surface.	low	/Users/ronnyworks/code/agentic-spine-archive/docs/archive/governance/_audits/slo-evidence-2026-02-24.md	archived_doc
docs/archive/governance/_audits/vaultwarden-recovery-promotion-2026-02-25.md	archive-only	Archived documentation surface.	low	/Users/ronnyworks/code/agentic-spine-archive/docs/archive/governance/_audits/vaultwarden-recovery-promotion-2026-02-25.md	archived_doc
docs/archive/governance/_index.yaml	archive-only	Archived documentation surface.	low	/Users/ronnyworks/code/agentic-spine-archive/docs/archive/governance/_index.yaml	archived_doc
docs/archive/governance/_receipts_meta/receipts.canon	archive-only	Archived documentation surface.	low	/Users/ronnyworks/code/agentic-spine-archive/docs/archive/governance/_receipts_meta/receipts.canon	archived_doc
docs/archive/governance/domains/CAPABILITIES_INDEX.md	archive-only	Archived documentation surface.	low	/Users/ronnyworks/code/agentic-spine-archive/docs/archive/governance/domains/CAPABILITIES_INDEX.md	archived_doc
docs/archive/governance/domains/FABRIC_BOUNDARY_CONTRACT.md	archive-only	Archived documentation surface.	low	/Users/ronnyworks/code/agentic-spine-archive/docs/archive/governance/domains/FABRIC_BOUNDARY_CONTRACT.md	archived_doc
docs/archive/governance/domains/README.md	archive-only	Archived documentation surface.	low	/Users/ronnyworks/code/agentic-spine-archive/docs/archive/governance/domains/README.md	archived_doc
docs/archive/governance/domains/backup/BACKUP_CALENDAR.md	archive-only	Archived documentation surface.	low	/Users/ronnyworks/code/agentic-spine-archive/docs/archive/governance/domains/backup/BACKUP_CALENDAR.md	archived_doc
docs/archive/governance/domains/backup/BACKUP_GOVERNANCE.md	archive-only	Archived documentation surface.	low	/Users/ronnyworks/code/agentic-spine-archive/docs/archive/governance/domains/backup/BACKUP_GOVERNANCE.md	archived_doc
docs/archive/governance/domains/backup/CAPABILITIES.md	archive-only	Archived documentation surface.	low	/Users/ronnyworks/code/agentic-spine-archive/docs/archive/governance/domains/backup/CAPABILITIES.md	archived_doc
docs/archive/governance/domains/communications/CAPABILITIES.md	archive-only	Archived documentation surface.	low	/Users/ronnyworks/code/agentic-spine-archive/docs/archive/governance/domains/communications/CAPABILITIES.md	archived_doc
docs/archive/governance/domains/communications/INBOX_SHIELD_ARCHITECTURE_V1.md	archive-only	Archived documentation surface.	low	/Users/ronnyworks/code/agentic-spine-archive/docs/archive/governance/domains/communications/INBOX_SHIELD_ARCHITECTURE_V1.md	archived_doc
docs/archive/governance/domains/communications/MAIL_ARCHIVER_ALIAS_OVERLAP_BASELINE_20260226.md	archive-only	Archived documentation surface.	low	/Users/ronnyworks/code/agentic-spine-archive/docs/archive/governance/domains/communications/MAIL_ARCHIVER_ALIAS_OVERLAP_BASELINE_20260226.md	archived_doc
docs/archive/governance/domains/communications/MAIL_ARCHIVER_OVERLAP_CLEANUP_PLAYBOOK.md	archive-only	Archived documentation surface.	low	/Users/ronnyworks/code/agentic-spine-archive/docs/archive/governance/domains/communications/MAIL_ARCHIVER_OVERLAP_CLEANUP_PLAYBOOK.md	archived_doc
docs/archive/governance/domains/communications/MODEL_APPROACH_ANALYSIS.md	archive-only	Archived documentation surface.	low	/Users/ronnyworks/code/agentic-spine-archive/docs/archive/governance/domains/communications/MODEL_APPROACH_ANALYSIS.md	archived_doc
docs/archive/governance/domains/communications/RUNBOOK.md	archive-only	Archived documentation surface.	low	/Users/ronnyworks/code/agentic-spine-archive/docs/archive/governance/domains/communications/RUNBOOK.md	archived_doc
docs/archive/governance/domains/communications/TWILIO_CARRIER_RESEARCH.md	archive-only	Archived documentation surface.	low	/Users/ronnyworks/code/agentic-spine-archive/docs/archive/governance/domains/communications/TWILIO_CARRIER_RESEARCH.md	archived_doc
docs/archive/governance/domains/finance/CAPABILITIES.md	archive-only	Archived documentation surface.	low	/Users/ronnyworks/code/agentic-spine-archive/docs/archive/governance/domains/finance/CAPABILITIES.md	archived_doc
docs/archive/governance/domains/finance/FINANCE_LEGACY_EXTRACTION_MATRIX.md	archive-only	Archived documentation surface.	low	/Users/ronnyworks/code/agentic-spine-archive/docs/archive/governance/domains/finance/FINANCE_LEGACY_EXTRACTION_MATRIX.md	archived_doc
docs/archive/governance/domains/finance/FINANCE_PILLAR_ARCHITECTURE.md	archive-only	Archived documentation surface.	low	/Users/ronnyworks/code/agentic-spine-archive/docs/archive/governance/domains/finance/FINANCE_PILLAR_ARCHITECTURE.md	archived_doc
docs/archive/governance/domains/finance/FINANCE_PILLAR_EXTRACTION_STATUS.md	archive-only	Archived documentation surface.	low	/Users/ronnyworks/code/agentic-spine-archive/docs/archive/governance/domains/finance/FINANCE_PILLAR_EXTRACTION_STATUS.md	archived_doc
docs/archive/governance/domains/finance/FINANCE_PILLAR_README.md	archive-only	Archived documentation surface.	low	/Users/ronnyworks/code/agentic-spine-archive/docs/archive/governance/domains/finance/FINANCE_PILLAR_README.md	archived_doc
docs/archive/governance/domains/firefly/CAPABILITIES.md	archive-only	Archived documentation surface.	low	/Users/ronnyworks/code/agentic-spine-archive/docs/archive/governance/domains/firefly/CAPABILITIES.md	archived_doc
docs/archive/governance/domains/home/CAPABILITIES.md	archive-only	Archived documentation surface.	low	/Users/ronnyworks/code/agentic-spine-archive/docs/archive/governance/domains/home/CAPABILITIES.md	archived_doc
docs/archive/governance/domains/home/HOME_BACKUP_STRATEGY.md	archive-only	Archived documentation surface.	low	/Users/ronnyworks/code/agentic-spine-archive/docs/archive/governance/domains/home/HOME_BACKUP_STRATEGY.md	archived_doc
docs/archive/governance/domains/home/HOME_NETWORK_AUDIT_RUNBOOK.md	archive-only	Archived documentation surface.	low	/Users/ronnyworks/code/agentic-spine-archive/docs/archive/governance/domains/home/HOME_NETWORK_AUDIT_RUNBOOK.md	archived_doc
docs/archive/governance/domains/home/HOME_NETWORK_DEVICE_ONBOARDING.md	archive-only	Archived documentation surface.	low	/Users/ronnyworks/code/agentic-spine-archive/docs/archive/governance/domains/home/HOME_NETWORK_DEVICE_ONBOARDING.md	archived_doc
docs/archive/governance/domains/home-assistant/CAPABILITIES.md	archive-only	Archived documentation surface.	low	/Users/ronnyworks/code/agentic-spine-archive/docs/archive/governance/domains/home-assistant/CAPABILITIES.md	archived_doc
docs/archive/governance/domains/home-assistant/HASS_AGENT_GOTCHAS.md	archive-only	Archived documentation surface.	low	/Users/ronnyworks/code/agentic-spine-archive/docs/archive/governance/domains/home-assistant/HASS_AGENT_GOTCHAS.md	archived_doc
docs/archive/governance/domains/home-assistant/HASS_INDEX.md	archive-only	Archived documentation surface.	low	/Users/ronnyworks/code/agentic-spine-archive/docs/archive/governance/domains/home-assistant/HASS_INDEX.md	archived_doc
docs/archive/governance/domains/home-assistant/HASS_LEGACY_EXTRACTION_MATRIX.md	archive-only	Archived documentation surface.	low	/Users/ronnyworks/code/agentic-spine-archive/docs/archive/governance/domains/home-assistant/HASS_LEGACY_EXTRACTION_MATRIX.md	archived_doc
docs/archive/governance/domains/home-assistant/HASS_MCP_INTEGRATION.md	archive-only	Archived documentation surface.	low	/Users/ronnyworks/code/agentic-spine-archive/docs/archive/governance/domains/home-assistant/HASS_MCP_INTEGRATION.md	archived_doc
docs/archive/governance/domains/home-assistant/HASS_OPERATIONAL_RUNBOOK.md	archive-only	Archived documentation surface.	low	/Users/ronnyworks/code/agentic-spine-archive/docs/archive/governance/domains/home-assistant/HASS_OPERATIONAL_RUNBOOK.md	archived_doc
docs/archive/governance/domains/home-assistant/HASS_SSOT_BASELINE.md	archive-only	Archived documentation surface.	low	/Users/ronnyworks/code/agentic-spine-archive/docs/archive/governance/domains/home-assistant/HASS_SSOT_BASELINE.md	archived_doc
docs/archive/governance/domains/immich/CAPABILITIES.md	archive-only	Archived documentation surface.	low	/Users/ronnyworks/code/agentic-spine-archive/docs/archive/governance/domains/immich/CAPABILITIES.md	archived_doc
docs/archive/governance/domains/immich/IMMICH_LEGACY_EXTRACTION_MATRIX.md	archive-only	Archived documentation surface.	low	/Users/ronnyworks/code/agentic-spine-archive/docs/archive/governance/domains/immich/IMMICH_LEGACY_EXTRACTION_MATRIX.md	archived_doc
docs/archive/governance/domains/immich/IMMICH_MAINTAINER_AGENT_PROPOSAL.md	archive-only	Archived documentation surface.	low	/Users/ronnyworks/code/agentic-spine-archive/docs/archive/governance/domains/immich/IMMICH_MAINTAINER_AGENT_PROPOSAL.md	archived_doc
docs/archive/governance/domains/immich/IMMICH_POST_INGEST_RECON_AGENT_PROPOSAL.md	archive-only	Archived documentation surface.	low	/Users/ronnyworks/code/agentic-spine-archive/docs/archive/governance/domains/immich/IMMICH_POST_INGEST_RECON_AGENT_PROPOSAL.md	archived_doc
docs/archive/governance/domains/media/CAPABILITIES.md	archive-only	Archived documentation surface.	low	/Users/ronnyworks/code/agentic-spine-archive/docs/archive/governance/domains/media/CAPABILITIES.md	archived_doc
docs/archive/governance/domains/microsoft/CAPABILITIES.md	archive-only	Archived documentation surface.	low	/Users/ronnyworks/code/agentic-spine-archive/docs/archive/governance/domains/microsoft/CAPABILITIES.md	archived_doc
docs/archive/governance/domains/microsoft/MICROSOFT_BOUNDARY.md	archive-only	Archived documentation surface.	low	/Users/ronnyworks/code/agentic-spine-archive/docs/archive/governance/domains/microsoft/MICROSOFT_BOUNDARY.md	archived_doc
docs/archive/governance/domains/microsoft/MICROSOFT_INDEX.md	archive-only	Archived documentation surface.	low	/Users/ronnyworks/code/agentic-spine-archive/docs/archive/governance/domains/microsoft/MICROSOFT_INDEX.md	archived_doc
docs/archive/governance/domains/microsoft/MICROSOFT_RUNBOOK.md	archive-only	Archived documentation surface.	low	/Users/ronnyworks/code/agentic-spine-archive/docs/archive/governance/domains/microsoft/MICROSOFT_RUNBOOK.md	archived_doc
docs/archive/governance/domains/mint/CAPABILITIES.md	archive-only	Archived documentation surface.	low	/Users/ronnyworks/code/agentic-spine-archive/docs/archive/governance/domains/mint/CAPABILITIES.md	archived_doc
docs/archive/governance/domains/n8n/CAPABILITIES.md	archive-only	Archived documentation surface.	low	/Users/ronnyworks/code/agentic-spine-archive/docs/archive/governance/domains/n8n/CAPABILITIES.md	archived_doc
docs/archive/governance/domains/n8n/N8N_RECOVERY_RUNBOOK.md	archive-only	Archived documentation surface.	low	/Users/ronnyworks/code/agentic-spine-archive/docs/archive/governance/domains/n8n/N8N_RECOVERY_RUNBOOK.md	archived_doc
docs/archive/governance/domains/network/CAPABILITIES.md	archive-only	Archived documentation surface.	low	/Users/ronnyworks/code/agentic-spine-archive/docs/archive/governance/domains/network/CAPABILITIES.md	archived_doc
docs/archive/governance/domains/network/NETWORK_POLICIES.md	archive-only	Archived documentation surface.	low	/Users/ronnyworks/code/agentic-spine-archive/docs/archive/governance/domains/network/NETWORK_POLICIES.md	archived_doc
docs/archive/governance/domains/network/NETWORK_RUNBOOK.md	archive-only	Archived documentation surface.	low	/Users/ronnyworks/code/agentic-spine-archive/docs/archive/governance/domains/network/NETWORK_RUNBOOK.md	archived_doc
docs/archive/governance/domains/observability/CAPABILITIES.md	archive-only	Archived documentation surface.	low	/Users/ronnyworks/code/agentic-spine-archive/docs/archive/governance/domains/observability/CAPABILITIES.md	archived_doc
docs/archive/governance/domains/paperless/CAPABILITIES.md	archive-only	Archived documentation surface.	low	/Users/ronnyworks/code/agentic-spine-archive/docs/archive/governance/domains/paperless/CAPABILITIES.md	archived_doc
docs/archive/governance/domains/recovery/CAPABILITIES.md	archive-only	Archived documentation surface.	low	/Users/ronnyworks/code/agentic-spine-archive/docs/archive/governance/domains/recovery/CAPABILITIES.md	archived_doc
docs/archive/governance/domains/recovery/DR_RUNBOOK.md	archive-only	Archived documentation surface.	low	/Users/ronnyworks/code/agentic-spine-archive/docs/archive/governance/domains/recovery/DR_RUNBOOK.md	archived_doc
docs/archive/governance/domains/recovery/RTO_RPO.md	archive-only	Archived documentation surface.	low	/Users/ronnyworks/code/agentic-spine-archive/docs/archive/governance/domains/recovery/RTO_RPO.md	archived_doc
docs/archive/governance/domains/shop/CAPABILITIES.md	archive-only	Archived documentation surface.	low	/Users/ronnyworks/code/agentic-spine-archive/docs/archive/governance/domains/shop/CAPABILITIES.md	archived_doc
docs/archive/governance/domains/shop/SHOP_NETWORK_AUDIT_RUNBOOK.md	archive-only	Archived documentation surface.	low	/Users/ronnyworks/code/agentic-spine-archive/docs/archive/governance/domains/shop/SHOP_NETWORK_AUDIT_RUNBOOK.md	archived_doc
docs/archive/governance/domains/shop/SHOP_NETWORK_DEVICE_ONBOARDING.md	archive-only	Archived documentation surface.	low	/Users/ronnyworks/code/agentic-spine-archive/docs/archive/governance/domains/shop/SHOP_NETWORK_DEVICE_ONBOARDING.md	archived_doc
docs/archive/governance/domains/shop/SHOP_NETWORK_NORMALIZATION.md	archive-only	Archived documentation surface.	low	/Users/ronnyworks/code/agentic-spine-archive/docs/archive/governance/domains/shop/SHOP_NETWORK_NORMALIZATION.md	archived_doc
docs/archive/governance/domains/shop/SHOP_SERVER_SSOT.md	archive-only	Archived documentation surface.	low	/Users/ronnyworks/code/agentic-spine-archive/docs/archive/governance/domains/shop/SHOP_SERVER_SSOT.md	archived_doc
docs/archive/governance/domains/shop/SHOP_VM_ARCHITECTURE.md	archive-only	Archived documentation surface.	low	/Users/ronnyworks/code/agentic-spine-archive/docs/archive/governance/domains/shop/SHOP_VM_ARCHITECTURE.md	archived_doc
docs/archive/governance/domains/tax-legal/ANONYMITY_PRIVACY_MODEL.md	archive-only	Archived documentation surface.	low	/Users/ronnyworks/code/agentic-spine-archive/docs/archive/governance/domains/tax-legal/ANONYMITY_PRIVACY_MODEL.md	archived_doc
docs/archive/governance/domains/tax-legal/BUSINESS_LIFECYCLE_PLAYBOOK.md	archive-only	Archived documentation surface.	low	/Users/ronnyworks/code/agentic-spine-archive/docs/archive/governance/domains/tax-legal/BUSINESS_LIFECYCLE_PLAYBOOK.md	archived_doc
docs/archive/governance/domains/tax-legal/CAPABILITIES.md	archive-only	Archived documentation surface.	low	/Users/ronnyworks/code/agentic-spine-archive/docs/archive/governance/domains/tax-legal/CAPABILITIES.md	archived_doc
docs/archive/governance/domains/tax-legal/CASE_TEMPLATES.md	archive-only	Archived documentation surface.	low	/Users/ronnyworks/code/agentic-spine-archive/docs/archive/governance/domains/tax-legal/CASE_TEMPLATES.md	archived_doc
docs/archive/governance/domains/tax-legal/RUNBOOK.md	archive-only	Archived documentation surface.	low	/Users/ronnyworks/code/agentic-spine-archive/docs/archive/governance/domains/tax-legal/RUNBOOK.md	archived_doc
docs/archive/governance/generated/W43_INVENTORY_INTAKE_UNION_LOCK_20260223.md	archive-only	Archived documentation surface.	low	/Users/ronnyworks/code/agentic-spine-archive/docs/archive/governance/generated/W43_INVENTORY_INTAKE_UNION_LOCK_20260223.md	archived_doc
docs/archive/governance/generated/telemetry/WEEKLY_EXECUTION_DASHBOARD.md	archive-only	Archived documentation surface.	low	/Users/ronnyworks/code/agentic-spine-archive/docs/archive/governance/generated/telemetry/WEEKLY_EXECUTION_DASHBOARD.md	archived_doc
docs/archive/governance/loops/LOOP-SURVEILLANCE-PLATFORM-LAUNCH-20260302.md	archive-only	Archived documentation surface.	low	/Users/ronnyworks/code/agentic-spine-archive/docs/archive/governance/loops/LOOP-SURVEILLANCE-PLATFORM-LAUNCH-20260302.md	archived_doc
docs/archive/governance/schemas/agents.registry.v2-fields.schema.yaml	archive-only	Archived documentation surface.	low	/Users/ronnyworks/code/agentic-spine-archive/docs/archive/governance/schemas/agents.registry.v2-fields.schema.yaml	archived_doc
docs/archive/governance/schemas/routing.dispatch.schema.yaml	archive-only	Archived documentation surface.	low	/Users/ronnyworks/code/agentic-spine-archive/docs/archive/governance/schemas/routing.dispatch.schema.yaml	archived_doc
docs/archive/governance/schemas/terminal.launcher.view.schema.yaml	archive-only	Archived documentation surface.	low	/Users/ronnyworks/code/agentic-spine-archive/docs/archive/governance/schemas/terminal.launcher.view.schema.yaml	archived_doc
docs/archive/governance/schemas/terminal.worker.catalog.schema.yaml	archive-only	Archived documentation surface.	low	/Users/ronnyworks/code/agentic-spine-archive/docs/archive/governance/schemas/terminal.worker.catalog.schema.yaml	archived_doc
docs/archive/governance/schemas/worker-usage.doc.schema.md	archive-only	Archived documentation surface.	low	/Users/ronnyworks/code/agentic-spine-archive/docs/archive/governance/schemas/worker-usage.doc.schema.md	archived_doc
docs/audits/hardware-plane-audit-2026-02-27.md	evidence-only	Audit evidence, not canonical source.	low	/Users/ronnyworks/code/.evidence/agentic-spine/docs/audits/hardware-plane-audit-2026-02-27.md	audit_evidence
docs/brain/README.md	foundation-source	Operator ergonomics/reference surface outside boring core.	medium	/Users/ronnyworks/code/agentic-foundation/docs/brain/README.md	reference_surface
docs/brain/_imported/claude-commands/ask.md	foundation-source	Operator ergonomics/reference surface outside boring core.	medium	/Users/ronnyworks/code/agentic-foundation/docs/brain/_imported/claude-commands/ask.md	reference_surface
docs/brain/_imported/claude-commands/ctx.md	foundation-source	Operator ergonomics/reference surface outside boring core.	medium	/Users/ronnyworks/code/agentic-foundation/docs/brain/_imported/claude-commands/ctx.md	reference_surface
docs/brain/_imported/claude-commands/incidents.md	foundation-source	Operator ergonomics/reference surface outside boring core.	medium	/Users/ronnyworks/code/agentic-foundation/docs/brain/_imported/claude-commands/incidents.md	reference_surface
docs/brain/_imported/claude-commands/issue.md	foundation-source	Operator ergonomics/reference surface outside boring core.	medium	/Users/ronnyworks/code/agentic-foundation/docs/brain/_imported/claude-commands/issue.md	reference_surface
docs/brain/_imported/claude-commands/verify.md	foundation-source	Operator ergonomics/reference surface outside boring core.	medium	/Users/ronnyworks/code/agentic-foundation/docs/brain/_imported/claude-commands/verify.md	reference_surface
docs/brain/context.md	foundation-source	Operator ergonomics/reference surface outside boring core.	medium	/Users/ronnyworks/code/agentic-foundation/docs/brain/context.md	reference_surface
docs/brain/generate-context.sh	foundation-source	Operator ergonomics/reference surface outside boring core.	medium	/Users/ronnyworks/code/agentic-foundation/docs/brain/generate-context.sh	reference_surface
docs/brain/memory.md	foundation-source	Operator ergonomics/reference surface outside boring core.	medium	/Users/ronnyworks/code/agentic-foundation/docs/brain/memory.md	reference_surface
docs/brain/rules.md	foundation-source	Operator ergonomics/reference surface outside boring core.	medium	/Users/ronnyworks/code/agentic-foundation/docs/brain/rules.md	reference_surface
docs/contracts/BACKUP_730XD_CANONICAL_PATH_MAPPING.md	foundation-source	Reusable or domain-facing doc source outside boring core.	medium	/Users/ronnyworks/code/agentic-foundation/docs/contracts/BACKUP_730XD_CANONICAL_PATH_MAPPING.md	non_core_doc_surface
docs/core/AGENTIC_GAP_MAP.md	spine-source	Canonical documentation surface.	high	/Users/ronnyworks/code/agentic-spine/docs/core/AGENTIC_GAP_MAP.md	canonical_doc
docs/core/AGENT_CONTRACT.md	spine-source	Canonical documentation surface.	high	/Users/ronnyworks/code/agentic-spine/docs/core/AGENT_CONTRACT.md	canonical_doc
docs/core/AGENT_OUTPUT_CONTRACT.md	spine-source	Canonical documentation surface.	high	/Users/ronnyworks/code/agentic-spine/docs/core/AGENT_OUTPUT_CONTRACT.md	canonical_doc
docs/core/CANONICAL_DOCS.md	spine-source	Canonical documentation surface.	high	/Users/ronnyworks/code/agentic-spine/docs/core/CANONICAL_DOCS.md	canonical_doc
docs/core/CAPABILITIES_OVERVIEW.md	spine-source	Canonical documentation surface.	high	/Users/ronnyworks/code/agentic-spine/docs/core/CAPABILITIES_OVERVIEW.md	canonical_doc
docs/core/CLOUD_FLARE_BINDING.md	spine-source	Canonical documentation surface.	high	/Users/ronnyworks/code/agentic-spine/docs/core/CLOUD_FLARE_BINDING.md	canonical_doc
docs/core/CORE_LOCK.md	spine-source	Canonical documentation surface.	high	/Users/ronnyworks/code/agentic-spine/docs/core/CORE_LOCK.md	canonical_doc
docs/core/EXTRACTION_PROTOCOL.md	spine-source	Canonical documentation surface.	high	/Users/ronnyworks/code/agentic-spine/docs/core/EXTRACTION_PROTOCOL.md	canonical_doc
docs/core/GOVERNANCE_MINIMUM.md	spine-source	Canonical documentation surface.	high	/Users/ronnyworks/code/agentic-spine/docs/core/GOVERNANCE_MINIMUM.md	canonical_doc
docs/core/IDENTITY.md	spine-source	Canonical documentation surface.	high	/Users/ronnyworks/code/agentic-spine/docs/core/IDENTITY.md	canonical_doc
docs/core/INFISICAL_PROJECTS.md	spine-source	Canonical documentation surface.	high	/Users/ronnyworks/code/agentic-spine/docs/core/INFISICAL_PROJECTS.md	canonical_doc
docs/core/PLAN_SCHEMA.md	spine-source	Canonical documentation surface.	high	/Users/ronnyworks/code/agentic-spine/docs/core/PLAN_SCHEMA.md	canonical_doc
docs/core/PROJECT_GOVERNANCE_CONTRACT.md	spine-source	Canonical documentation surface.	high	/Users/ronnyworks/code/agentic-spine/docs/core/PROJECT_GOVERNANCE_CONTRACT.md	canonical_doc
docs/core/PROPOSAL_FORMAT.md	spine-source	Canonical documentation surface.	high	/Users/ronnyworks/code/agentic-spine/docs/core/PROPOSAL_FORMAT.md	canonical_doc
docs/core/RECEIPTS_CONTRACT.md	spine-source	Canonical documentation surface.	high	/Users/ronnyworks/code/agentic-spine/docs/core/RECEIPTS_CONTRACT.md	canonical_doc
docs/core/REPLAY_FIXTURES.md	spine-source	Canonical documentation surface.	high	/Users/ronnyworks/code/agentic-spine/docs/core/REPLAY_FIXTURES.md	canonical_doc
docs/core/SECRETS_BINDING.md	spine-source	Canonical documentation surface.	high	/Users/ronnyworks/code/agentic-spine/docs/core/SECRETS_BINDING.md	canonical_doc
docs/core/SPINE.md	needs-operator-decision	Duplicate SPINE authority surface.	high	TBD (operator decision)	duplicate_spine_contract
docs/core/SPINE_SESSION_HEADER.md	spine-source	Canonical documentation surface.	high	/Users/ronnyworks/code/agentic-spine/docs/core/SPINE_SESSION_HEADER.md	canonical_doc
docs/core/SPINE_STATE.md	spine-source	Canonical documentation surface.	high	/Users/ronnyworks/code/agentic-spine/docs/core/SPINE_STATE.md	canonical_doc
docs/core/STACK_ALIGNMENT.md	spine-source	Canonical documentation surface.	high	/Users/ronnyworks/code/agentic-spine/docs/core/STACK_ALIGNMENT.md	canonical_doc
docs/core/STACK_LIFECYCLE.md	spine-source	Canonical documentation surface.	high	/Users/ronnyworks/code/agentic-spine/docs/core/STACK_LIFECYCLE.md	canonical_doc
docs/core/SURVEILLANCE_PLATFORM_SSOT.md	spine-source	Canonical documentation surface.	high	/Users/ronnyworks/code/agentic-spine/docs/core/SURVEILLANCE_PLATFORM_SSOT.md	canonical_doc
docs/core/VERIFY_DECISION_TREE.md	spine-source	Canonical documentation surface.	high	/Users/ronnyworks/code/agentic-spine/docs/core/VERIFY_DECISION_TREE.md	canonical_doc
docs/core/VM_CREATION_CONTRACT.md	spine-source	Canonical documentation surface.	high	/Users/ronnyworks/code/agentic-spine/docs/core/VM_CREATION_CONTRACT.md	canonical_doc
docs/governance/AGENT_GOVERNANCE_BRIEF.md	spine-source	Canonical documentation surface.	high	/Users/ronnyworks/code/agentic-spine/docs/governance/AGENT_GOVERNANCE_BRIEF.md	canonical_doc
docs/governance/CUSTOMER_PORTAL_CANONICAL_PLAN_V1.md	spine-source	Canonical documentation surface.	high	/Users/ronnyworks/code/agentic-spine/docs/governance/CUSTOMER_PORTAL_CANONICAL_PLAN_V1.md	canonical_doc
docs/governance/DEVICE_IDENTITY_SSOT.md	spine-source	Canonical documentation surface.	high	/Users/ronnyworks/code/agentic-spine/docs/governance/DEVICE_IDENTITY_SSOT.md	canonical_doc
docs/governance/FINANCE_STACK_DOCTRINE_V1.md	spine-source	Canonical documentation surface.	high	/Users/ronnyworks/code/agentic-spine/docs/governance/FINANCE_STACK_DOCTRINE_V1.md	canonical_doc
docs/governance/FINANCE_STACK_OPERATOR_CHECKLIST.md	spine-source	Canonical documentation surface.	high	/Users/ronnyworks/code/agentic-spine/docs/governance/FINANCE_STACK_OPERATOR_CHECKLIST.md	canonical_doc
docs/governance/MINILAB_SSOT.md	spine-source	Canonical documentation surface.	high	/Users/ronnyworks/code/agentic-spine/docs/governance/MINILAB_SSOT.md	canonical_doc
docs/governance/PROXMOX_VM_OPERATOR_CHECKLIST.md	spine-source	Canonical documentation surface.	high	/Users/ronnyworks/code/agentic-spine/docs/governance/PROXMOX_VM_OPERATOR_CHECKLIST.md	canonical_doc
docs/governance/PROXMOX_VM_SAFETY_DOCTRINE_V1.md	spine-source	Canonical documentation surface.	high	/Users/ronnyworks/code/agentic-spine/docs/governance/PROXMOX_VM_SAFETY_DOCTRINE_V1.md	canonical_doc
docs/governance/SERVICE_REGISTRY.yaml	spine-source	Canonical documentation surface.	high	/Users/ronnyworks/code/agentic-spine/docs/governance/SERVICE_REGISTRY.yaml	canonical_doc
docs/governance/SESSION_PROTOCOL.md	spine-source	Canonical documentation surface.	high	/Users/ronnyworks/code/agentic-spine/docs/governance/SESSION_PROTOCOL.md	canonical_doc
docs/governance/SPINE.md	spine-source	Canonical documentation surface.	high	/Users/ronnyworks/code/agentic-spine/docs/governance/SPINE.md	canonical_doc
docs/governance/STACK_REGISTRY.yaml	spine-source	Canonical documentation surface.	high	/Users/ronnyworks/code/agentic-spine/docs/governance/STACK_REGISTRY.yaml	canonical_doc
docs/governance/SURVEILLANCE_ROLES.md	spine-source	Canonical documentation surface.	high	/Users/ronnyworks/code/agentic-spine/docs/governance/SURVEILLANCE_ROLES.md	canonical_doc
docs/governance/SYNOLOGY_918_STORAGE_MANIFEST_V1.md	spine-source	Canonical documentation surface.	high	/Users/ronnyworks/code/agentic-spine/docs/governance/SYNOLOGY_918_STORAGE_MANIFEST_V1.md	canonical_doc
docs/governance/domains/aof.md	spine-source	Canonical control-plane domain doc.	medium	/Users/ronnyworks/code/agentic-spine/docs/governance/domains/aof.md	control_plane_domain_doc
docs/governance/domains/backup.md	foundation-source	Domain-specific authority doc outside boring spine core.	medium	/Users/ronnyworks/code/agentic-foundation/docs/governance/domains/backup.md	domain_authority_doc
docs/governance/domains/communications.md	foundation-source	Domain-specific authority doc outside boring spine core.	medium	/Users/ronnyworks/code/agentic-foundation/docs/governance/domains/communications.md	domain_authority_doc
docs/governance/domains/core.md	spine-source	Canonical control-plane domain doc.	medium	/Users/ronnyworks/code/agentic-spine/docs/governance/domains/core.md	control_plane_domain_doc
docs/governance/domains/finance.md	foundation-source	Domain-specific authority doc outside boring spine core.	medium	/Users/ronnyworks/code/agentic-foundation/docs/governance/domains/finance.md	domain_authority_doc
docs/governance/domains/home.md	foundation-source	Domain-specific authority doc outside boring spine core.	medium	/Users/ronnyworks/code/agentic-foundation/docs/governance/domains/home.md	domain_authority_doc
docs/governance/domains/hygiene-weekly.md	foundation-source	Domain-specific authority doc outside boring spine core.	medium	/Users/ronnyworks/code/agentic-foundation/docs/governance/domains/hygiene-weekly.md	domain_authority_doc
docs/governance/domains/immich.md	foundation-source	Domain-specific authority doc outside boring spine core.	medium	/Users/ronnyworks/code/agentic-foundation/docs/governance/domains/immich.md	domain_authority_doc
docs/governance/domains/infra.md	foundation-source	Domain-specific authority doc outside boring spine core.	medium	/Users/ronnyworks/code/agentic-foundation/docs/governance/domains/infra.md	domain_authority_doc
docs/governance/domains/loop_gap.md	spine-source	Canonical control-plane domain doc.	medium	/Users/ronnyworks/code/agentic-spine/docs/governance/domains/loop_gap.md	control_plane_domain_doc
docs/governance/domains/media.md	foundation-source	Domain-specific authority doc outside boring spine core.	medium	/Users/ronnyworks/code/agentic-foundation/docs/governance/domains/media.md	domain_authority_doc
docs/governance/domains/microsoft.md	foundation-source	Domain-specific authority doc outside boring spine core.	medium	/Users/ronnyworks/code/agentic-foundation/docs/governance/domains/microsoft.md	domain_authority_doc
docs/governance/domains/mint.md	foundation-source	Domain-specific authority doc outside boring spine core.	medium	/Users/ronnyworks/code/agentic-foundation/docs/governance/domains/mint.md	domain_authority_doc
docs/governance/domains/n8n.md	foundation-source	Domain-specific authority doc outside boring spine core.	medium	/Users/ronnyworks/code/agentic-foundation/docs/governance/domains/n8n.md	domain_authority_doc
docs/governance/domains/observability.md	foundation-source	Domain-specific authority doc outside boring spine core.	medium	/Users/ronnyworks/code/agentic-foundation/docs/governance/domains/observability.md	domain_authority_doc
docs/governance/domains/proxmox-network.md	foundation-source	Domain-specific authority doc outside boring spine core.	medium	/Users/ronnyworks/code/agentic-foundation/docs/governance/domains/proxmox-network.md	domain_authority_doc
docs/governance/domains/rag.md	foundation-source	Domain-specific authority doc outside boring spine core.	medium	/Users/ronnyworks/code/agentic-foundation/docs/governance/domains/rag.md	domain_authority_doc
docs/governance/domains/secrets.md	foundation-source	Domain-specific authority doc outside boring spine core.	medium	/Users/ronnyworks/code/agentic-foundation/docs/governance/domains/secrets.md	domain_authority_doc
docs/governance/domains/surveillance.md	foundation-source	Domain-specific authority doc outside boring spine core.	medium	/Users/ronnyworks/code/agentic-foundation/docs/governance/domains/surveillance.md	domain_authority_doc
docs/governance/domains/tax-legal.md	foundation-source	Domain-specific authority doc outside boring spine core.	medium	/Users/ronnyworks/code/agentic-foundation/docs/governance/domains/tax-legal.md	domain_authority_doc
docs/governance/domains/workbench.md	foundation-source	Domain-specific authority doc outside boring spine core.	medium	/Users/ronnyworks/code/agentic-foundation/docs/governance/domains/workbench.md	domain_authority_doc
docs/governance/generated/BOOT_ENTRY_SURFACE.md	spine-source	Generated canonical projection still used by entry surfaces.	medium	/Users/ronnyworks/code/agentic-spine/docs/governance/generated/BOOT_ENTRY_SURFACE.md	generated_projection
docs/governance/generated/ENTRY_SURFACE_GATE_METADATA.md	spine-source	Generated canonical projection still used by entry surfaces.	medium	/Users/ronnyworks/code/agentic-spine/docs/governance/generated/ENTRY_SURFACE_GATE_METADATA.md	generated_projection
docs/governance/generated/worker-usage/DEPLOY-MINTOS-01.md	foundation-source	Generated worker playbook tied to operator/runtime roles.	medium	/Users/ronnyworks/code/agentic-foundation/docs/governance/generated/worker-usage/DEPLOY-MINTOS-01.md	worker_role_playbook
docs/governance/generated/worker-usage/DOMAIN-COMMS-01.md	foundation-source	Generated worker playbook tied to operator/runtime roles.	medium	/Users/ronnyworks/code/agentic-foundation/docs/governance/generated/worker-usage/DOMAIN-COMMS-01.md	worker_role_playbook
docs/governance/generated/worker-usage/DOMAIN-FINANCE-01.md	foundation-source	Generated worker playbook tied to operator/runtime roles.	medium	/Users/ronnyworks/code/agentic-foundation/docs/governance/generated/worker-usage/DOMAIN-FINANCE-01.md	worker_role_playbook
docs/governance/generated/worker-usage/DOMAIN-FIREFLY-01.md	foundation-source	Generated worker playbook tied to operator/runtime roles.	medium	/Users/ronnyworks/code/agentic-foundation/docs/governance/generated/worker-usage/DOMAIN-FIREFLY-01.md	worker_role_playbook
docs/governance/generated/worker-usage/DOMAIN-HA-01.md	foundation-source	Generated worker playbook tied to operator/runtime roles.	medium	/Users/ronnyworks/code/agentic-foundation/docs/governance/generated/worker-usage/DOMAIN-HA-01.md	worker_role_playbook
docs/governance/generated/worker-usage/DOMAIN-MEDIA-01.md	foundation-source	Generated worker playbook tied to operator/runtime roles.	medium	/Users/ronnyworks/code/agentic-foundation/docs/governance/generated/worker-usage/DOMAIN-MEDIA-01.md	worker_role_playbook
docs/governance/generated/worker-usage/DOMAIN-MICROSOFT-01.md	foundation-source	Generated worker playbook tied to operator/runtime roles.	medium	/Users/ronnyworks/code/agentic-foundation/docs/governance/generated/worker-usage/DOMAIN-MICROSOFT-01.md	worker_role_playbook
docs/governance/generated/worker-usage/DOMAIN-N8N-01.md	foundation-source	Generated worker playbook tied to operator/runtime roles.	medium	/Users/ronnyworks/code/agentic-foundation/docs/governance/generated/worker-usage/DOMAIN-N8N-01.md	worker_role_playbook
docs/governance/generated/worker-usage/DOMAIN-OBSERVABILITY-01.md	foundation-source	Generated worker playbook tied to operator/runtime roles.	medium	/Users/ronnyworks/code/agentic-foundation/docs/governance/generated/worker-usage/DOMAIN-OBSERVABILITY-01.md	worker_role_playbook
docs/governance/generated/worker-usage/DOMAIN-TAXLEGAL-01.md	foundation-source	Generated worker playbook tied to operator/runtime roles.	medium	/Users/ronnyworks/code/agentic-foundation/docs/governance/generated/worker-usage/DOMAIN-TAXLEGAL-01.md	worker_role_playbook
docs/governance/generated/worker-usage/MINT-ARTIE-01.md	foundation-source	Generated worker playbook tied to operator/runtime roles.	medium	/Users/ronnyworks/code/agentic-foundation/docs/governance/generated/worker-usage/MINT-ARTIE-01.md	worker_role_playbook
docs/governance/generated/worker-usage/MINT-DUTCHMAN-01.md	foundation-source	Generated worker playbook tied to operator/runtime roles.	medium	/Users/ronnyworks/code/agentic-foundation/docs/governance/generated/worker-usage/MINT-DUTCHMAN-01.md	worker_role_playbook
docs/governance/generated/worker-usage/MINT-FIN-01.md	foundation-source	Generated worker playbook tied to operator/runtime roles.	medium	/Users/ronnyworks/code/agentic-foundation/docs/governance/generated/worker-usage/MINT-FIN-01.md	worker_role_playbook
docs/governance/generated/worker-usage/MINT-MORPHEUS-01.md	foundation-source	Generated worker playbook tied to operator/runtime roles.	medium	/Users/ronnyworks/code/agentic-foundation/docs/governance/generated/worker-usage/MINT-MORPHEUS-01.md	worker_role_playbook
docs/governance/generated/worker-usage/README.md	foundation-source	Generated worker playbook tied to operator/runtime roles.	medium	/Users/ronnyworks/code/agentic-foundation/docs/governance/generated/worker-usage/README.md	worker_role_playbook
docs/governance/generated/worker-usage/RUNTIME-IMMICH-01.md	foundation-source	Generated worker playbook tied to operator/runtime roles.	medium	/Users/ronnyworks/code/agentic-foundation/docs/governance/generated/worker-usage/RUNTIME-IMMICH-01.md	worker_role_playbook
docs/governance/generated/worker-usage/SPINE-AUDIT-01.md	foundation-source	Generated worker playbook tied to operator/runtime roles.	medium	/Users/ronnyworks/code/agentic-foundation/docs/governance/generated/worker-usage/SPINE-AUDIT-01.md	worker_role_playbook
docs/governance/generated/worker-usage/SPINE-CONTROL-01.md	foundation-source	Generated worker playbook tied to operator/runtime roles.	medium	/Users/ronnyworks/code/agentic-foundation/docs/governance/generated/worker-usage/SPINE-CONTROL-01.md	worker_role_playbook
docs/governance/generated/worker-usage/SPINE-EXECUTION-01.md	foundation-source	Generated worker playbook tied to operator/runtime roles.	medium	/Users/ronnyworks/code/agentic-foundation/docs/governance/generated/worker-usage/SPINE-EXECUTION-01.md	worker_role_playbook
docs/governance/generated/worker-usage/SPINE-WATCHER-01.md	foundation-source	Generated worker playbook tied to operator/runtime roles.	medium	/Users/ronnyworks/code/agentic-foundation/docs/governance/generated/worker-usage/SPINE-WATCHER-01.md	worker_role_playbook
docs/jd/00.00-index.md	foundation-source	Reusable or domain-facing doc source outside boring core.	medium	/Users/ronnyworks/code/agentic-foundation/docs/jd/00.00-index.md	non_core_doc_surface
docs/jd/README.md	foundation-source	Reusable or domain-facing doc source outside boring core.	medium	/Users/ronnyworks/code/agentic-foundation/docs/jd/README.md	non_core_doc_surface
docs/jd/areas/10-core-contracts.md	foundation-source	Reusable or domain-facing doc source outside boring core.	medium	/Users/ronnyworks/code/agentic-foundation/docs/jd/areas/10-core-contracts.md	non_core_doc_surface
docs/jd/areas/20-governance.md	foundation-source	Reusable or domain-facing doc source outside boring core.	medium	/Users/ronnyworks/code/agentic-foundation/docs/jd/areas/20-governance.md	non_core_doc_surface
docs/legacy/README.md	archive-only	Archived documentation surface.	low	/Users/ronnyworks/code/agentic-spine-archive/docs/legacy/README.md	archived_doc
docs/legacy/_imports/README.md	archive-only	Archived documentation surface.	low	/Users/ronnyworks/code/agentic-spine-archive/docs/legacy/_imports/README.md	archived_doc
docs/legacy/brain-lessons/README.md	archive-only	Archived documentation surface.	low	/Users/ronnyworks/code/agentic-spine-archive/docs/legacy/brain-lessons/README.md	archived_doc
docs/pillars/finance/ARCHITECTURE.md	foundation-source	Reusable or domain-facing doc source outside boring core.	medium	/Users/ronnyworks/code/agentic-foundation/docs/pillars/finance/ARCHITECTURE.md	non_core_doc_surface
docs/pillars/finance/EXTRACTION_STATUS.md	foundation-source	Reusable or domain-facing doc source outside boring core.	medium	/Users/ronnyworks/code/agentic-foundation/docs/pillars/finance/EXTRACTION_STATUS.md	non_core_doc_surface
docs/pillars/finance/README.md	foundation-source	Reusable or domain-facing doc source outside boring core.	medium	/Users/ronnyworks/code/agentic-foundation/docs/pillars/finance/README.md	non_core_doc_surface
docs/planning/AOF_NORMALIZATION_DRIFT_AUDIT_20260309.md	archive-only	Historical planning surface outside canonical docs.	low	/Users/ronnyworks/code/agentic-spine-archive/docs/planning/AOF_NORMALIZATION_DRIFT_AUDIT_20260309.md	historical_planning
docs/planning/AOF_STANDARDS_PACK_V1.md	archive-only	Historical planning surface outside canonical docs.	low	/Users/ronnyworks/code/agentic-spine-archive/docs/planning/AOF_STANDARDS_PACK_V1.md	historical_planning
docs/planning/AOF_WORKBENCH_NORMALIZATION_IMPLEMENTATION_PLAN_20260217.md	archive-only	Historical planning surface outside canonical docs.	low	/Users/ronnyworks/code/agentic-spine-archive/docs/planning/AOF_WORKBENCH_NORMALIZATION_IMPLEMENTATION_PLAN_20260217.md	historical_planning
docs/planning/AUTH_INFISICAL_CANONICALIZATION_COMPLETE_20260308.md	archive-only	Historical planning surface outside canonical docs.	low	/Users/ronnyworks/code/agentic-spine-archive/docs/planning/AUTH_INFISICAL_CANONICALIZATION_COMPLETE_20260308.md	historical_planning
docs/planning/BACKUP_PLANE_CONSOLIDATION_EXEC_SUMMARY.md	archive-only	Historical planning surface outside canonical docs.	low	/Users/ronnyworks/code/agentic-spine-archive/docs/planning/BACKUP_PLANE_CONSOLIDATION_EXEC_SUMMARY.md	historical_planning
docs/planning/CODEBASE_CLEANUP_EXEC_QUEUE_20260222.md	archive-only	Historical planning surface outside canonical docs.	low	/Users/ronnyworks/code/agentic-spine-archive/docs/planning/CODEBASE_CLEANUP_EXEC_QUEUE_20260222.md	historical_planning
docs/planning/HARDWARE_PLANE_POSTWAVE_GOVERNANCE_PLAYBOOK_20260227.md	archive-only	Historical planning surface outside canonical docs.	low	/Users/ronnyworks/code/agentic-spine-archive/docs/planning/HARDWARE_PLANE_POSTWAVE_GOVERNANCE_PLAYBOOK_20260227.md	historical_planning
docs/planning/HARDWARE_PLANE_SUBAGENT_WAVE_PACKETS_20260227.md	archive-only	Historical planning surface outside canonical docs.	low	/Users/ronnyworks/code/agentic-spine-archive/docs/planning/HARDWARE_PLANE_SUBAGENT_WAVE_PACKETS_20260227.md	historical_planning
docs/planning/INDEX.md	archive-only	Historical planning surface outside canonical docs.	low	/Users/ronnyworks/code/agentic-spine-archive/docs/planning/INDEX.md	historical_planning
docs/planning/LANE-A-CLOUDFLARE-VALIDATION-20260303.md	archive-only	Historical planning surface outside canonical docs.	low	/Users/ronnyworks/code/agentic-spine-archive/docs/planning/LANE-A-CLOUDFLARE-VALIDATION-20260303.md	historical_planning
docs/planning/LANE-B-TAILSCALE-DEFERRED-20260303.md	archive-only	Historical planning surface outside canonical docs.	low	/Users/ronnyworks/code/agentic-spine-archive/docs/planning/LANE-B-TAILSCALE-DEFERRED-20260303.md	historical_planning
docs/planning/LANE-D-MOBILE-CLOSURE-20260303.md	archive-only	Historical planning surface outside canonical docs.	low	/Users/ronnyworks/code/agentic-spine-archive/docs/planning/LANE-D-MOBILE-CLOSURE-20260303.md	historical_planning
docs/planning/MD1400_CAPACITY_NORMALIZATION_EXECUTION_20260227.md	archive-only	Historical planning surface outside canonical docs.	low	/Users/ronnyworks/code/agentic-spine-archive/docs/planning/MD1400_CAPACITY_NORMALIZATION_EXECUTION_20260227.md	historical_planning
docs/planning/MEDIA-MIGRATION-LINEAGE-CHECKPOINT.md	archive-only	Historical planning surface outside canonical docs.	low	/Users/ronnyworks/code/agentic-spine-archive/docs/planning/MEDIA-MIGRATION-LINEAGE-CHECKPOINT.md	historical_planning
docs/planning/MEDIA-SHOP-HOME-MIGRATION-TRANSACTION-PACKET.md	archive-only	Historical planning surface outside canonical docs.	low	/Users/ronnyworks/code/agentic-spine-archive/docs/planning/MEDIA-SHOP-HOME-MIGRATION-TRANSACTION-PACKET.md	historical_planning
docs/planning/MINT_AUTH_CONTRACT_V1.md	archive-only	Historical planning surface outside canonical docs.	low	/Users/ronnyworks/code/agentic-spine-archive/docs/planning/MINT_AUTH_CONTRACT_V1.md	historical_planning
docs/planning/MINT_FRESH_SLATE_INFRA_BOOTSTRAP_RUNBOOK.md	archive-only	Historical planning surface outside canonical docs.	low	/Users/ronnyworks/code/agentic-spine-archive/docs/planning/MINT_FRESH_SLATE_INFRA_BOOTSTRAP_RUNBOOK.md	historical_planning
docs/planning/MINT_LEGACY_DATA_HOLD_MANIFEST_20260226.md	archive-only	Historical planning surface outside canonical docs.	low	/Users/ronnyworks/code/agentic-spine-archive/docs/planning/MINT_LEGACY_DATA_HOLD_MANIFEST_20260226.md	historical_planning
docs/planning/MINT_NOTIFICATION_CONTRACT_V1.md	archive-only	Historical planning surface outside canonical docs.	low	/Users/ronnyworks/code/agentic-spine-archive/docs/planning/MINT_NOTIFICATION_CONTRACT_V1.md	historical_planning
docs/planning/MINT_ORDER_LIFECYCLE_CONTRACT_V1.md	archive-only	Historical planning surface outside canonical docs.	low	/Users/ronnyworks/code/agentic-spine-archive/docs/planning/MINT_ORDER_LIFECYCLE_CONTRACT_V1.md	historical_planning
docs/planning/MINT_PAYMENT_CONTRACT_V1.md	archive-only	Historical planning surface outside canonical docs.	low	/Users/ronnyworks/code/agentic-spine-archive/docs/planning/MINT_PAYMENT_CONTRACT_V1.md	historical_planning
docs/planning/MINT_PAYMENT_RUNTIME_READINESS_CONTRACT_20260225.md	archive-only	Historical planning surface outside canonical docs.	low	/Users/ronnyworks/code/agentic-spine-archive/docs/planning/MINT_PAYMENT_RUNTIME_READINESS_CONTRACT_20260225.md	historical_planning
docs/planning/MINT_PRINTS_FLOW_REPLACEMENT_ROADMAP_20260222.md	archive-only	Historical planning surface outside canonical docs.	low	/Users/ronnyworks/code/agentic-spine-archive/docs/planning/MINT_PRINTS_FLOW_REPLACEMENT_ROADMAP_20260222.md	historical_planning
docs/planning/MINT_RONNY_STAMP_MATRIX_20260225.md	archive-only	Historical planning surface outside canonical docs.	low	/Users/ronnyworks/code/agentic-spine-archive/docs/planning/MINT_RONNY_STAMP_MATRIX_20260225.md	historical_planning
docs/planning/MINT_RUNTIME_GAPS_AUDIT_20260309.md	archive-only	Historical planning surface outside canonical docs.	low	/Users/ronnyworks/code/agentic-spine-archive/docs/planning/MINT_RUNTIME_GAPS_AUDIT_20260309.md	historical_planning
docs/planning/MINT_RUNTIME_PROBE_CONSISTENCY_20260226.md	archive-only	Historical planning surface outside canonical docs.	low	/Users/ronnyworks/code/agentic-spine-archive/docs/planning/MINT_RUNTIME_PROBE_CONSISTENCY_20260226.md	historical_planning
docs/planning/MINT_RUNTIME_STANDARD_20260222.md	archive-only	Historical planning surface outside canonical docs.	low	/Users/ronnyworks/code/agentic-spine-archive/docs/planning/MINT_RUNTIME_STANDARD_20260222.md	historical_planning
docs/planning/MINT_RUNTIME_TRUTH_CANONICAL_20260225.md	archive-only	Historical planning surface outside canonical docs.	low	/Users/ronnyworks/code/agentic-spine-archive/docs/planning/MINT_RUNTIME_TRUTH_CANONICAL_20260225.md	historical_planning
docs/planning/MINT_SECRETS_BOOTSTRAP_PLAN.md	archive-only	Historical planning surface outside canonical docs.	low	/Users/ronnyworks/code/agentic-spine-archive/docs/planning/MINT_SECRETS_BOOTSTRAP_PLAN.md	historical_planning
docs/planning/MINT_SHIPPING_FINANCE_POSTWAVE_GOVERNANCE_PLAYBOOK_20260227.md	archive-only	Historical planning surface outside canonical docs.	low	/Users/ronnyworks/code/agentic-spine-archive/docs/planning/MINT_SHIPPING_FINANCE_POSTWAVE_GOVERNANCE_PLAYBOOK_20260227.md	historical_planning
docs/planning/MINT_SHIPPING_FINANCE_SUBAGENT_WAVE_PACKETS_20260227.md	archive-only	Historical planning surface outside canonical docs.	low	/Users/ronnyworks/code/agentic-spine-archive/docs/planning/MINT_SHIPPING_FINANCE_SUBAGENT_WAVE_PACKETS_20260227.md	historical_planning
docs/planning/MINT_STORAGE_GOVERNANCE_CONTRACT_20260226.md	archive-only	Historical planning surface outside canonical docs.	low	/Users/ronnyworks/code/agentic-spine-archive/docs/planning/MINT_STORAGE_GOVERNANCE_CONTRACT_20260226.md	historical_planning
docs/planning/MINT_STORAGE_GUARD_POLICY_20260226.md	archive-only	Historical planning surface outside canonical docs.	low	/Users/ronnyworks/code/agentic-spine-archive/docs/planning/MINT_STORAGE_GUARD_POLICY_20260226.md	historical_planning
docs/planning/MINT_TABLE_OWNERSHIP_MAP.md	archive-only	Historical planning surface outside canonical docs.	low	/Users/ronnyworks/code/agentic-spine-archive/docs/planning/MINT_TABLE_OWNERSHIP_MAP.md	historical_planning
docs/planning/MINT_TUNNEL_MIGRATION_PLAN.md	archive-only	Historical planning surface outside canonical docs.	low	/Users/ronnyworks/code/agentic-spine-archive/docs/planning/MINT_TUNNEL_MIGRATION_PLAN.md	historical_planning
docs/planning/RONNY_OPS_FINAL_EXTRACTION_SWEEP_V1.md	archive-only	Historical planning surface outside canonical docs.	low	/Users/ronnyworks/code/agentic-spine-archive/docs/planning/RONNY_OPS_FINAL_EXTRACTION_SWEEP_V1.md	historical_planning
docs/planning/W60_FINDING_TRUTH_MATRIX.md	archive-only	Historical planning surface outside canonical docs.	low	/Users/ronnyworks/code/agentic-spine-archive/docs/planning/W60_FINDING_TRUTH_MATRIX.md	historical_planning
docs/planning/W60_FIX_TO_LOCK_MAPPING.md	archive-only	Historical planning surface outside canonical docs.	low	/Users/ronnyworks/code/agentic-spine-archive/docs/planning/W60_FIX_TO_LOCK_MAPPING.md	historical_planning
docs/planning/W67_GATE_BUDGET_REPORT.md	archive-only	Historical planning surface outside canonical docs.	low	/Users/ronnyworks/code/agentic-spine-archive/docs/planning/W67_GATE_BUDGET_REPORT.md	historical_planning
docs/planning/W70_BUDGET_POLICY_PATCH_REPORT.md	archive-only	Historical planning surface outside canonical docs.	low	/Users/ronnyworks/code/agentic-spine-archive/docs/planning/W70_BUDGET_POLICY_PATCH_REPORT.md	historical_planning
docs/planning/W76_TRUTH_RECONCILIATION_REPORT.md	archive-only	Historical planning surface outside canonical docs.	low	/Users/ronnyworks/code/agentic-spine-archive/docs/planning/W76_TRUTH_RECONCILIATION_REPORT.md	historical_planning
docs/planning/W78_TRUTH_MATRIX.md	archive-only	Historical planning surface outside canonical docs.	low	/Users/ronnyworks/code/agentic-spine-archive/docs/planning/W78_TRUTH_MATRIX.md	historical_planning
docs/planning/WORKBENCH_AOF_HARDENING_V2.md	archive-only	Historical planning surface outside canonical docs.	low	/Users/ronnyworks/code/agentic-spine-archive/docs/planning/WORKBENCH_AOF_HARDENING_V2.md	historical_planning
docs/planning/WORKBENCH_AOF_NORMALIZATION_V1.md	archive-only	Historical planning surface outside canonical docs.	low	/Users/ronnyworks/code/agentic-spine-archive/docs/planning/WORKBENCH_AOF_NORMALIZATION_V1.md	historical_planning
docs/planning/_artifacts/HARDWARE_PHONE_INGEST_CANDIDATE_MAP_20260301.yaml	evidence-only	Planning artifact evidence.	low	/Users/ronnyworks/code/.evidence/agentic-spine/docs/planning/_artifacts/HARDWARE_PHONE_INGEST_CANDIDATE_MAP_20260301.yaml	planning_artifact
docs/planning/_artifacts/md1400-normalization-20260227/05-pm80xx-post-cleanup.txt	evidence-only	Planning artifact evidence.	low	/Users/ronnyworks/code/.evidence/agentic-spine/docs/planning/_artifacts/md1400-normalization-20260227/05-pm80xx-post-cleanup.txt	planning_artifact
docs/planning/_artifacts/md1400-normalization-20260227/23-wave5-closeout-watcher.log	evidence-only	Planning artifact evidence.	low	/Users/ronnyworks/code/.evidence/agentic-spine/docs/planning/_artifacts/md1400-normalization-20260227/23-wave5-closeout-watcher.log	planning_artifact
docs/planning/loop-closeouts/LOOP-SPINE-RESEND-CANONICAL-UPGRADE-20260227-20260301-20260227.closeout.md	evidence-only	Planning artifact evidence.	low	/Users/ronnyworks/code/.evidence/agentic-spine/docs/planning/loop-closeouts/LOOP-SPINE-RESEND-CANONICAL-UPGRADE-20260227-20260301-20260227.closeout.md	planning_artifact
docs/planning/loop-closeouts/w75-20260228/LOOP-SPINE-RESEND-CANONICAL-UPGRADE-20260227-20260301-20260227.acceptance.w75.md	evidence-only	Planning artifact evidence.	low	/Users/ronnyworks/code/.evidence/agentic-spine/docs/planning/loop-closeouts/w75-20260228/LOOP-SPINE-RESEND-CANONICAL-UPGRADE-20260227-20260301-20260227.acceptance.w75.md	planning_artifact
docs/product/AOF_ACCEPTANCE_GATES.md	foundation-source	Product/package definition outside boring control plane.	medium	/Users/ronnyworks/code/agentic-foundation/docs/product/AOF_ACCEPTANCE_GATES.md	productization_source
docs/product/AOF_DEPLOYMENT_PLAYBOOK.md	foundation-source	Product/package definition outside boring control plane.	medium	/Users/ronnyworks/code/agentic-foundation/docs/product/AOF_DEPLOYMENT_PLAYBOOK.md	productization_source
docs/product/AOF_EVIDENCE_RETENTION_EXPORT.md	foundation-source	Product/package definition outside boring control plane.	medium	/Users/ronnyworks/code/agentic-foundation/docs/product/AOF_EVIDENCE_RETENTION_EXPORT.md	productization_source
docs/product/AOF_POLICY_RUNTIME_ENFORCEMENT.md	foundation-source	Product/package definition outside boring control plane.	medium	/Users/ronnyworks/code/agentic-foundation/docs/product/AOF_POLICY_RUNTIME_ENFORCEMENT.md	productization_source
docs/product/AOF_PRODUCT_CONTRACT.md	foundation-source	Product/package definition outside boring control plane.	medium	/Users/ronnyworks/code/agentic-foundation/docs/product/AOF_PRODUCT_CONTRACT.md	productization_source
docs/product/AOF_SUPPORT_SLO.md	foundation-source	Product/package definition outside boring control plane.	medium	/Users/ronnyworks/code/agentic-foundation/docs/product/AOF_SUPPORT_SLO.md	productization_source
docs/product/AOF_SURFACE_READONLY_CONTRACT.md	foundation-source	Product/package definition outside boring control plane.	medium	/Users/ronnyworks/code/agentic-foundation/docs/product/AOF_SURFACE_READONLY_CONTRACT.md	productization_source
docs/product/AOF_TENANT_STORAGE_MODEL.md	foundation-source	Product/package definition outside boring control plane.	medium	/Users/ronnyworks/code/agentic-foundation/docs/product/AOF_TENANT_STORAGE_MODEL.md	productization_source
docs/product/AOF_V1_1_SURFACE_UNIFICATION.md	foundation-source	Product/package definition outside boring control plane.	medium	/Users/ronnyworks/code/agentic-foundation/docs/product/AOF_V1_1_SURFACE_UNIFICATION.md	productization_source
docs/product/AOF_VERSION_COMPATIBILITY.md	foundation-source	Product/package definition outside boring control plane.	medium	/Users/ronnyworks/code/agentic-foundation/docs/product/AOF_VERSION_COMPATIBILITY.md	productization_source
docs/product/MINT_AOF_ACCEPTANCE_V1.md	foundation-source	Product/package definition outside boring control plane.	medium	/Users/ronnyworks/code/agentic-foundation/docs/product/MINT_AOF_ACCEPTANCE_V1.md	productization_source
docs/product/MINT_AOF_CONTRACT_V1.md	foundation-source	Product/package definition outside boring control plane.	medium	/Users/ronnyworks/code/agentic-foundation/docs/product/MINT_AOF_CONTRACT_V1.md	productization_source
docs/product/MINT_AOF_ENFORCEMENT_V1.md	foundation-source	Product/package definition outside boring control plane.	medium	/Users/ronnyworks/code/agentic-foundation/docs/product/MINT_AOF_ENFORCEMENT_V1.md	productization_source
docs/runbooks/README.md	foundation-source	Reusable or domain-facing doc source outside boring core.	medium	/Users/ronnyworks/code/agentic-foundation/docs/runbooks/README.md	non_core_doc_surface
docs/runbooks/domains/aof.md	foundation-source	Reusable or domain-facing doc source outside boring core.	medium	/Users/ronnyworks/code/agentic-foundation/docs/runbooks/domains/aof.md	non_core_doc_surface
docs/runbooks/domains/backup.md	foundation-source	Reusable or domain-facing doc source outside boring core.	medium	/Users/ronnyworks/code/agentic-foundation/docs/runbooks/domains/backup.md	non_core_doc_surface
docs/runbooks/domains/communications.md	foundation-source	Reusable or domain-facing doc source outside boring core.	medium	/Users/ronnyworks/code/agentic-foundation/docs/runbooks/domains/communications.md	non_core_doc_surface
docs/runbooks/domains/core.md	foundation-source	Reusable or domain-facing doc source outside boring core.	medium	/Users/ronnyworks/code/agentic-foundation/docs/runbooks/domains/core.md	non_core_doc_surface
docs/runbooks/domains/finance.md	foundation-source	Reusable or domain-facing doc source outside boring core.	medium	/Users/ronnyworks/code/agentic-foundation/docs/runbooks/domains/finance.md	non_core_doc_surface
docs/runbooks/domains/home.md	foundation-source	Reusable or domain-facing doc source outside boring core.	medium	/Users/ronnyworks/code/agentic-foundation/docs/runbooks/domains/home.md	non_core_doc_surface
docs/runbooks/domains/hygiene-weekly.md	foundation-source	Reusable or domain-facing doc source outside boring core.	medium	/Users/ronnyworks/code/agentic-foundation/docs/runbooks/domains/hygiene-weekly.md	non_core_doc_surface
docs/runbooks/domains/immich.md	foundation-source	Reusable or domain-facing doc source outside boring core.	medium	/Users/ronnyworks/code/agentic-foundation/docs/runbooks/domains/immich.md	non_core_doc_surface
docs/runbooks/domains/infra.md	foundation-source	Reusable or domain-facing doc source outside boring core.	medium	/Users/ronnyworks/code/agentic-foundation/docs/runbooks/domains/infra.md	non_core_doc_surface
docs/runbooks/domains/loop_gap.md	foundation-source	Reusable or domain-facing doc source outside boring core.	medium	/Users/ronnyworks/code/agentic-foundation/docs/runbooks/domains/loop_gap.md	non_core_doc_surface
docs/runbooks/domains/media.md	foundation-source	Reusable or domain-facing doc source outside boring core.	medium	/Users/ronnyworks/code/agentic-foundation/docs/runbooks/domains/media.md	non_core_doc_surface
docs/runbooks/domains/microsoft.md	foundation-source	Reusable or domain-facing doc source outside boring core.	medium	/Users/ronnyworks/code/agentic-foundation/docs/runbooks/domains/microsoft.md	non_core_doc_surface
docs/runbooks/domains/mint.md	foundation-source	Reusable or domain-facing doc source outside boring core.	medium	/Users/ronnyworks/code/agentic-foundation/docs/runbooks/domains/mint.md	non_core_doc_surface
docs/runbooks/domains/n8n.md	foundation-source	Reusable or domain-facing doc source outside boring core.	medium	/Users/ronnyworks/code/agentic-foundation/docs/runbooks/domains/n8n.md	non_core_doc_surface
docs/runbooks/domains/observability.md	foundation-source	Reusable or domain-facing doc source outside boring core.	medium	/Users/ronnyworks/code/agentic-foundation/docs/runbooks/domains/observability.md	non_core_doc_surface
docs/runbooks/domains/proxmox-network.md	foundation-source	Reusable or domain-facing doc source outside boring core.	medium	/Users/ronnyworks/code/agentic-foundation/docs/runbooks/domains/proxmox-network.md	non_core_doc_surface
docs/runbooks/domains/rag.md	foundation-source	Reusable or domain-facing doc source outside boring core.	medium	/Users/ronnyworks/code/agentic-foundation/docs/runbooks/domains/rag.md	non_core_doc_surface
docs/runbooks/domains/secrets.md	foundation-source	Reusable or domain-facing doc source outside boring core.	medium	/Users/ronnyworks/code/agentic-foundation/docs/runbooks/domains/secrets.md	non_core_doc_surface
docs/runbooks/domains/surveillance.md	foundation-source	Reusable or domain-facing doc source outside boring core.	medium	/Users/ronnyworks/code/agentic-foundation/docs/runbooks/domains/surveillance.md	non_core_doc_surface
docs/runbooks/domains/tax-legal.md	foundation-source	Reusable or domain-facing doc source outside boring core.	medium	/Users/ronnyworks/code/agentic-foundation/docs/runbooks/domains/tax-legal.md	non_core_doc_surface
docs/runbooks/domains/workbench.md	foundation-source	Reusable or domain-facing doc source outside boring core.	medium	/Users/ronnyworks/code/agentic-foundation/docs/runbooks/domains/workbench.md	non_core_doc_surface
docs/runbooks/pihole-whitelist-protocol.md	foundation-source	Reusable or domain-facing doc source outside boring core.	medium	/Users/ronnyworks/code/agentic-foundation/docs/runbooks/pihole-whitelist-protocol.md	non_core_doc_surface
docs/runbooks/privado-vpn-setup.md	foundation-source	Reusable or domain-facing doc source outside boring core.	medium	/Users/ronnyworks/code/agentic-foundation/docs/runbooks/privado-vpn-setup.md	non_core_doc_surface
docs/validation/onboarding-standard-e2e-validation.md	foundation-source	Reusable or domain-facing doc source outside boring core.	medium	/Users/ronnyworks/code/agentic-foundation/docs/validation/onboarding-standard-e2e-validation.md	non_core_doc_surface
fixtures/INDEX.md	spine-source	Deterministic fixture source.	medium	/Users/ronnyworks/code/agentic-spine/fixtures/INDEX.md	deterministic_fixture
fixtures/README.md	spine-source	Deterministic fixture source.	medium	/Users/ronnyworks/code/agentic-spine/fixtures/README.md	deterministic_fixture
fixtures/baseline/README.md	spine-source	Deterministic fixture source.	medium	/Users/ronnyworks/code/agentic-spine/fixtures/baseline/README.md	deterministic_fixture
fixtures/baseline/S20260201-180000__email_received__R0001.hash	spine-source	Deterministic fixture source.	medium	/Users/ronnyworks/code/agentic-spine/fixtures/baseline/S20260201-180000__email_received__R0001.hash	deterministic_fixture
fixtures/baseline/S20260201-180100__order_paid__R0002.hash	spine-source	Deterministic fixture source.	medium	/Users/ronnyworks/code/agentic-spine/fixtures/baseline/S20260201-180100__order_paid__R0002.hash	deterministic_fixture
fixtures/baseline/S20260201-180200__vendor_receipt__R0003.hash	spine-source	Deterministic fixture source.	medium	/Users/ronnyworks/code/agentic-spine/fixtures/baseline/S20260201-180200__vendor_receipt__R0003.hash	deterministic_fixture
fixtures/baseline/S20260201-180300__file_uploaded__R0004.hash	spine-source	Deterministic fixture source.	medium	/Users/ronnyworks/code/agentic-spine/fixtures/baseline/S20260201-180300__file_uploaded__R0004.hash	deterministic_fixture
fixtures/baseline/S20260201-180400__unknown_event__R0005.hash	spine-source	Deterministic fixture source.	medium	/Users/ronnyworks/code/agentic-spine/fixtures/baseline/S20260201-180400__unknown_event__R0005.hash	deterministic_fixture
fixtures/events/v1/S20260201-180000__email_received__R0001.md	spine-source	Deterministic fixture source.	medium	/Users/ronnyworks/code/agentic-spine/fixtures/events/v1/S20260201-180000__email_received__R0001.md	deterministic_fixture
fixtures/events/v1/S20260201-180100__order_paid__R0002.md	spine-source	Deterministic fixture source.	medium	/Users/ronnyworks/code/agentic-spine/fixtures/events/v1/S20260201-180100__order_paid__R0002.md	deterministic_fixture
fixtures/events/v1/S20260201-180200__vendor_receipt__R0003.md	spine-source	Deterministic fixture source.	medium	/Users/ronnyworks/code/agentic-spine/fixtures/events/v1/S20260201-180200__vendor_receipt__R0003.md	deterministic_fixture
fixtures/events/v1/S20260201-180300__file_uploaded__R0004.md	spine-source	Deterministic fixture source.	medium	/Users/ronnyworks/code/agentic-spine/fixtures/events/v1/S20260201-180300__file_uploaded__R0004.md	deterministic_fixture
fixtures/events/v1/S20260201-180400__unknown_event__R0005.md	spine-source	Deterministic fixture source.	medium	/Users/ronnyworks/code/agentic-spine/fixtures/events/v1/S20260201-180400__unknown_event__R0005.md	deterministic_fixture
fixtures/events/v1/S20260201-180500__spine_verify__R0006.md	spine-source	Deterministic fixture source.	medium	/Users/ronnyworks/code/agentic-spine/fixtures/events/v1/S20260201-180500__spine_verify__R0006.md	deterministic_fixture
fixtures/events/v1/S20260201-180600__status_check__R0007.md	spine-source	Deterministic fixture source.	medium	/Users/ronnyworks/code/agentic-spine/fixtures/events/v1/S20260201-180600__status_check__R0007.md	deterministic_fixture
fixtures/events/v1/S20260201-180700__gap_filed__R0008.md	spine-source	Deterministic fixture source.	medium	/Users/ronnyworks/code/agentic-spine/fixtures/events/v1/S20260201-180700__gap_filed__R0008.md	deterministic_fixture
fixtures/events/v1/SCHEMA.md	spine-source	Deterministic fixture source.	medium	/Users/ronnyworks/code/agentic-spine/fixtures/events/v1/SCHEMA.md	deterministic_fixture
fixtures/tenant.sample.yaml	foundation-source	Template/sample asset for extracted starter or runtime.	low	/Users/ronnyworks/code/agentic-foundation/fixtures/tenant.sample.yaml	template_asset
surfaces/README.md	spine-source	Active surface owned by the spine.	medium	/Users/ronnyworks/code/agentic-spine/surfaces/README.md	active_surface
surfaces/archive/verify/agents_verify.sh	archive-only	Archived surface script.	low	/Users/ronnyworks/code/agentic-spine-archive/surfaces/archive/verify/agents_verify.sh	archived_surface
surfaces/archive/verify/backup_audit.sh	archive-only	Archived surface script.	low	/Users/ronnyworks/code/agentic-spine-archive/surfaces/archive/verify/backup_audit.sh	archived_surface
surfaces/archive/verify/backup_verify.sh	archive-only	Archived surface script.	low	/Users/ronnyworks/code/agentic-spine-archive/surfaces/archive/verify/backup_verify.sh	archived_surface
surfaces/archive/verify/cap-ledger-smoke.sh	archive-only	Archived surface script.	low	/Users/ronnyworks/code/agentic-spine-archive/surfaces/archive/verify/cap-ledger-smoke.sh	archived_surface
surfaces/archive/verify/check-secret-expiry.sh	archive-only	Archived surface script.	low	/Users/ronnyworks/code/agentic-spine-archive/surfaces/archive/verify/check-secret-expiry.sh	archived_surface
surfaces/archive/verify/cloudflare-drift-gate.sh	archive-only	Archived surface script.	low	/Users/ronnyworks/code/agentic-spine-archive/surfaces/archive/verify/cloudflare-drift-gate.sh	archived_surface
surfaces/archive/verify/contracts-gate.sh	archive-only	Archived surface script.	low	/Users/ronnyworks/code/agentic-spine-archive/surfaces/archive/verify/contracts-gate.sh	archived_surface
surfaces/archive/verify/d102-ha-device-map-freshness.sh	archive-only	Archived surface script.	low	/Users/ronnyworks/code/agentic-spine-archive/surfaces/archive/verify/d102-ha-device-map-freshness.sh	archived_surface
surfaces/archive/verify/d103-streamdeck-config-lock.sh	archive-only	Archived surface script.	low	/Users/ronnyworks/code/agentic-spine-archive/surfaces/archive/verify/d103-streamdeck-config-lock.sh	archived_surface
surfaces/archive/verify/d104-home-dhcp-audit-freshness.sh	archive-only	Archived surface script.	low	/Users/ronnyworks/code/agentic-spine-archive/surfaces/archive/verify/d104-home-dhcp-audit-freshness.sh	archived_surface
surfaces/archive/verify/d105-ha-mcp-governance-lock.sh	archive-only	Archived surface script.	low	/Users/ronnyworks/code/agentic-spine-archive/surfaces/archive/verify/d105-ha-mcp-governance-lock.sh	archived_surface
surfaces/archive/verify/d108-media-health-endpoint-parity-lock.sh	archive-only	Archived surface script.	low	/Users/ronnyworks/code/agentic-spine-archive/surfaces/archive/verify/d108-media-health-endpoint-parity-lock.sh	archived_surface
surfaces/archive/verify/d109-media-compose-config-match-lock.sh	archive-only	Archived surface script.	low	/Users/ronnyworks/code/agentic-spine-archive/surfaces/archive/verify/d109-media-compose-config-match-lock.sh	archived_surface
surfaces/archive/verify/d110-media-ha-duplicate-audit-lock.sh	archive-only	Archived surface script.	low	/Users/ronnyworks/code/agentic-spine-archive/surfaces/archive/verify/d110-media-ha-duplicate-audit-lock.sh	archived_surface
surfaces/archive/verify/d111-rag-embedding-smoke-preflight.sh	archive-only	Archived surface script.	low	/Users/ronnyworks/code/agentic-spine-archive/surfaces/archive/verify/d111-rag-embedding-smoke-preflight.sh	archived_surface
surfaces/archive/verify/d112-secrets-access-pattern-lock.sh	archive-only	Archived surface script.	low	/Users/ronnyworks/code/agentic-spine-archive/surfaces/archive/verify/d112-secrets-access-pattern-lock.sh	archived_surface
surfaces/archive/verify/d113-coordinator-health-probe.sh	archive-only	Archived surface script.	low	/Users/ronnyworks/code/agentic-spine-archive/surfaces/archive/verify/d113-coordinator-health-probe.sh	archived_surface
surfaces/archive/verify/d114-ha-automation-stability.sh	archive-only	Archived surface script.	low	/Users/ronnyworks/code/agentic-spine-archive/surfaces/archive/verify/d114-ha-automation-stability.sh	archived_surface
surfaces/archive/verify/d115-ha-ssot-baseline-freshness.sh	archive-only	Archived surface script.	low	/Users/ronnyworks/code/agentic-spine-archive/surfaces/archive/verify/d115-ha-ssot-baseline-freshness.sh	archived_surface
surfaces/archive/verify/d117-iot-device-naming-parity.sh	archive-only	Archived surface script.	low	/Users/ronnyworks/code/agentic-spine-archive/surfaces/archive/verify/d117-iot-device-naming-parity.sh	archived_surface
surfaces/archive/verify/d118-z2m-device-health.sh	archive-only	Archived surface script.	low	/Users/ronnyworks/code/agentic-spine-archive/surfaces/archive/verify/d118-z2m-device-health.sh	archived_surface
surfaces/archive/verify/d119-z2m-naming-parity.sh	archive-only	Archived surface script.	low	/Users/ronnyworks/code/agentic-spine-archive/surfaces/archive/verify/d119-z2m-naming-parity.sh	archived_surface
surfaces/archive/verify/d120-ha-area-parity.sh	archive-only	Archived surface script.	low	/Users/ronnyworks/code/agentic-spine-archive/surfaces/archive/verify/d120-ha-area-parity.sh	archived_surface
surfaces/archive/verify/d122-domain-doc-route-lock.sh	archive-only	Archived surface script.	low	/Users/ronnyworks/code/agentic-spine-archive/surfaces/archive/verify/d122-domain-doc-route-lock.sh	archived_surface
surfaces/archive/verify/d123-strict-migration-policy-lock.sh	archive-only	Archived surface script.	low	/Users/ronnyworks/code/agentic-spine-archive/surfaces/archive/verify/d123-strict-migration-policy-lock.sh	archived_surface
surfaces/archive/verify/d125-mcp-runtime-parity-lock.sh	archive-only	Archived surface script.	low	/Users/ronnyworks/code/agentic-spine-archive/surfaces/archive/verify/d125-mcp-runtime-parity-lock.sh	archived_surface
surfaces/archive/verify/d128-gate-registration-contract-lock.sh	archive-only	Archived surface script.	low	/Users/ronnyworks/code/agentic-spine-archive/surfaces/archive/verify/d128-gate-registration-contract-lock.sh	archived_surface
surfaces/archive/verify/d129-spine-schema-conventions-lock.sh	archive-only	Archived surface script.	low	/Users/ronnyworks/code/agentic-spine-archive/surfaces/archive/verify/d129-spine-schema-conventions-lock.sh	archived_surface
surfaces/archive/verify/d130-boundary-authority-lock.sh	archive-only	Archived surface script.	low	/Users/ronnyworks/code/agentic-spine-archive/surfaces/archive/verify/d130-boundary-authority-lock.sh	archived_surface
surfaces/archive/verify/d131-catalog-freshness-lock.sh	archive-only	Archived surface script.	low	/Users/ronnyworks/code/agentic-spine-archive/surfaces/archive/verify/d131-catalog-freshness-lock.sh	archived_surface
surfaces/archive/verify/d132-mutation-atomicity-lock.sh	archive-only	Archived surface script.	low	/Users/ronnyworks/code/agentic-spine-archive/surfaces/archive/verify/d132-mutation-atomicity-lock.sh	archived_surface
surfaces/archive/verify/d133-output-vocabulary-lock.sh	archive-only	Archived surface script.	low	/Users/ronnyworks/code/agentic-spine-archive/surfaces/archive/verify/d133-output-vocabulary-lock.sh	archived_surface
surfaces/archive/verify/d134-topology-metadata-quality-lock.sh	archive-only	Archived surface script.	low	/Users/ronnyworks/code/agentic-spine-archive/surfaces/archive/verify/d134-topology-metadata-quality-lock.sh	archived_surface
surfaces/archive/verify/d135-terminal-scope-lock.sh	archive-only	Archived surface script.	low	/Users/ronnyworks/code/agentic-spine-archive/surfaces/archive/verify/d135-terminal-scope-lock.sh	archived_surface
surfaces/archive/verify/d136-lifecycle-hygiene.sh	archive-only	Archived surface script.	low	/Users/ronnyworks/code/agentic-spine-archive/surfaces/archive/verify/d136-lifecycle-hygiene.sh	archived_surface
surfaces/archive/verify/d137-infra-capability-metadata-parity.sh	archive-only	Archived surface script.	low	/Users/ronnyworks/code/agentic-spine-archive/surfaces/archive/verify/d137-infra-capability-metadata-parity.sh	archived_surface
surfaces/archive/verify/d138-site-parity-maintenance-order.sh	archive-only	Archived surface script.	low	/Users/ronnyworks/code/agentic-spine-archive/surfaces/archive/verify/d138-site-parity-maintenance-order.sh	archived_surface
surfaces/archive/verify/d140-worktree-session-isolation.sh	archive-only	Archived surface script.	low	/Users/ronnyworks/code/agentic-spine-archive/surfaces/archive/verify/d140-worktree-session-isolation.sh	archived_surface
surfaces/archive/verify/d141-alerting-rule-parity.sh	archive-only	Archived surface script.	low	/Users/ronnyworks/code/agentic-spine-archive/surfaces/archive/verify/d141-alerting-rule-parity.sh	archived_surface
surfaces/archive/verify/d142-receipt-index-freshness.sh	archive-only	Archived surface script.	low	/Users/ronnyworks/code/agentic-spine-archive/surfaces/archive/verify/d142-receipt-index-freshness.sh	archived_surface
surfaces/archive/verify/d143-session-handoff-hygiene.sh	archive-only	Archived surface script.	low	/Users/ronnyworks/code/agentic-spine-archive/surfaces/archive/verify/d143-session-handoff-hygiene.sh	archived_surface
surfaces/archive/verify/d144-briefing-config-parity.sh	archive-only	Archived surface script.	low	/Users/ronnyworks/code/agentic-spine-archive/surfaces/archive/verify/d144-briefing-config-parity.sh	archived_surface
surfaces/archive/verify/d145-aof-decomposition-vocabulary-lock.sh	archive-only	Archived surface script.	low	/Users/ronnyworks/code/agentic-spine-archive/surfaces/archive/verify/d145-aof-decomposition-vocabulary-lock.sh	archived_surface
surfaces/archive/verify/d151-communications-boundary-lock.sh	archive-only	Archived surface script.	low	/Users/ronnyworks/code/agentic-spine-archive/surfaces/archive/verify/d151-communications-boundary-lock.sh	archived_surface
surfaces/archive/verify/d152-terminal-role-capability-parity.sh	archive-only	Archived surface script.	low	/Users/ronnyworks/code/agentic-spine-archive/surfaces/archive/verify/d152-terminal-role-capability-parity.sh	archived_surface
surfaces/archive/verify/d154-gate-ring-contract.sh	archive-only	Archived surface script.	low	/Users/ronnyworks/code/agentic-spine-archive/surfaces/archive/verify/d154-gate-ring-contract.sh	archived_surface
surfaces/archive/verify/d155-audits-migration-plan-lock.sh	archive-only	Archived surface script.	low	/Users/ronnyworks/code/agentic-spine-archive/surfaces/archive/verify/d155-audits-migration-plan-lock.sh	archived_surface
surfaces/archive/verify/d156-governance-freshness-and-receipts-policy-lock.sh	archive-only	Archived surface script.	low	/Users/ronnyworks/code/agentic-spine-archive/surfaces/archive/verify/d156-governance-freshness-and-receipts-policy-lock.sh	archived_surface
surfaces/archive/verify/d157-proposals-lifecycle-linkage-lock.sh	archive-only	Archived surface script.	low	/Users/ronnyworks/code/agentic-spine-archive/surfaces/archive/verify/d157-proposals-lifecycle-linkage-lock.sh	archived_surface
surfaces/archive/verify/d158-weekly-hygiene-calendar-lock.sh	archive-only	Archived surface script.	low	/Users/ronnyworks/code/agentic-spine-archive/surfaces/archive/verify/d158-weekly-hygiene-calendar-lock.sh	archived_surface
surfaces/archive/verify/d159-weekly-execution-telemetry-lock.sh	archive-only	Archived surface script.	low	/Users/ronnyworks/code/agentic-spine-archive/surfaces/archive/verify/d159-weekly-execution-telemetry-lock.sh	archived_surface
surfaces/archive/verify/d16-docs-quarantine.sh	archive-only	Archived surface script.	low	/Users/ronnyworks/code/agentic-spine-archive/surfaces/archive/verify/d16-docs-quarantine.sh	archived_surface
surfaces/archive/verify/d160-plugin-pointer-parity-lock.sh	archive-only	Archived surface script.	low	/Users/ronnyworks/code/agentic-spine-archive/surfaces/archive/verify/d160-plugin-pointer-parity-lock.sh	archived_surface
surfaces/archive/verify/d161-receipt-memory-domain-time-lock.sh	archive-only	Archived surface script.	low	/Users/ronnyworks/code/agentic-spine-archive/surfaces/archive/verify/d161-receipt-memory-domain-time-lock.sh	archived_surface
surfaces/archive/verify/d162-operator-smoothness-lock.sh	archive-only	Archived surface script.	low	/Users/ronnyworks/code/agentic-spine-archive/surfaces/archive/verify/d162-operator-smoothness-lock.sh	archived_surface
surfaces/archive/verify/d163-workbench-ssh-attach-parity-lock.sh	archive-only	Archived surface script.	low	/Users/ronnyworks/code/agentic-spine-archive/surfaces/archive/verify/d163-workbench-ssh-attach-parity-lock.sh	archived_surface
surfaces/archive/verify/d164-workbench-ssh-runtime-normalization-lock.sh	archive-only	Archived surface script.	low	/Users/ronnyworks/code/agentic-spine-archive/surfaces/archive/verify/d164-workbench-ssh-runtime-normalization-lock.sh	archived_surface
surfaces/archive/verify/d165-workbench-secrets-onboarding-lock.sh	archive-only	Archived surface script.	low	/Users/ronnyworks/code/agentic-spine-archive/surfaces/archive/verify/d165-workbench-secrets-onboarding-lock.sh	archived_surface
surfaces/archive/verify/d166-workbench-deploy-method-lock.sh	archive-only	Archived surface script.	low	/Users/ronnyworks/code/agentic-spine-archive/surfaces/archive/verify/d166-workbench-deploy-method-lock.sh	archived_surface
surfaces/archive/verify/d167-workbench-operator-surface-lock.sh	archive-only	Archived surface script.	low	/Users/ronnyworks/code/agentic-spine-archive/surfaces/archive/verify/d167-workbench-operator-surface-lock.sh	archived_surface
surfaces/archive/verify/d169-workbench-operator-smoke-lock.sh	archive-only	Archived surface script.	low	/Users/ronnyworks/code/agentic-spine-archive/surfaces/archive/verify/d169-workbench-operator-smoke-lock.sh	archived_surface
surfaces/archive/verify/d17-root-allowlist.sh	archive-only	Archived surface script.	low	/Users/ronnyworks/code/agentic-spine-archive/surfaces/archive/verify/d17-root-allowlist.sh	archived_surface
surfaces/archive/verify/d170-workbench-proposals-preflight-lock.sh	archive-only	Archived surface script.	low	/Users/ronnyworks/code/agentic-spine-archive/surfaces/archive/verify/d170-workbench-proposals-preflight-lock.sh	archived_surface
surfaces/archive/verify/d171-timezone-ssot-lock.sh	archive-only	Archived surface script.	low	/Users/ronnyworks/code/agentic-spine-archive/surfaces/archive/verify/d171-timezone-ssot-lock.sh	archived_surface
surfaces/archive/verify/d173-site-topology-parity-lock.sh	archive-only	Archived surface script.	low	/Users/ronnyworks/code/agentic-spine-archive/surfaces/archive/verify/d173-site-topology-parity-lock.sh	archived_surface
surfaces/archive/verify/d174-service-onboarding-parity-lock.sh	archive-only	Archived surface script.	low	/Users/ronnyworks/code/agentic-spine-archive/surfaces/archive/verify/d174-service-onboarding-parity-lock.sh	archived_surface
surfaces/archive/verify/d175-operator-commitments-union-lock.sh	archive-only	Archived surface script.	low	/Users/ronnyworks/code/agentic-spine-archive/surfaces/archive/verify/d175-operator-commitments-union-lock.sh	archived_surface
surfaces/archive/verify/d176-platform-extension-transaction-lock.sh	archive-only	Archived surface script.	low	/Users/ronnyworks/code/agentic-spine-archive/surfaces/archive/verify/d176-platform-extension-transaction-lock.sh	archived_surface
surfaces/archive/verify/d177-platform-extension-home-binding-lock.sh	archive-only	Archived surface script.	low	/Users/ronnyworks/code/agentic-spine-archive/surfaces/archive/verify/d177-platform-extension-home-binding-lock.sh	archived_surface
surfaces/archive/verify/d178-platform-extension-lifecycle-lock.sh	archive-only	Archived surface script.	low	/Users/ronnyworks/code/agentic-spine-archive/surfaces/archive/verify/d178-platform-extension-lifecycle-lock.sh	archived_surface
surfaces/archive/verify/d179-platform-extension-artifact-completeness-lock.sh	archive-only	Archived surface script.	low	/Users/ronnyworks/code/agentic-spine-archive/surfaces/archive/verify/d179-platform-extension-artifact-completeness-lock.sh	archived_surface
surfaces/archive/verify/d18-docker-compose-drift.sh	archive-only	Archived surface script.	low	/Users/ronnyworks/code/agentic-spine-archive/surfaces/archive/verify/d18-docker-compose-drift.sh	archived_surface
surfaces/archive/verify/d180-platform-extension-namespace-collision-lock.sh	archive-only	Archived surface script.	low	/Users/ronnyworks/code/agentic-spine-archive/surfaces/archive/verify/d180-platform-extension-namespace-collision-lock.sh	archived_surface
surfaces/archive/verify/d181-multisite-maintenance-transaction-lock.sh	archive-only	Archived surface script.	low	/Users/ronnyworks/code/agentic-spine-archive/surfaces/archive/verify/d181-multisite-maintenance-transaction-lock.sh	archived_surface
surfaces/archive/verify/d182-maintenance-verify-resilience-lock.sh	archive-only	Archived surface script.	low	/Users/ronnyworks/code/agentic-spine-archive/surfaces/archive/verify/d182-maintenance-verify-resilience-lock.sh	archived_surface
surfaces/archive/verify/d183-inventory-intake-schema-lock.sh	archive-only	Archived surface script.	low	/Users/ronnyworks/code/agentic-spine-archive/surfaces/archive/verify/d183-inventory-intake-schema-lock.sh	archived_surface
surfaces/archive/verify/d184-inventory-location-parity-lock.sh	archive-only	Archived surface script.	low	/Users/ronnyworks/code/agentic-spine-archive/surfaces/archive/verify/d184-inventory-location-parity-lock.sh	archived_surface
surfaces/archive/verify/d185-inventory-home-union-lock.sh	archive-only	Archived surface script.	low	/Users/ronnyworks/code/agentic-spine-archive/surfaces/archive/verify/d185-inventory-home-union-lock.sh	archived_surface
surfaces/archive/verify/d186-inventory-ledger-balance-lock.sh	archive-only	Archived surface script.	low	/Users/ronnyworks/code/agentic-spine-archive/surfaces/archive/verify/d186-inventory-ledger-balance-lock.sh	archived_surface
surfaces/archive/verify/d187-inventory-item-contract-lock.sh	archive-only	Archived surface script.	low	/Users/ronnyworks/code/agentic-spine-archive/surfaces/archive/verify/d187-inventory-item-contract-lock.sh	archived_surface
surfaces/archive/verify/d188-network-device-ledger-parity-lock.sh	archive-only	Archived surface script.	low	/Users/ronnyworks/code/agentic-spine-archive/surfaces/archive/verify/d188-network-device-ledger-parity-lock.sh	archived_surface
surfaces/archive/verify/d189-ha-device-ledger-parity-lock.sh	archive-only	Archived surface script.	low	/Users/ronnyworks/code/agentic-spine-archive/surfaces/archive/verify/d189-ha-device-ledger-parity-lock.sh	archived_surface
surfaces/archive/verify/d190-ha-automation-ledger-parity-lock.sh	archive-only	Archived surface script.	low	/Users/ronnyworks/code/agentic-spine-archive/surfaces/archive/verify/d190-ha-automation-ledger-parity-lock.sh	archived_surface
surfaces/archive/verify/d191-media-content-ledger-parity-lock.sh	archive-only	Archived surface script.	low	/Users/ronnyworks/code/agentic-spine-archive/surfaces/archive/verify/d191-media-content-ledger-parity-lock.sh	archived_surface
surfaces/archive/verify/d192-media-content-snapshot-freshness-lock.sh	archive-only	Archived surface script.	low	/Users/ronnyworks/code/agentic-spine-archive/surfaces/archive/verify/d192-media-content-snapshot-freshness-lock.sh	archived_surface
surfaces/archive/verify/d193-ha-inventory-snapshot-completeness-lock.sh	archive-only	Archived surface script.	low	/Users/ronnyworks/code/agentic-spine-archive/surfaces/archive/verify/d193-ha-inventory-snapshot-completeness-lock.sh	archived_surface
surfaces/archive/verify/d194-network-inventory-snapshot-parity-lock.sh	archive-only	Archived surface script.	low	/Users/ronnyworks/code/agentic-spine-archive/surfaces/archive/verify/d194-network-inventory-snapshot-parity-lock.sh	archived_surface
surfaces/archive/verify/d195-domain-authority-boundary-lock.sh	archive-only	Archived surface script.	low	/Users/ronnyworks/code/agentic-spine-archive/surfaces/archive/verify/d195-domain-authority-boundary-lock.sh	archived_surface
surfaces/archive/verify/d198-calendar-home-runtime-lock.sh	archive-only	Archived surface script.	low	/Users/ronnyworks/code/agentic-spine-archive/surfaces/archive/verify/d198-calendar-home-runtime-lock.sh	archived_surface
surfaces/archive/verify/d200-domain-canonical-roots-lock.sh	archive-only	Archived surface script.	low	/Users/ronnyworks/code/agentic-spine-archive/surfaces/archive/verify/d200-domain-canonical-roots-lock.sh	archived_surface
surfaces/archive/verify/d201-domain-registrar-parity-lock.sh	archive-only	Archived surface script.	low	/Users/ronnyworks/code/agentic-spine-archive/surfaces/archive/verify/d201-domain-registrar-parity-lock.sh	archived_surface
surfaces/archive/verify/d202-domain-transfer-readiness-lock.sh	archive-only	Archived surface script.	low	/Users/ronnyworks/code/agentic-spine-archive/surfaces/archive/verify/d202-domain-transfer-readiness-lock.sh	archived_surface
surfaces/archive/verify/d205-calendar-external-snapshot-freshness-lock.sh	archive-only	Archived surface script.	low	/Users/ronnyworks/code/agentic-spine-archive/surfaces/archive/verify/d205-calendar-external-snapshot-freshness-lock.sh	archived_surface
surfaces/archive/verify/d207-calendar-ha-contract-materialization-lock.sh	archive-only	Archived surface script.	low	/Users/ronnyworks/code/agentic-spine-archive/surfaces/archive/verify/d207-calendar-ha-contract-materialization-lock.sh	archived_surface
surfaces/archive/verify/d208-calendar-ha-snapshot-freshness-lock.sh	archive-only	Archived surface script.	low	/Users/ronnyworks/code/agentic-spine-archive/surfaces/archive/verify/d208-calendar-ha-snapshot-freshness-lock.sh	archived_surface
surfaces/archive/verify/d210-domain-change-request-schema-lock.sh	archive-only	Archived surface script.	low	/Users/ronnyworks/code/agentic-spine-archive/surfaces/archive/verify/d210-domain-change-request-schema-lock.sh	archived_surface
surfaces/archive/verify/d211-domain-change-plan-completeness-lock.sh	archive-only	Archived surface script.	low	/Users/ronnyworks/code/agentic-spine-archive/surfaces/archive/verify/d211-domain-change-plan-completeness-lock.sh	archived_surface
surfaces/archive/verify/d214-secrets-deprecated-alias-lock.sh	archive-only	Archived surface script.	low	/Users/ronnyworks/code/agentic-spine-archive/surfaces/archive/verify/d214-secrets-deprecated-alias-lock.sh	archived_surface
surfaces/archive/verify/d215-mintprints-tunnel-ingress-lock.sh	archive-only	Archived surface script.	low	/Users/ronnyworks/code/agentic-spine-archive/surfaces/archive/verify/d215-mintprints-tunnel-ingress-lock.sh	archived_surface
surfaces/archive/verify/d217-mintprints-co-tunnel-ingress-lock.sh	archive-only	Archived surface script.	low	/Users/ronnyworks/code/agentic-spine-archive/surfaces/archive/verify/d217-mintprints-co-tunnel-ingress-lock.sh	archived_surface
surfaces/archive/verify/d22-nodes-drift.sh	archive-only	Archived surface script.	low	/Users/ronnyworks/code/agentic-spine-archive/surfaces/archive/verify/d22-nodes-drift.sh	archived_surface
surfaces/archive/verify/d220-media-recyclarr-language-enforcement-lock.sh	archive-only	Archived surface script.	low	/Users/ronnyworks/code/agentic-spine-archive/surfaces/archive/verify/d220-media-recyclarr-language-enforcement-lock.sh	archived_surface
surfaces/archive/verify/d221-stalwart-mail-dns-parity-lock.sh	archive-only	Archived surface script.	low	/Users/ronnyworks/code/agentic-spine-archive/surfaces/archive/verify/d221-stalwart-mail-dns-parity-lock.sh	archived_surface
surfaces/archive/verify/d222-quote-alert-provider-boundary-lock.sh	archive-only	Archived surface script.	low	/Users/ronnyworks/code/agentic-spine-archive/surfaces/archive/verify/d222-quote-alert-provider-boundary-lock.sh	archived_surface
surfaces/archive/verify/d223-media-vpn-routing-lock.sh	archive-only	Archived surface script.	low	/Users/ronnyworks/code/agentic-spine-archive/surfaces/archive/verify/d223-media-vpn-routing-lock.sh	archived_surface
surfaces/archive/verify/d227-mint-no-legacy-authority-lock.sh	archive-only	Archived surface script.	low	/Users/ronnyworks/code/agentic-spine-archive/surfaces/archive/verify/d227-mint-no-legacy-authority-lock.sh	archived_surface
surfaces/archive/verify/d228-jellyfin-introskipper-config-lock.sh	archive-only	Archived surface script.	low	/Users/ronnyworks/code/agentic-spine-archive/surfaces/archive/verify/d228-jellyfin-introskipper-config-lock.sh	archived_surface
surfaces/archive/verify/d229-media-nfs-io-health-lock.sh	archive-only	Archived surface script.	low	/Users/ronnyworks/code/agentic-spine-archive/surfaces/archive/verify/d229-media-nfs-io-health-lock.sh	archived_surface
surfaces/archive/verify/d23-health-drift.sh	archive-only	Archived surface script.	low	/Users/ronnyworks/code/agentic-spine-archive/surfaces/archive/verify/d23-health-drift.sh	archived_surface
surfaces/archive/verify/d230-lidarr-root-folder-health-lock.sh	archive-only	Archived surface script.	low	/Users/ronnyworks/code/agentic-spine-archive/surfaces/archive/verify/d230-lidarr-root-folder-health-lock.sh	archived_surface
surfaces/archive/verify/d231-media-docker-network-parity-lock.sh	archive-only	Archived surface script.	low	/Users/ronnyworks/code/agentic-spine-archive/surfaces/archive/verify/d231-media-docker-network-parity-lock.sh	archived_surface
surfaces/archive/verify/d232-media-sqlite-storage-lock.sh	archive-only	Archived surface script.	low	/Users/ronnyworks/code/agentic-spine-archive/surfaces/archive/verify/d232-media-sqlite-storage-lock.sh	archived_surface
surfaces/archive/verify/d237-docker-root-budget-lock.sh	archive-only	Archived surface script.	low	/Users/ronnyworks/code/agentic-spine-archive/surfaces/archive/verify/d237-docker-root-budget-lock.sh	archived_surface
surfaces/archive/verify/d238-mint-apps-write-surface-lock.sh	archive-only	Archived surface script.	low	/Users/ronnyworks/code/agentic-spine-archive/surfaces/archive/verify/d238-mint-apps-write-surface-lock.sh	archived_surface
surfaces/archive/verify/d239-storage-audit-snapshot-lock.sh	archive-only	Archived surface script.	low	/Users/ronnyworks/code/agentic-spine-archive/surfaces/archive/verify/d239-storage-audit-snapshot-lock.sh	archived_surface
surfaces/archive/verify/d24-github-labels-drift.sh	archive-only	Archived surface script.	low	/Users/ronnyworks/code/agentic-spine-archive/surfaces/archive/verify/d24-github-labels-drift.sh	archived_surface
surfaces/archive/verify/d240-media-import-list-policy-lock.sh	archive-only	Archived surface script.	low	/Users/ronnyworks/code/agentic-spine-archive/surfaces/archive/verify/d240-media-import-list-policy-lock.sh	archived_surface
surfaces/archive/verify/d241-mint-legacy-authority-lock.sh	archive-only	Archived surface script.	low	/Users/ronnyworks/code/agentic-spine-archive/surfaces/archive/verify/d241-mint-legacy-authority-lock.sh	archived_surface
surfaces/archive/verify/d242-mint-legacy-path-lock.sh	archive-only	Archived surface script.	low	/Users/ronnyworks/code/agentic-spine-archive/surfaces/archive/verify/d242-mint-legacy-path-lock.sh	archived_surface
surfaces/archive/verify/d243-mint-legacy-ingress-lock.sh	archive-only	Archived surface script.	low	/Users/ronnyworks/code/agentic-spine-archive/surfaces/archive/verify/d243-mint-legacy-ingress-lock.sh	archived_surface
surfaces/archive/verify/d244-mint-legacy-data-ice-lock.sh	archive-only	Archived surface script.	low	/Users/ronnyworks/code/agentic-spine-archive/surfaces/archive/verify/d244-mint-legacy-data-ice-lock.sh	archived_surface
surfaces/archive/verify/d245-mint-secrets-inventory-lock.sh	archive-only	Archived surface script.	low	/Users/ronnyworks/code/agentic-spine-archive/surfaces/archive/verify/d245-mint-secrets-inventory-lock.sh	archived_surface
surfaces/archive/verify/d246-mint-secrets-alias-drift-lock.sh	archive-only	Archived surface script.	low	/Users/ronnyworks/code/agentic-spine-archive/surfaces/archive/verify/d246-mint-secrets-alias-drift-lock.sh	archived_surface
surfaces/archive/verify/d247-mint-shipping-secrets-contract-lock.sh	archive-only	Archived surface script.	low	/Users/ronnyworks/code/agentic-spine-archive/surfaces/archive/verify/d247-mint-shipping-secrets-contract-lock.sh	archived_surface
surfaces/archive/verify/d248-mint-payment-secrets-contract-lock.sh	archive-only	Archived surface script.	low	/Users/ronnyworks/code/agentic-spine-archive/surfaces/archive/verify/d248-mint-payment-secrets-contract-lock.sh	archived_surface
surfaces/archive/verify/d249-mint-notifications-secrets-contract-lock.sh	archive-only	Archived surface script.	low	/Users/ronnyworks/code/agentic-spine-archive/surfaces/archive/verify/d249-mint-notifications-secrets-contract-lock.sh	archived_surface
surfaces/archive/verify/d250-mint-secrets-promotion-readiness-lock.sh	archive-only	Archived surface script.	low	/Users/ronnyworks/code/agentic-spine-archive/surfaces/archive/verify/d250-mint-secrets-promotion-readiness-lock.sh	archived_surface
surfaces/archive/verify/d251-nightly-closeout-lifecycle-lock.sh	archive-only	Archived surface script.	low	/Users/ronnyworks/code/agentic-spine-archive/surfaces/archive/verify/d251-nightly-closeout-lifecycle-lock.sh	archived_surface
surfaces/archive/verify/d252-container-oom-exit-lock.sh	archive-only	Archived surface script.	low	/Users/ronnyworks/code/agentic-spine-archive/surfaces/archive/verify/d252-container-oom-exit-lock.sh	archived_surface
surfaces/archive/verify/d253-service-health-state-aware-lock.sh	archive-only	Archived surface script.	low	/Users/ronnyworks/code/agentic-spine-archive/surfaces/archive/verify/d253-service-health-state-aware-lock.sh	archived_surface
surfaces/archive/verify/d254-image-age-budget-lock.sh	archive-only	Archived surface script.	low	/Users/ronnyworks/code/agentic-spine-archive/surfaces/archive/verify/d254-image-age-budget-lock.sh	archived_surface
surfaces/archive/verify/d255-md1400-capacity-monitor-lock.sh	archive-only	Archived surface script.	low	/Users/ronnyworks/code/agentic-spine-archive/surfaces/archive/verify/d255-md1400-capacity-monitor-lock.sh	archived_surface
surfaces/archive/verify/d256-credential-spof-lock.sh	archive-only	Archived surface script.	low	/Users/ronnyworks/code/agentic-spine-archive/surfaces/archive/verify/d256-credential-spof-lock.sh	archived_surface
surfaces/archive/verify/d257-media-capacity-guard-lock.sh	archive-only	Archived surface script.	low	/Users/ronnyworks/code/agentic-spine-archive/surfaces/archive/verify/d257-media-capacity-guard-lock.sh	archived_surface
surfaces/archive/verify/d258-ssh-lifecycle-cross-registry-parity-lock.sh	archive-only	Archived surface script.	low	/Users/ronnyworks/code/agentic-spine-archive/surfaces/archive/verify/d258-ssh-lifecycle-cross-registry-parity-lock.sh	archived_surface
surfaces/archive/verify/d259-onboarding-canonical-registration-lock.sh	archive-only	Archived surface script.	low	/Users/ronnyworks/code/agentic-spine-archive/surfaces/archive/verify/d259-onboarding-canonical-registration-lock.sh	archived_surface
surfaces/archive/verify/d26-agent-read-surface.sh	archive-only	Archived surface script.	low	/Users/ronnyworks/code/agentic-spine-archive/surfaces/archive/verify/d26-agent-read-surface.sh	archived_surface
surfaces/archive/verify/d261-auth-loop-blocked-auth-guard-lock.sh	archive-only	Archived surface script.	low	/Users/ronnyworks/code/agentic-spine-archive/surfaces/archive/verify/d261-auth-loop-blocked-auth-guard-lock.sh	archived_surface
surfaces/archive/verify/d262-ssh-tailscale-duplicate-truth-lock.sh	archive-only	Archived surface script.	low	/Users/ronnyworks/code/agentic-spine-archive/surfaces/archive/verify/d262-ssh-tailscale-duplicate-truth-lock.sh	archived_surface
surfaces/archive/verify/d263-governance-audits-write-target-lock.sh	archive-only	Archived surface script.	low	/Users/ronnyworks/code/agentic-spine-archive/surfaces/archive/verify/d263-governance-audits-write-target-lock.sh	archived_surface
surfaces/archive/verify/d264-worktree-root-lock.sh	archive-only	Archived surface script.	low	/Users/ronnyworks/code/agentic-spine-archive/surfaces/archive/verify/d264-worktree-root-lock.sh	archived_surface
surfaces/archive/verify/d265-active-lease-delete-lock.sh	archive-only	Archived surface script.	low	/Users/ronnyworks/code/agentic-spine-archive/surfaces/archive/verify/d265-active-lease-delete-lock.sh	archived_surface
surfaces/archive/verify/d266-archive-before-delete-lock.sh	archive-only	Archived surface script.	low	/Users/ronnyworks/code/agentic-spine-archive/surfaces/archive/verify/d266-archive-before-delete-lock.sh	archived_surface
surfaces/archive/verify/d267-branch-merged-or-explicit-token-lock.sh	archive-only	Archived surface script.	low	/Users/ronnyworks/code/agentic-spine-archive/surfaces/archive/verify/d267-branch-merged-or-explicit-token-lock.sh	archived_surface
surfaces/archive/verify/d268-resend-mcp-transactional-send-authority-lock.sh	archive-only	Archived surface script.	low	/Users/ronnyworks/code/agentic-spine-archive/surfaces/archive/verify/d268-resend-mcp-transactional-send-authority-lock.sh	archived_surface
surfaces/archive/verify/d269-communications-resend-webhook-schema-lock.sh	archive-only	Archived surface script.	low	/Users/ronnyworks/code/agentic-spine-archive/surfaces/archive/verify/d269-communications-resend-webhook-schema-lock.sh	archived_surface
surfaces/archive/verify/d27-fact-duplication-lock.sh	archive-only	Archived surface script.	low	/Users/ronnyworks/code/agentic-spine-archive/surfaces/archive/verify/d27-fact-duplication-lock.sh	archived_surface
surfaces/archive/verify/d270-communications-contacts-governance-lock.sh	archive-only	Archived surface script.	low	/Users/ronnyworks/code/agentic-spine-archive/surfaces/archive/verify/d270-communications-contacts-governance-lock.sh	archived_surface
surfaces/archive/verify/d271-communications-broadcast-governance-lock.sh	archive-only	Archived surface script.	low	/Users/ronnyworks/code/agentic-spine-archive/surfaces/archive/verify/d271-communications-broadcast-governance-lock.sh	archived_surface
surfaces/archive/verify/d272-n8n-resend-direct-bypass-lock.sh	archive-only	Archived surface script.	low	/Users/ronnyworks/code/agentic-spine-archive/surfaces/archive/verify/d272-n8n-resend-direct-bypass-lock.sh	archived_surface
surfaces/archive/verify/d273-communications-resend-expansion-contract-parity-lock.sh	archive-only	Archived surface script.	low	/Users/ronnyworks/code/agentic-spine-archive/surfaces/archive/verify/d273-communications-resend-expansion-contract-parity-lock.sh	archived_surface
surfaces/archive/verify/d274-receipt-closeout-completeness-lock.sh	archive-only	Archived surface script.	low	/Users/ronnyworks/code/agentic-spine-archive/surfaces/archive/verify/d274-receipt-closeout-completeness-lock.sh	archived_surface
surfaces/archive/verify/d275-single-authority-per-concern-lock.sh	archive-only	Archived surface script.	low	/Users/ronnyworks/code/agentic-spine-archive/surfaces/archive/verify/d275-single-authority-per-concern-lock.sh	archived_surface
surfaces/archive/verify/d276-fix-to-lock-closure-lock.sh	archive-only	Archived surface script.	low	/Users/ronnyworks/code/agentic-spine-archive/surfaces/archive/verify/d276-fix-to-lock-closure-lock.sh	archived_surface
surfaces/archive/verify/d277-runtime-freshness-reconcile-automation-lock.sh	archive-only	Archived surface script.	low	/Users/ronnyworks/code/agentic-spine-archive/surfaces/archive/verify/d277-runtime-freshness-reconcile-automation-lock.sh	archived_surface
surfaces/archive/verify/d278-gate-domain-profiles-high-churn-parity-lock.sh	archive-only	Archived surface script.	low	/Users/ronnyworks/code/agentic-spine-archive/surfaces/archive/verify/d278-gate-domain-profiles-high-churn-parity-lock.sh	archived_surface
surfaces/archive/verify/d279-plugins-manifest-high-churn-parity-lock.sh	archive-only	Archived surface script.	low	/Users/ronnyworks/code/agentic-spine-archive/surfaces/archive/verify/d279-plugins-manifest-high-churn-parity-lock.sh	archived_surface
surfaces/archive/verify/d28-legacy-path-lock.sh	archive-only	Archived surface script.	low	/Users/ronnyworks/code/agentic-spine-archive/surfaces/archive/verify/d28-legacy-path-lock.sh	archived_surface
surfaces/archive/verify/d281-ssh-target-lifecycle-lock.sh	archive-only	Archived surface script.	low	/Users/ronnyworks/code/agentic-spine-archive/surfaces/archive/verify/d281-ssh-target-lifecycle-lock.sh	archived_surface
surfaces/archive/verify/d282-verify-routing-correctness-lock.sh	archive-only	Archived surface script.	low	/Users/ronnyworks/code/agentic-spine-archive/surfaces/archive/verify/d282-verify-routing-correctness-lock.sh	archived_surface
surfaces/archive/verify/d283-domain-taxonomy-bridge-parity-lock.sh	archive-only	Archived surface script.	low	/Users/ronnyworks/code/agentic-spine-archive/surfaces/archive/verify/d283-domain-taxonomy-bridge-parity-lock.sh	archived_surface
surfaces/archive/verify/d284-gap-reference-integrity-lock.sh	archive-only	Archived surface script.	low	/Users/ronnyworks/code/agentic-spine-archive/surfaces/archive/verify/d284-gap-reference-integrity-lock.sh	archived_surface
surfaces/archive/verify/d285-entry-surface-gate-metadata-no-manual-drift-lock.sh	archive-only	Archived surface script.	low	/Users/ronnyworks/code/agentic-spine-archive/surfaces/archive/verify/d285-entry-surface-gate-metadata-no-manual-drift-lock.sh	archived_surface
surfaces/archive/verify/d286-critical-asset-utilization-freshness-lock.sh	archive-only	Archived surface script.	low	/Users/ronnyworks/code/agentic-spine-archive/surfaces/archive/verify/d286-critical-asset-utilization-freshness-lock.sh	archived_surface
surfaces/archive/verify/d287-verify-failure-snapshot-fatigue-lock.sh	archive-only	Archived surface script.	low	/Users/ronnyworks/code/agentic-spine-archive/surfaces/archive/verify/d287-verify-failure-snapshot-fatigue-lock.sh	archived_surface
surfaces/archive/verify/d288-receipts-subtraction-automation-lock.sh	archive-only	Archived surface script.	low	/Users/ronnyworks/code/agentic-spine-archive/surfaces/archive/verify/d288-receipts-subtraction-automation-lock.sh	archived_surface
surfaces/archive/verify/d289-loop-closeout-completeness-lock.sh	archive-only	Archived surface script.	low	/Users/ronnyworks/code/agentic-spine-archive/surfaces/archive/verify/d289-loop-closeout-completeness-lock.sh	archived_surface
surfaces/archive/verify/d29-active-entrypoint-lock.sh	archive-only	Archived surface script.	low	/Users/ronnyworks/code/agentic-spine-archive/surfaces/archive/verify/d29-active-entrypoint-lock.sh	archived_surface
surfaces/archive/verify/d291-gate-budget-add-one-retire-one-lock.sh	archive-only	Archived surface script.	low	/Users/ronnyworks/code/agentic-spine-archive/surfaces/archive/verify/d291-gate-budget-add-one-retire-one-lock.sh	archived_surface
surfaces/archive/verify/d292-communications-queue-pipeline-lock.sh	archive-only	Archived surface script.	low	/Users/ronnyworks/code/agentic-spine-archive/surfaces/archive/verify/d292-communications-queue-pipeline-lock.sh	archived_surface
surfaces/archive/verify/d293-ha-invariant-precondition-fail-open-lock.sh	archive-only	Archived surface script.	low	/Users/ronnyworks/code/agentic-spine-archive/surfaces/archive/verify/d293-ha-invariant-precondition-fail-open-lock.sh	archived_surface
surfaces/archive/verify/d294-proxmox-rogue-vm-detection-lock.sh	archive-only	Archived surface script.	low	/Users/ronnyworks/code/agentic-spine-archive/surfaces/archive/verify/d294-proxmox-rogue-vm-detection-lock.sh	archived_surface
surfaces/archive/verify/d295-undeclared-docker-stack-detection-lock.sh	archive-only	Archived surface script.	low	/Users/ronnyworks/code/agentic-spine-archive/surfaces/archive/verify/d295-undeclared-docker-stack-detection-lock.sh	archived_surface
surfaces/archive/verify/d296-runtime-job-wrapper-enforcement-lock.sh	archive-only	Archived surface script.	low	/Users/ronnyworks/code/agentic-spine-archive/surfaces/archive/verify/d296-runtime-job-wrapper-enforcement-lock.sh	archived_surface
surfaces/archive/verify/d297-runtime-script-registry-name-parity-lock.sh	archive-only	Archived surface script.	low	/Users/ronnyworks/code/agentic-spine-archive/surfaces/archive/verify/d297-runtime-script-registry-name-parity-lock.sh	archived_surface
surfaces/archive/verify/d298-orphan-runtime-script-detection-lock.sh	archive-only	Archived surface script.	low	/Users/ronnyworks/code/agentic-spine-archive/surfaces/archive/verify/d298-orphan-runtime-script-detection-lock.sh	archived_surface
surfaces/archive/verify/d299-launchd-scheduler-recency-lock.sh	archive-only	Archived surface script.	low	/Users/ronnyworks/code/agentic-spine-archive/surfaces/archive/verify/d299-launchd-scheduler-recency-lock.sh	archived_surface
surfaces/archive/verify/d30-active-config-lock.sh	archive-only	Archived surface script.	low	/Users/ronnyworks/code/agentic-spine-archive/surfaces/archive/verify/d30-active-config-lock.sh	archived_surface
surfaces/archive/verify/d300-recovery-engine-health.sh	archive-only	Archived surface script.	low	/Users/ronnyworks/code/agentic-spine-archive/surfaces/archive/verify/d300-recovery-engine-health.sh	archived_surface
surfaces/archive/verify/d301-gap-auto-close-health.sh	archive-only	Archived surface script.	low	/Users/ronnyworks/code/agentic-spine-archive/surfaces/archive/verify/d301-gap-auto-close-health.sh	archived_surface
surfaces/archive/verify/d302-uptime-kuma-health.sh	archive-only	Archived surface script.	low	/Users/ronnyworks/code/agentic-spine-archive/surfaces/archive/verify/d302-uptime-kuma-health.sh	archived_surface
surfaces/archive/verify/d303-media-compose-parity-lock.sh	archive-only	Archived surface script.	low	/Users/ronnyworks/code/agentic-spine-archive/surfaces/archive/verify/d303-media-compose-parity-lock.sh	archived_surface
surfaces/archive/verify/d304-media-watchtower-post-update-health.sh	archive-only	Archived surface script.	low	/Users/ronnyworks/code/agentic-spine-archive/surfaces/archive/verify/d304-media-watchtower-post-update-health.sh	archived_surface
surfaces/archive/verify/d305-internet-asset-registry-health.sh	archive-only	Archived surface script.	low	/Users/ronnyworks/code/agentic-spine-archive/surfaces/archive/verify/d305-internet-asset-registry-health.sh	archived_surface
surfaces/archive/verify/d306-proposals-lifecycle-integrity.sh	archive-only	Archived surface script.	low	/Users/ronnyworks/code/agentic-spine-archive/surfaces/archive/verify/d306-proposals-lifecycle-integrity.sh	archived_surface
surfaces/archive/verify/d307-friction-backlog-health.sh	archive-only	Archived surface script.	low	/Users/ronnyworks/code/agentic-spine-archive/surfaces/archive/verify/d307-friction-backlog-health.sh	archived_surface
surfaces/archive/verify/d308-planning-horizon-integrity.sh	archive-only	Archived surface script.	low	/Users/ronnyworks/code/agentic-spine-archive/surfaces/archive/verify/d308-planning-horizon-integrity.sh	archived_surface
surfaces/archive/verify/d309-projection-reconcile-health-lock.sh	archive-only	Archived surface script.	low	/Users/ronnyworks/code/agentic-spine-archive/surfaces/archive/verify/d309-projection-reconcile-health-lock.sh	archived_surface
surfaces/archive/verify/d31-home-output-sink-lock.sh	archive-only	Archived surface script.	low	/Users/ronnyworks/code/agentic-spine-archive/surfaces/archive/verify/d31-home-output-sink-lock.sh	archived_surface
surfaces/archive/verify/d310-tailnet-snapshot-parity-lock.sh	archive-only	Archived surface script.	low	/Users/ronnyworks/code/agentic-spine-archive/surfaces/archive/verify/d310-tailnet-snapshot-parity-lock.sh	archived_surface
surfaces/archive/verify/d311-communications-runbook-authority-lock.sh	archive-only	Archived surface script.	low	/Users/ronnyworks/code/agentic-spine-archive/surfaces/archive/verify/d311-communications-runbook-authority-lock.sh	archived_surface
surfaces/archive/verify/d312-tailscale-acl-policy-integrity-lock.sh	archive-only	Archived surface script.	low	/Users/ronnyworks/code/agentic-spine-archive/surfaces/archive/verify/d312-tailscale-acl-policy-integrity-lock.sh	archived_surface
surfaces/archive/verify/d313-tailscale-enrollment-security-lock.sh	archive-only	Archived surface script.	low	/Users/ronnyworks/code/agentic-spine-archive/surfaces/archive/verify/d313-tailscale-enrollment-security-lock.sh	archived_surface
surfaces/archive/verify/d314-tailscale-dns-coexistence-authority-lock.sh	archive-only	Archived surface script.	low	/Users/ronnyworks/code/agentic-spine-archive/surfaces/archive/verify/d314-tailscale-dns-coexistence-authority-lock.sh	archived_surface
surfaces/archive/verify/d315-cloudflare-auth-readpath-health-lock.sh	archive-only	Archived surface script.	low	/Users/ronnyworks/code/agentic-spine-archive/surfaces/archive/verify/d315-cloudflare-auth-readpath-health-lock.sh	archived_surface
surfaces/archive/verify/d316-cloudflare-domain-routing-parity-lock.sh	archive-only	Archived surface script.	low	/Users/ronnyworks/code/agentic-spine-archive/surfaces/archive/verify/d316-cloudflare-domain-routing-parity-lock.sh	archived_surface
surfaces/archive/verify/d317-service-public-cloudflare-mapping-lock.sh	archive-only	Archived surface script.	low	/Users/ronnyworks/code/agentic-spine-archive/surfaces/archive/verify/d317-service-public-cloudflare-mapping-lock.sh	archived_surface
surfaces/archive/verify/d318-mailarchiver-homarr-route-lock.sh	archive-only	Archived surface script.	low	/Users/ronnyworks/code/agentic-spine-archive/surfaces/archive/verify/d318-mailarchiver-homarr-route-lock.sh	archived_surface
surfaces/archive/verify/d319-vaultwarden-hygiene-compliance-lock.sh	archive-only	Archived surface script.	low	/Users/ronnyworks/code/agentic-spine-archive/surfaces/archive/verify/d319-vaultwarden-hygiene-compliance-lock.sh	archived_surface
surfaces/archive/verify/d32-codex-instruction-source-lock.sh	archive-only	Archived surface script.	low	/Users/ronnyworks/code/agentic-spine-archive/surfaces/archive/verify/d32-codex-instruction-source-lock.sh	archived_surface
surfaces/archive/verify/d320-backup-authority-collapse-lock.sh	archive-only	Archived surface script.	low	/Users/ronnyworks/code/agentic-spine-archive/surfaces/archive/verify/d320-backup-authority-collapse-lock.sh	archived_surface
surfaces/archive/verify/d320-infra-core-baseline-contract-lock.sh	archive-only	Archived surface script.	low	/Users/ronnyworks/code/agentic-spine-archive/surfaces/archive/verify/d320-infra-core-baseline-contract-lock.sh	archived_surface
surfaces/archive/verify/d321-lan-first-fallback-enforcement.sh	archive-only	Archived surface script.	low	/Users/ronnyworks/code/agentic-spine-archive/surfaces/archive/verify/d321-lan-first-fallback-enforcement.sh	archived_surface
surfaces/archive/verify/d322-wave-packet-integrity-lock.sh	archive-only	Archived surface script.	low	/Users/ronnyworks/code/agentic-spine-archive/surfaces/archive/verify/d322-wave-packet-integrity-lock.sh	archived_surface
surfaces/archive/verify/d323-dod-guard-closeout-lock.sh	archive-only	Archived surface script.	low	/Users/ronnyworks/code/agentic-spine-archive/surfaces/archive/verify/d323-dod-guard-closeout-lock.sh	archived_surface
surfaces/archive/verify/d324-evidence-refs-schema-lock.sh	archive-only	Archived surface script.	low	/Users/ronnyworks/code/agentic-spine-archive/surfaces/archive/verify/d324-evidence-refs-schema-lock.sh	archived_surface
surfaces/archive/verify/d325-traffic-index-freshness-lock.sh	archive-only	Archived surface script.	low	/Users/ronnyworks/code/agentic-spine-archive/surfaces/archive/verify/d325-traffic-index-freshness-lock.sh	archived_surface
surfaces/archive/verify/d326-path-claims-overlap-lock.sh	archive-only	Archived surface script.	low	/Users/ronnyworks/code/agentic-spine-archive/surfaces/archive/verify/d326-path-claims-overlap-lock.sh	archived_surface
surfaces/archive/verify/d327-role-handoff-boundary-lock.sh	archive-only	Archived surface script.	low	/Users/ronnyworks/code/agentic-spine-archive/surfaces/archive/verify/d327-role-handoff-boundary-lock.sh	archived_surface
surfaces/archive/verify/d328-mailroom-runtime-path-authority-lock.sh	archive-only	Archived surface script.	low	/Users/ronnyworks/code/agentic-spine-archive/surfaces/archive/verify/d328-mailroom-runtime-path-authority-lock.sh	archived_surface
surfaces/archive/verify/d329-watcher-paid-provider-circuit-breaker-lock.sh	archive-only	Archived surface script.	low	/Users/ronnyworks/code/agentic-spine-archive/surfaces/archive/verify/d329-watcher-paid-provider-circuit-breaker-lock.sh	archived_surface
surfaces/archive/verify/d33-extraction-pause-lock.sh	archive-only	Archived surface script.	low	/Users/ronnyworks/code/agentic-spine-archive/surfaces/archive/verify/d33-extraction-pause-lock.sh	archived_surface
surfaces/archive/verify/d330-execution-topology-enforcement.sh	archive-only	Archived surface script.	low	/Users/ronnyworks/code/agentic-spine-archive/surfaces/archive/verify/d330-execution-topology-enforcement.sh	archived_surface
surfaces/archive/verify/d332-gap-schema-conformance-lock.sh	archive-only	Archived surface script.	low	/Users/ronnyworks/code/agentic-spine-archive/surfaces/archive/verify/d332-gap-schema-conformance-lock.sh	archived_surface
surfaces/archive/verify/d333-communications-provider-type-enum-lock.sh	archive-only	Archived surface script.	low	/Users/ronnyworks/code/agentic-spine-archive/surfaces/archive/verify/d333-communications-provider-type-enum-lock.sh	archived_surface
surfaces/archive/verify/d333-watcher-inference-contract-lock.sh	archive-only	Archived surface script.	low	/Users/ronnyworks/code/agentic-spine-archive/surfaces/archive/verify/d333-watcher-inference-contract-lock.sh	archived_surface
surfaces/archive/verify/d334-service-lifecycle-publish-enforcement.sh	archive-only	Archived surface script.	low	/Users/ronnyworks/code/agentic-spine-archive/surfaces/archive/verify/d334-service-lifecycle-publish-enforcement.sh	archived_surface
surfaces/archive/verify/d335-communications-mail-archiver-stabilization-lock.sh	archive-only	Archived surface script.	low	/Users/ronnyworks/code/agentic-spine-archive/surfaces/archive/verify/d335-communications-mail-archiver-stabilization-lock.sh	archived_surface
surfaces/archive/verify/d341-lock-live-owner-safety-lock.sh	archive-only	Archived surface script.	low	/Users/ronnyworks/code/agentic-spine-archive/surfaces/archive/verify/d341-lock-live-owner-safety-lock.sh	archived_surface
surfaces/archive/verify/d342-shared-authority-write-path-lock.sh	archive-only	Archived surface script.	low	/Users/ronnyworks/code/agentic-spine-archive/surfaces/archive/verify/d342-shared-authority-write-path-lock.sh	archived_surface
surfaces/archive/verify/d343-plans-lifecycle-integrity-lock.sh	archive-only	Archived surface script.	low	/Users/ronnyworks/code/agentic-spine-archive/surfaces/archive/verify/d343-plans-lifecycle-integrity-lock.sh	archived_surface
surfaces/archive/verify/d344-mailroom-inventory-write-path-lock.sh	archive-only	Archived surface script.	low	/Users/ronnyworks/code/agentic-spine-archive/surfaces/archive/verify/d344-mailroom-inventory-write-path-lock.sh	archived_surface
surfaces/archive/verify/d345-db-projection-parity-lock.sh	archive-only	Archived surface script.	low	/Users/ronnyworks/code/agentic-spine-archive/surfaces/archive/verify/d345-db-projection-parity-lock.sh	archived_surface
surfaces/archive/verify/d346-migration-idempotency-lock.sh	archive-only	Archived surface script.	low	/Users/ronnyworks/code/agentic-spine-archive/surfaces/archive/verify/d346-migration-idempotency-lock.sh	archived_surface
surfaces/archive/verify/d352-resend-domain-canonical-parity-lock.sh	archive-only	Archived surface script.	low	/Users/ronnyworks/code/agentic-spine-archive/surfaces/archive/verify/d352-resend-domain-canonical-parity-lock.sh	archived_surface
surfaces/archive/verify/d353-mcp-config-projection-parity-lock.sh	archive-only	Archived surface script.	low	/Users/ronnyworks/code/agentic-spine-archive/surfaces/archive/verify/d353-mcp-config-projection-parity-lock.sh	archived_surface
surfaces/archive/verify/d354-mcp-runtime-health-lock.sh	archive-only	Archived surface script.	low	/Users/ronnyworks/code/agentic-spine-archive/surfaces/archive/verify/d354-mcp-runtime-health-lock.sh	archived_surface
surfaces/archive/verify/d355-nightly-closeout-auto-apply-safety-lock.sh	archive-only	Archived surface script.	low	/Users/ronnyworks/code/agentic-spine-archive/surfaces/archive/verify/d355-nightly-closeout-auto-apply-safety-lock.sh	archived_surface
surfaces/archive/verify/d356-snapshot-readonly-writepath-lock.sh	archive-only	Archived surface script.	low	/Users/ronnyworks/code/agentic-spine-archive/surfaces/archive/verify/d356-snapshot-readonly-writepath-lock.sh	archived_surface
surfaces/archive/verify/d357-main-remote-parity-hard-lock.sh	archive-only	Archived surface script.	low	/Users/ronnyworks/code/agentic-spine-archive/surfaces/archive/verify/d357-main-remote-parity-hard-lock.sh	archived_surface
surfaces/archive/verify/d358-root-closeout-cleanliness-lock.sh	archive-only	Archived surface script.	low	/Users/ronnyworks/code/agentic-spine-archive/surfaces/archive/verify/d358-root-closeout-cleanliness-lock.sh	archived_surface
surfaces/archive/verify/d359-snapshot-writepath-promoter-guard.sh	archive-only	Archived surface script.	low	/Users/ronnyworks/code/agentic-spine-archive/surfaces/archive/verify/d359-snapshot-writepath-promoter-guard.sh	archived_surface
surfaces/archive/verify/d36-legacy-exception-hygiene-lock.sh	archive-only	Archived surface script.	low	/Users/ronnyworks/code/agentic-spine-archive/surfaces/archive/verify/d36-legacy-exception-hygiene-lock.sh	archived_surface
surfaces/archive/verify/d360-mint-branch-protection-drift-lock.sh	archive-only	Archived surface script.	low	/Users/ronnyworks/code/agentic-spine-archive/surfaces/archive/verify/d360-mint-branch-protection-drift-lock.sh	archived_surface
surfaces/archive/verify/d361-taxlegal-boundary-lock.sh	archive-only	Archived surface script.	low	/Users/ronnyworks/code/agentic-spine-archive/surfaces/archive/verify/d361-taxlegal-boundary-lock.sh	archived_surface
surfaces/archive/verify/d362-taxlegal-citation-strictness-lock.sh	archive-only	Archived surface script.	low	/Users/ronnyworks/code/agentic-spine-archive/surfaces/archive/verify/d362-taxlegal-citation-strictness-lock.sh	archived_surface
surfaces/archive/verify/d363-taxlegal-privacy-redaction-lock.sh	archive-only	Archived surface script.	low	/Users/ronnyworks/code/agentic-spine-archive/surfaces/archive/verify/d363-taxlegal-privacy-redaction-lock.sh	archived_surface
surfaces/archive/verify/d364-taxlegal-deadline-freshness-lock.sh	archive-only	Archived surface script.	low	/Users/ronnyworks/code/agentic-spine-archive/surfaces/archive/verify/d364-taxlegal-deadline-freshness-lock.sh	archived_surface
surfaces/archive/verify/d365-mailroom-outbox-retention-lock.sh	archive-only	Archived surface script.	low	/Users/ronnyworks/code/agentic-spine-archive/surfaces/archive/verify/d365-mailroom-outbox-retention-lock.sh	archived_surface
surfaces/archive/verify/d367-multi-agent-proposal-trailer-lock.sh	archive-only	Archived surface script.	low	/Users/ronnyworks/code/agentic-spine-archive/surfaces/archive/verify/d367-multi-agent-proposal-trailer-lock.sh	archived_surface
surfaces/archive/verify/d368-planned-loop-review-freshness-lock.sh	archive-only	Archived surface script.	low	/Users/ronnyworks/code/agentic-spine-archive/surfaces/archive/verify/d368-planned-loop-review-freshness-lock.sh	archived_surface
surfaces/archive/verify/d37-infra-placement-policy-lock.sh	archive-only	Archived surface script.	low	/Users/ronnyworks/code/agentic-spine-archive/surfaces/archive/verify/d37-infra-placement-policy-lock.sh	archived_surface
surfaces/archive/verify/d371-netsec-dns-authority-lock.sh	archive-only	Archived surface script.	low	/Users/ronnyworks/code/agentic-spine-archive/surfaces/archive/verify/d371-netsec-dns-authority-lock.sh	archived_surface
surfaces/archive/verify/d372-netsec-pihole-drift-lock.sh	archive-only	Archived surface script.	low	/Users/ronnyworks/code/agentic-spine-archive/surfaces/archive/verify/d372-netsec-pihole-drift-lock.sh	archived_surface
surfaces/archive/verify/d373-netsec-stack-discovery-freshness-lock.sh	archive-only	Archived surface script.	low	/Users/ronnyworks/code/agentic-spine-archive/surfaces/archive/verify/d373-netsec-stack-discovery-freshness-lock.sh	archived_surface
surfaces/archive/verify/d374-netsec-ids-tuning-lock.sh	archive-only	Archived surface script.	low	/Users/ronnyworks/code/agentic-spine-archive/surfaces/archive/verify/d374-netsec-ids-tuning-lock.sh	archived_surface
surfaces/archive/verify/d375-netsec-crowdsec-health-lock.sh	archive-only	Archived surface script.	low	/Users/ronnyworks/code/agentic-spine-archive/surfaces/archive/verify/d375-netsec-crowdsec-health-lock.sh	archived_surface
surfaces/archive/verify/d376-netsec-honeypot-isolation-lock.sh	archive-only	Archived surface script.	low	/Users/ronnyworks/code/agentic-spine-archive/surfaces/archive/verify/d376-netsec-honeypot-isolation-lock.sh	archived_surface
surfaces/archive/verify/d377-mailroom-runtime-split-brain-lock.sh	archive-only	Archived surface script.	low	/Users/ronnyworks/code/agentic-spine-archive/surfaces/archive/verify/d377-mailroom-runtime-split-brain-lock.sh	archived_surface
surfaces/archive/verify/d378-inbox-shield-phase1-parity-lock.sh	archive-only	Archived surface script.	low	/Users/ronnyworks/code/agentic-spine-archive/surfaces/archive/verify/d378-inbox-shield-phase1-parity-lock.sh	archived_surface
surfaces/archive/verify/d38-extraction-hygiene-lock.sh	archive-only	Archived surface script.	low	/Users/ronnyworks/code/agentic-spine-archive/surfaces/archive/verify/d38-extraction-hygiene-lock.sh	archived_surface
surfaces/archive/verify/d381-mailroom-boundary-pollution-lock.sh	archive-only	Archived surface script.	low	/Users/ronnyworks/code/agentic-spine-archive/surfaces/archive/verify/d381-mailroom-boundary-pollution-lock.sh	archived_surface
surfaces/archive/verify/d39-infra-hypervisor-identity-lock.sh	archive-only	Archived surface script.	low	/Users/ronnyworks/code/agentic-spine-archive/surfaces/archive/verify/d39-infra-hypervisor-identity-lock.sh	archived_surface
surfaces/archive/verify/d40-maker-tools-drift.sh	archive-only	Archived surface script.	low	/Users/ronnyworks/code/agentic-spine-archive/surfaces/archive/verify/d40-maker-tools-drift.sh	archived_surface
surfaces/archive/verify/d41-hidden-root-governance-lock.sh	archive-only	Archived surface script.	low	/Users/ronnyworks/code/agentic-spine-archive/surfaces/archive/verify/d41-hidden-root-governance-lock.sh	archived_surface
surfaces/archive/verify/d42-code-path-case-lock.sh	archive-only	Archived surface script.	low	/Users/ronnyworks/code/agentic-spine-archive/surfaces/archive/verify/d42-code-path-case-lock.sh	archived_surface
surfaces/archive/verify/d44-cli-tools-discovery-lock.sh	archive-only	Archived surface script.	low	/Users/ronnyworks/code/agentic-spine-archive/surfaces/archive/verify/d44-cli-tools-discovery-lock.sh	archived_surface
surfaces/archive/verify/d45-naming-consistency-lock.sh	archive-only	Archived surface script.	low	/Users/ronnyworks/code/agentic-spine-archive/surfaces/archive/verify/d45-naming-consistency-lock.sh	archived_surface
surfaces/archive/verify/d46-claude-instruction-source-lock.sh	archive-only	Archived surface script.	low	/Users/ronnyworks/code/agentic-spine-archive/surfaces/archive/verify/d46-claude-instruction-source-lock.sh	archived_surface
surfaces/archive/verify/d47-brain-surface-path-lock.sh	archive-only	Archived surface script.	low	/Users/ronnyworks/code/agentic-spine-archive/surfaces/archive/verify/d47-brain-surface-path-lock.sh	archived_surface
surfaces/archive/verify/d48-codex-worktree-hygiene.sh	archive-only	Archived surface script.	low	/Users/ronnyworks/code/agentic-spine-archive/surfaces/archive/verify/d48-codex-worktree-hygiene.sh	archived_surface
surfaces/archive/verify/d49-agent-discovery-lock.sh	archive-only	Archived surface script.	low	/Users/ronnyworks/code/agentic-spine-archive/surfaces/archive/verify/d49-agent-discovery-lock.sh	archived_surface
surfaces/archive/verify/d50-gitea-ci-workflow-lock.sh	archive-only	Archived surface script.	low	/Users/ronnyworks/code/agentic-spine-archive/surfaces/archive/verify/d50-gitea-ci-workflow-lock.sh	archived_surface
surfaces/archive/verify/d51-caddy-proto-lock.sh	archive-only	Archived surface script.	low	/Users/ronnyworks/code/agentic-spine-archive/surfaces/archive/verify/d51-caddy-proto-lock.sh	archived_surface
surfaces/archive/verify/d52-udr6-gateway-assertion.sh	archive-only	Archived surface script.	low	/Users/ronnyworks/code/agentic-spine-archive/surfaces/archive/verify/d52-udr6-gateway-assertion.sh	archived_surface
surfaces/archive/verify/d53-change-pack-integrity-lock.sh	archive-only	Archived surface script.	low	/Users/ronnyworks/code/agentic-spine-archive/surfaces/archive/verify/d53-change-pack-integrity-lock.sh	archived_surface
surfaces/archive/verify/d56-agent-entry-surface-lock.sh	archive-only	Archived surface script.	low	/Users/ronnyworks/code/agentic-spine-archive/surfaces/archive/verify/d56-agent-entry-surface-lock.sh	archived_surface
surfaces/archive/verify/d57-infra-identity-cohesion-lock.sh	archive-only	Archived surface script.	low	/Users/ronnyworks/code/agentic-spine-archive/surfaces/archive/verify/d57-infra-identity-cohesion-lock.sh	archived_surface
surfaces/archive/verify/d58-ssot-freshness-lock.sh	archive-only	Archived surface script.	low	/Users/ronnyworks/code/agentic-spine-archive/surfaces/archive/verify/d58-ssot-freshness-lock.sh	archived_surface
surfaces/archive/verify/d59-cross-registry-completeness-lock.sh	archive-only	Archived surface script.	low	/Users/ronnyworks/code/agentic-spine-archive/surfaces/archive/verify/d59-cross-registry-completeness-lock.sh	archived_surface
surfaces/archive/verify/d60-deprecation-sweeper.sh	archive-only	Archived surface script.	low	/Users/ronnyworks/code/agentic-spine-archive/surfaces/archive/verify/d60-deprecation-sweeper.sh	archived_surface
surfaces/archive/verify/d61-session-loop-traceability-lock.sh	archive-only	Archived surface script.	low	/Users/ronnyworks/code/agentic-spine-archive/surfaces/archive/verify/d61-session-loop-traceability-lock.sh	archived_surface
surfaces/archive/verify/d62-git-remote-parity-lock.sh	archive-only	Archived surface script.	low	/Users/ronnyworks/code/agentic-spine-archive/surfaces/archive/verify/d62-git-remote-parity-lock.sh	archived_surface
surfaces/archive/verify/d64-git-remote-authority-warn.sh	archive-only	Archived surface script.	low	/Users/ronnyworks/code/agentic-spine-archive/surfaces/archive/verify/d64-git-remote-authority-warn.sh	archived_surface
surfaces/archive/verify/d65-agent-briefing-sync-lock.sh	archive-only	Archived surface script.	low	/Users/ronnyworks/code/agentic-spine-archive/surfaces/archive/verify/d65-agent-briefing-sync-lock.sh	archived_surface
surfaces/archive/verify/d66-mcp-parity-gate.sh	archive-only	Archived surface script.	low	/Users/ronnyworks/code/agentic-spine-archive/surfaces/archive/verify/d66-mcp-parity-gate.sh	archived_surface
surfaces/archive/verify/d68-rag-canonical-only-gate.sh	archive-only	Archived surface script.	low	/Users/ronnyworks/code/agentic-spine-archive/surfaces/archive/verify/d68-rag-canonical-only-gate.sh	archived_surface
surfaces/archive/verify/d70-secrets-deprecated-alias-lock.sh	archive-only	Archived surface script.	low	/Users/ronnyworks/code/agentic-spine-archive/surfaces/archive/verify/d70-secrets-deprecated-alias-lock.sh	archived_surface
surfaces/archive/verify/d71-deprecated-ref-allowlist-lock.sh	archive-only	Archived surface script.	low	/Users/ronnyworks/code/agentic-spine-archive/surfaces/archive/verify/d71-deprecated-ref-allowlist-lock.sh	archived_surface
surfaces/archive/verify/d72-macbook-hotkey-ssot-lock.sh	archive-only	Archived surface script.	low	/Users/ronnyworks/code/agentic-spine-archive/surfaces/archive/verify/d72-macbook-hotkey-ssot-lock.sh	archived_surface
surfaces/archive/verify/d73-opencode-governed-entry-lock.sh	archive-only	Archived surface script.	low	/Users/ronnyworks/code/agentic-spine-archive/surfaces/archive/verify/d73-opencode-governed-entry-lock.sh	archived_surface
surfaces/archive/verify/d74-billing-provider-lane-lock.sh	archive-only	Archived surface script.	low	/Users/ronnyworks/code/agentic-spine-archive/surfaces/archive/verify/d74-billing-provider-lane-lock.sh	archived_surface
surfaces/archive/verify/d76-home-surface-hygiene-lock.sh	archive-only	Archived surface script.	low	/Users/ronnyworks/code/agentic-spine-archive/surfaces/archive/verify/d76-home-surface-hygiene-lock.sh	archived_surface
surfaces/archive/verify/d77-workbench-contract-lock.sh	archive-only	Archived surface script.	low	/Users/ronnyworks/code/agentic-spine-archive/surfaces/archive/verify/d77-workbench-contract-lock.sh	archived_surface
surfaces/archive/verify/d79-workbench-script-allowlist-lock.sh	archive-only	Archived surface script.	low	/Users/ronnyworks/code/agentic-spine-archive/surfaces/archive/verify/d79-workbench-script-allowlist-lock.sh	archived_surface
surfaces/archive/verify/d80-workbench-authority-trace-lock.sh	archive-only	Archived surface script.	low	/Users/ronnyworks/code/agentic-spine-archive/surfaces/archive/verify/d80-workbench-authority-trace-lock.sh	archived_surface
surfaces/archive/verify/d81-plugin-test-regression-lock.sh	archive-only	Archived surface script.	low	/Users/ronnyworks/code/agentic-spine-archive/surfaces/archive/verify/d81-plugin-test-regression-lock.sh	archived_surface
surfaces/archive/verify/d82-share-publish-governance-lock.sh	archive-only	Archived surface script.	low	/Users/ronnyworks/code/agentic-spine-archive/surfaces/archive/verify/d82-share-publish-governance-lock.sh	archived_surface
surfaces/archive/verify/d84-docs-index-registration-lock.sh	archive-only	Archived surface script.	low	/Users/ronnyworks/code/agentic-spine-archive/surfaces/archive/verify/d84-docs-index-registration-lock.sh	archived_surface
surfaces/archive/verify/d85-gate-registry-parity-lock.sh	archive-only	Archived surface script.	low	/Users/ronnyworks/code/agentic-spine-archive/surfaces/archive/verify/d85-gate-registry-parity-lock.sh	archived_surface
surfaces/archive/verify/d86-vm-operating-profile-parity-lock.sh	archive-only	Archived surface script.	low	/Users/ronnyworks/code/agentic-spine-archive/surfaces/archive/verify/d86-vm-operating-profile-parity-lock.sh	archived_surface
surfaces/archive/verify/d87-rag-workspace-contract-lock.sh	archive-only	Archived surface script.	low	/Users/ronnyworks/code/agentic-spine-archive/surfaces/archive/verify/d87-rag-workspace-contract-lock.sh	archived_surface
surfaces/archive/verify/d89-rag-reindex-quality-contract-lock.sh	archive-only	Archived surface script.	low	/Users/ronnyworks/code/agentic-spine-archive/surfaces/archive/verify/d89-rag-reindex-quality-contract-lock.sh	archived_surface
surfaces/archive/verify/d90-rag-reindex-runtime-quality-gate.sh	archive-only	Archived surface script.	low	/Users/ronnyworks/code/agentic-spine-archive/surfaces/archive/verify/d90-rag-reindex-runtime-quality-gate.sh	archived_surface
surfaces/archive/verify/d94-policy-runtime-enforcement-lock.sh	archive-only	Archived surface script.	low	/Users/ronnyworks/code/agentic-spine-archive/surfaces/archive/verify/d94-policy-runtime-enforcement-lock.sh	archived_surface
surfaces/archive/verify/d95-version-compat-matrix-lock.sh	archive-only	Archived surface script.	low	/Users/ronnyworks/code/agentic-spine-archive/surfaces/archive/verify/d95-version-compat-matrix-lock.sh	archived_surface
surfaces/archive/verify/d96-evidence-retention-policy-lock.sh	archive-only	Archived surface script.	low	/Users/ronnyworks/code/agentic-spine-archive/surfaces/archive/verify/d96-evidence-retention-policy-lock.sh	archived_surface
surfaces/archive/verify/d97-surface-readonly-contract-lock.sh	archive-only	Archived surface script.	low	/Users/ronnyworks/code/agentic-spine-archive/surfaces/archive/verify/d97-surface-readonly-contract-lock.sh	archived_surface
surfaces/archive/verify/d99-ha-token-freshness.sh	archive-only	Archived surface script.	low	/Users/ronnyworks/code/agentic-spine-archive/surfaces/archive/verify/d99-ha-token-freshness.sh	archived_surface
surfaces/archive/verify/doc-drift-check.sh	archive-only	Archived surface script.	low	/Users/ronnyworks/code/agentic-spine-archive/surfaces/archive/verify/doc-drift-check.sh	archived_surface
surfaces/archive/verify/foundation-gate.sh	archive-only	Archived surface script.	low	/Users/ronnyworks/code/agentic-spine-archive/surfaces/archive/verify/foundation-gate.sh	archived_surface
surfaces/archive/verify/github-actions-gate.sh	archive-only	Archived surface script.	low	/Users/ronnyworks/code/agentic-spine-archive/surfaces/archive/verify/github-actions-gate.sh	archived_surface
surfaces/archive/verify/health-check.sh	archive-only	Archived surface script.	low	/Users/ronnyworks/code/agentic-spine-archive/surfaces/archive/verify/health-check.sh	archived_surface
surfaces/archive/verify/ledger-reconcile.sh	archive-only	Archived surface script.	low	/Users/ronnyworks/code/agentic-spine-archive/surfaces/archive/verify/ledger-reconcile.sh	archived_surface
surfaces/archive/verify/loops-smoke.sh	archive-only	Archived surface script.	low	/Users/ronnyworks/code/agentic-spine-archive/surfaces/archive/verify/loops-smoke.sh	archived_surface
surfaces/archive/verify/monitoring_verify.sh	archive-only	Archived surface script.	low	/Users/ronnyworks/code/agentic-spine-archive/surfaces/archive/verify/monitoring_verify.sh	archived_surface
surfaces/archive/verify/no-drift-roots-gate.sh	archive-only	Archived surface script.	low	/Users/ronnyworks/code/agentic-spine-archive/surfaces/archive/verify/no-drift-roots-gate.sh	archived_surface
surfaces/archive/verify/receipt-grade-verify.sh	archive-only	Archived surface script.	low	/Users/ronnyworks/code/agentic-spine-archive/surfaces/archive/verify/receipt-grade-verify.sh	archived_surface
surfaces/archive/verify/replay-test.sh	archive-only	Archived surface script.	low	/Users/ronnyworks/code/agentic-spine-archive/surfaces/archive/verify/replay-test.sh	archived_surface
surfaces/archive/verify/secrets_verify.sh	archive-only	Archived surface script.	low	/Users/ronnyworks/code/agentic-spine-archive/surfaces/archive/verify/secrets_verify.sh	archived_surface
surfaces/archive/verify/spine-verify.sh	archive-only	Archived surface script.	low	/Users/ronnyworks/code/agentic-spine-archive/surfaces/archive/verify/spine-verify.sh	archived_surface
surfaces/archive/verify/stack-health.sh	archive-only	Archived surface script.	low	/Users/ronnyworks/code/agentic-spine-archive/surfaces/archive/verify/stack-health.sh	archived_surface
surfaces/archive/verify/tests/d148-test.sh	archive-only	Archived surface script.	low	/Users/ronnyworks/code/agentic-spine-archive/surfaces/archive/verify/tests/d148-test.sh	archived_surface
surfaces/archive/verify/tests/d34-test.sh	archive-only	Archived surface script.	low	/Users/ronnyworks/code/agentic-spine-archive/surfaces/archive/verify/tests/d34-test.sh	archived_surface
surfaces/archive/verify/tests/d347-test.sh	archive-only	Archived surface script.	low	/Users/ronnyworks/code/agentic-spine-archive/surfaces/archive/verify/tests/d347-test.sh	archived_surface
surfaces/archive/verify/tests/d348-test.sh	archive-only	Archived surface script.	low	/Users/ronnyworks/code/agentic-spine-archive/surfaces/archive/verify/tests/d348-test.sh	archived_surface
surfaces/archive/verify/tests/d349-test.sh	archive-only	Archived surface script.	low	/Users/ronnyworks/code/agentic-spine-archive/surfaces/archive/verify/tests/d349-test.sh	archived_surface
surfaces/archive/verify/tests/d350-test.sh	archive-only	Archived surface script.	low	/Users/ronnyworks/code/agentic-spine-archive/surfaces/archive/verify/tests/d350-test.sh	archived_surface
surfaces/archive/verify/tests/d377-test.sh	archive-only	Archived surface script.	low	/Users/ronnyworks/code/agentic-spine-archive/surfaces/archive/verify/tests/d377-test.sh	archived_surface
surfaces/archive/verify/tests/d58-test.sh	archive-only	Archived surface script.	low	/Users/ronnyworks/code/agentic-spine-archive/surfaces/archive/verify/tests/d58-test.sh	archived_surface
surfaces/archive/verify/tests/d61-session-loop-traceability-lock-test.sh	archive-only	Archived surface script.	low	/Users/ronnyworks/code/agentic-spine-archive/surfaces/archive/verify/tests/d61-session-loop-traceability-lock-test.sh	archived_surface
surfaces/archive/verify/tests/d75-test.sh	archive-only	Archived surface script.	low	/Users/ronnyworks/code/agentic-spine-archive/surfaces/archive/verify/tests/d75-test.sh	archived_surface
surfaces/archive/verify/tests/d76-test.sh	archive-only	Archived surface script.	low	/Users/ronnyworks/code/agentic-spine-archive/surfaces/archive/verify/tests/d76-test.sh	archived_surface
surfaces/archive/verify/tests/d77-test.sh	archive-only	Archived surface script.	low	/Users/ronnyworks/code/agentic-spine-archive/surfaces/archive/verify/tests/d77-test.sh	archived_surface
surfaces/archive/verify/tests/d78-test.sh	archive-only	Archived surface script.	low	/Users/ronnyworks/code/agentic-spine-archive/surfaces/archive/verify/tests/d78-test.sh	archived_surface
surfaces/archive/verify/tests/d79-test.sh	archive-only	Archived surface script.	low	/Users/ronnyworks/code/agentic-spine-archive/surfaces/archive/verify/tests/d79-test.sh	archived_surface
surfaces/archive/verify/tests/d80-test.sh	archive-only	Archived surface script.	low	/Users/ronnyworks/code/agentic-spine-archive/surfaces/archive/verify/tests/d80-test.sh	archived_surface
surfaces/archive/verify/tests/d81-test.sh	archive-only	Archived surface script.	low	/Users/ronnyworks/code/agentic-spine-archive/surfaces/archive/verify/tests/d81-test.sh	archived_surface
surfaces/archive/verify/tests/d82-test.sh	archive-only	Archived surface script.	low	/Users/ronnyworks/code/agentic-spine-archive/surfaces/archive/verify/tests/d82-test.sh	archived_surface
surfaces/archive/verify/tests/d83-test.sh	archive-only	Archived surface script.	low	/Users/ronnyworks/code/agentic-spine-archive/surfaces/archive/verify/tests/d83-test.sh	archived_surface
surfaces/archive/verify/tests/d85-test.sh	archive-only	Archived surface script.	low	/Users/ronnyworks/code/agentic-spine-archive/surfaces/archive/verify/tests/d85-test.sh	archived_surface
surfaces/archive/verify/tests/d86-test.sh	archive-only	Archived surface script.	low	/Users/ronnyworks/code/agentic-spine-archive/surfaces/archive/verify/tests/d86-test.sh	archived_surface
surfaces/archive/verify/tests/d87-test.sh	archive-only	Archived surface script.	low	/Users/ronnyworks/code/agentic-spine-archive/surfaces/archive/verify/tests/d87-test.sh	archived_surface
surfaces/archive/verify/tests/d88-test.sh	archive-only	Archived surface script.	low	/Users/ronnyworks/code/agentic-spine-archive/surfaces/archive/verify/tests/d88-test.sh	archived_surface
surfaces/archive/verify/tests/d90-test.sh	archive-only	Archived surface script.	low	/Users/ronnyworks/code/agentic-spine-archive/surfaces/archive/verify/tests/d90-test.sh	archived_surface
surfaces/archive/verify/tests/d91-test.sh	archive-only	Archived surface script.	low	/Users/ronnyworks/code/agentic-spine-archive/surfaces/archive/verify/tests/d91-test.sh	archived_surface
surfaces/archive/verify/tests/d93-test.sh	archive-only	Archived surface script.	low	/Users/ronnyworks/code/agentic-spine-archive/surfaces/archive/verify/tests/d93-test.sh	archived_surface
surfaces/archive/verify/tests/d94-test.sh	archive-only	Archived surface script.	low	/Users/ronnyworks/code/agentic-spine-archive/surfaces/archive/verify/tests/d94-test.sh	archived_surface
surfaces/archive/verify/tests/d95-test.sh	archive-only	Archived surface script.	low	/Users/ronnyworks/code/agentic-spine-archive/surfaces/archive/verify/tests/d95-test.sh	archived_surface
surfaces/archive/verify/tests/d96-test.sh	archive-only	Archived surface script.	low	/Users/ronnyworks/code/agentic-spine-archive/surfaces/archive/verify/tests/d96-test.sh	archived_surface
surfaces/archive/verify/tests/d97-test.sh	archive-only	Archived surface script.	low	/Users/ronnyworks/code/agentic-spine-archive/surfaces/archive/verify/tests/d97-test.sh	archived_surface
surfaces/archive/verify/tests/proposals-apply-admission-test.sh	archive-only	Archived surface script.	low	/Users/ronnyworks/code/agentic-spine-archive/surfaces/archive/verify/tests/proposals-apply-admission-test.sh	archived_surface
surfaces/archive/verify/tests/proposals-apply-test.sh	archive-only	Archived surface script.	low	/Users/ronnyworks/code/agentic-spine-archive/surfaces/archive/verify/tests/proposals-apply-test.sh	archived_surface
surfaces/archive/verify/updates_verify.sh	archive-only	Archived surface script.	low	/Users/ronnyworks/code/agentic-spine-archive/surfaces/archive/verify/updates_verify.sh	archived_surface
surfaces/archive/verify/verify-identity.sh	archive-only	Archived surface script.	low	/Users/ronnyworks/code/agentic-spine-archive/surfaces/archive/verify/verify-identity.sh	archived_surface
surfaces/archive/verify/verify.sh	archive-only	Archived surface script.	low	/Users/ronnyworks/code/agentic-spine-archive/surfaces/archive/verify/verify.sh	archived_surface
surfaces/claude-ai-skill/SKILL.md	foundation-source	Surface integration skill better shipped with starter/foundation.	medium	/Users/ronnyworks/code/agentic-foundation/surfaces/claude-ai-skill/SKILL.md	surface_integration_skill
surfaces/commands/check.md	spine-source	Active surface owned by the spine.	medium	/Users/ronnyworks/code/agentic-spine/surfaces/commands/check.md	active_surface
surfaces/commands/ctx.md	spine-source	Active surface owned by the spine.	medium	/Users/ronnyworks/code/agentic-spine/surfaces/commands/ctx.md	active_surface
surfaces/commands/fix.md	spine-source	Active surface owned by the spine.	medium	/Users/ronnyworks/code/agentic-spine/surfaces/commands/fix.md	active_surface
surfaces/commands/gaps.md	spine-source	Active surface owned by the spine.	medium	/Users/ronnyworks/code/agentic-spine/surfaces/commands/gaps.md	active_surface
surfaces/commands/gates.md	spine-source	Active surface owned by the spine.	medium	/Users/ronnyworks/code/agentic-spine/surfaces/commands/gates.md	active_surface
surfaces/commands/howto.md	spine-source	Active surface owned by the spine.	medium	/Users/ronnyworks/code/agentic-spine/surfaces/commands/howto.md	active_surface
surfaces/commands/loop.md	spine-source	Active surface owned by the spine.	medium	/Users/ronnyworks/code/agentic-spine/surfaces/commands/loop.md	active_surface
surfaces/commands/propose.md	spine-source	Active surface owned by the spine.	medium	/Users/ronnyworks/code/agentic-spine/surfaces/commands/propose.md	active_surface
surfaces/commands/triage.md	spine-source	Active surface owned by the spine.	medium	/Users/ronnyworks/code/agentic-spine/surfaces/commands/triage.md	active_surface
surfaces/commands/verify.md	spine-source	Active surface owned by the spine.	medium	/Users/ronnyworks/code/agentic-spine/surfaces/commands/verify.md	active_surface
surfaces/verify/api-preconditions.sh	spine-source	Active surface owned by the spine.	high	/Users/ronnyworks/code/agentic-spine/surfaces/verify/api-preconditions.sh	active_surface
surfaces/verify/d-intake-master-projection-lineage-lock.sh	spine-source	Active surface owned by the spine.	high	/Users/ronnyworks/code/agentic-spine/surfaces/verify/d-intake-master-projection-lineage-lock.sh	active_surface
surfaces/verify/d-master-registry-orphan-evidence-lock.sh	spine-source	Active surface owned by the spine.	high	/Users/ronnyworks/code/agentic-spine/surfaces/verify/d-master-registry-orphan-evidence-lock.sh	active_surface
surfaces/verify/d-projection-generated-only-discipline-lock.sh	spine-source	Active surface owned by the spine.	high	/Users/ronnyworks/code/agentic-spine/surfaces/verify/d-projection-generated-only-discipline-lock.sh	active_surface
surfaces/verify/d100-vm-ip-parity-lock.sh	spine-source	Active surface owned by the spine.	high	/Users/ronnyworks/code/agentic-spine/surfaces/verify/d100-vm-ip-parity-lock.sh	active_surface
surfaces/verify/d101-ha-addon-inventory-parity.sh	spine-source	Active surface owned by the spine.	high	/Users/ronnyworks/code/agentic-spine/surfaces/verify/d101-ha-addon-inventory-parity.sh	active_surface
surfaces/verify/d106-media-port-collision-lock.sh	spine-source	Active surface owned by the spine.	high	/Users/ronnyworks/code/agentic-spine/surfaces/verify/d106-media-port-collision-lock.sh	active_surface
surfaces/verify/d107-media-nfs-mount-lock.sh	spine-source	Active surface owned by the spine.	high	/Users/ronnyworks/code/agentic-spine/surfaces/verify/d107-media-nfs-mount-lock.sh	active_surface
surfaces/verify/d116-mailroom-bridge-consumers-registry-lock.sh	spine-source	Active surface owned by the spine.	high	/Users/ronnyworks/code/agentic-spine/surfaces/verify/d116-mailroom-bridge-consumers-registry-lock.sh	active_surface
surfaces/verify/d121-fabric-boundary-lock.sh	spine-source	Active surface owned by the spine.	high	/Users/ronnyworks/code/agentic-spine/surfaces/verify/d121-fabric-boundary-lock.sh	active_surface
surfaces/verify/d124-entry-surface-parity-lock.sh	spine-source	Active surface owned by the spine.	high	/Users/ronnyworks/code/agentic-spine/surfaces/verify/d124-entry-surface-parity-lock.sh	active_surface
surfaces/verify/d126-workbench-implementation-path-lock.sh	spine-source	Active surface owned by the spine.	high	/Users/ronnyworks/code/agentic-spine/surfaces/verify/d126-workbench-implementation-path-lock.sh	active_surface
surfaces/verify/d127-domain-assignment-drift-lock.sh	spine-source	Active surface owned by the spine.	high	/Users/ronnyworks/code/agentic-spine/surfaces/verify/d127-domain-assignment-drift-lock.sh	active_surface
surfaces/verify/d139-nas-baseline-coverage.sh	spine-source	Active surface owned by the spine.	high	/Users/ronnyworks/code/agentic-spine/surfaces/verify/d139-nas-baseline-coverage.sh	active_surface
surfaces/verify/d140-worktree-session-isolation.sh	spine-source	Active surface owned by the spine.	high	/Users/ronnyworks/code/agentic-spine/surfaces/verify/d140-worktree-session-isolation.sh	active_surface
surfaces/verify/d146-calendar-surface-lock.sh	spine-source	Active surface owned by the spine.	high	/Users/ronnyworks/code/agentic-spine/surfaces/verify/d146-calendar-surface-lock.sh	active_surface
surfaces/verify/d147-communications-canonical-routing-lock.sh	spine-source	Active surface owned by the spine.	high	/Users/ronnyworks/code/agentic-spine/surfaces/verify/d147-communications-canonical-routing-lock.sh	active_surface
surfaces/verify/d148-mcp-agent-runtime-binding-lock.sh	spine-source	Active surface owned by the spine.	high	/Users/ronnyworks/code/agentic-spine/surfaces/verify/d148-mcp-agent-runtime-binding-lock.sh	active_surface
surfaces/verify/d149-infra-core-service-parity-lock.sh	spine-source	Active surface owned by the spine.	high	/Users/ronnyworks/code/agentic-spine/surfaces/verify/d149-infra-core-service-parity-lock.sh	active_surface
surfaces/verify/d150-code-root-hygiene-lock.sh	spine-source	Active surface owned by the spine.	high	/Users/ronnyworks/code/agentic-spine/surfaces/verify/d150-code-root-hygiene-lock.sh	active_surface
surfaces/verify/d153-project-attach-parity.sh	spine-source	Active surface owned by the spine.	high	/Users/ronnyworks/code/agentic-spine/surfaces/verify/d153-project-attach-parity.sh	active_surface
surfaces/verify/d19-backup-drift.sh	spine-source	Active surface owned by the spine.	high	/Users/ronnyworks/code/agentic-spine/surfaces/verify/d19-backup-drift.sh	active_surface
surfaces/verify/d196-microsoft-provider-write-lock.sh	spine-source	Active surface owned by the spine.	high	/Users/ronnyworks/code/agentic-spine/surfaces/verify/d196-microsoft-provider-write-lock.sh	active_surface
surfaces/verify/d197-calendar-provider-readonly-lock.sh	spine-source	Active surface owned by the spine.	high	/Users/ronnyworks/code/agentic-spine/surfaces/verify/d197-calendar-provider-readonly-lock.sh	active_surface
surfaces/verify/d199-calendar-home-provider-boundary-lock.sh	spine-source	Active surface owned by the spine.	high	/Users/ronnyworks/code/agentic-spine/surfaces/verify/d199-calendar-home-provider-boundary-lock.sh	active_surface
surfaces/verify/d20-secrets-drift.sh	spine-source	Active surface owned by the spine.	high	/Users/ronnyworks/code/agentic-spine/surfaces/verify/d20-secrets-drift.sh	active_surface
surfaces/verify/d203-calendar-external-secrets-lock.sh	spine-source	Active surface owned by the spine.	high	/Users/ronnyworks/code/agentic-spine/surfaces/verify/d203-calendar-external-secrets-lock.sh	active_surface
surfaces/verify/d204-calendar-external-ingest-readonly-lock.sh	spine-source	Active surface owned by the spine.	high	/Users/ronnyworks/code/agentic-spine/surfaces/verify/d204-calendar-external-ingest-readonly-lock.sh	active_surface
surfaces/verify/d206-calendar-ha-readonly-boundary-lock.sh	spine-source	Active surface owned by the spine.	high	/Users/ronnyworks/code/agentic-spine/surfaces/verify/d206-calendar-ha-readonly-boundary-lock.sh	active_surface
surfaces/verify/d209-communications-tls-health-lock.sh	spine-source	Active surface owned by the spine.	high	/Users/ronnyworks/code/agentic-spine/surfaces/verify/d209-communications-tls-health-lock.sh	active_surface
surfaces/verify/d212-secrets-runtime-namespace-lock.sh	spine-source	Active surface owned by the spine.	high	/Users/ronnyworks/code/agentic-spine/surfaces/verify/d212-secrets-runtime-namespace-lock.sh	active_surface
surfaces/verify/d213-secrets-registered-route-lock.sh	spine-source	Active surface owned by the spine.	high	/Users/ronnyworks/code/agentic-spine/surfaces/verify/d213-secrets-registered-route-lock.sh	active_surface
surfaces/verify/d216-mintprints-mail-dns-parity-lock.sh	spine-source	Active surface owned by the spine.	high	/Users/ronnyworks/code/agentic-spine/surfaces/verify/d216-mintprints-mail-dns-parity-lock.sh	active_surface
surfaces/verify/d218-mintprints-co-mail-dns-parity-lock.sh	spine-source	Active surface owned by the spine.	high	/Users/ronnyworks/code/agentic-spine/surfaces/verify/d218-mintprints-co-mail-dns-parity-lock.sh	active_surface
surfaces/verify/d219-hantash-mail-dns-parity-lock.sh	spine-source	Active surface owned by the spine.	high	/Users/ronnyworks/code/agentic-spine/surfaces/verify/d219-hantash-mail-dns-parity-lock.sh	active_surface
surfaces/verify/d224-media-secrets-canonical-lock.sh	spine-source	Active surface owned by the spine.	high	/Users/ronnyworks/code/agentic-spine/surfaces/verify/d224-media-secrets-canonical-lock.sh	active_surface
surfaces/verify/d225-mint-live-before-auth-lock.sh	spine-source	Active surface owned by the spine.	high	/Users/ronnyworks/code/agentic-spine/surfaces/verify/d225-mint-live-before-auth-lock.sh	active_surface
surfaces/verify/d226-mint-live-claim-stamp-lock.sh	spine-source	Active surface owned by the spine.	high	/Users/ronnyworks/code/agentic-spine/surfaces/verify/d226-mint-live-claim-stamp-lock.sh	active_surface
surfaces/verify/d233-communications-mail-archiver-nonboot-storage-lock.sh	spine-source	Active surface owned by the spine.	high	/Users/ronnyworks/code/agentic-spine/surfaces/verify/d233-communications-mail-archiver-nonboot-storage-lock.sh	active_surface
surfaces/verify/d234-infra-boot-drive-usage-lock.sh	spine-source	Active surface owned by the spine.	high	/Users/ronnyworks/code/agentic-spine/surfaces/verify/d234-infra-boot-drive-usage-lock.sh	active_surface
surfaces/verify/d235-infra-storage-placement-lock.sh	spine-source	Active surface owned by the spine.	high	/Users/ronnyworks/code/agentic-spine/surfaces/verify/d235-infra-storage-placement-lock.sh	active_surface
surfaces/verify/d236-mint-data-persistence-lock.sh	spine-source	Active surface owned by the spine.	high	/Users/ronnyworks/code/agentic-spine/surfaces/verify/d236-mint-data-persistence-lock.sh	active_surface
surfaces/verify/d25-secrets-cli-canonical-lock.sh	spine-source	Active surface owned by the spine.	high	/Users/ronnyworks/code/agentic-spine/surfaces/verify/d25-secrets-cli-canonical-lock.sh	active_surface
surfaces/verify/d260-noninteractive-monitor-access-lock.sh	spine-source	Active surface owned by the spine.	high	/Users/ronnyworks/code/agentic-spine/surfaces/verify/d260-noninteractive-monitor-access-lock.sh	active_surface
surfaces/verify/d280-services-health-high-churn-parity-lock.sh	spine-source	Active surface owned by the spine.	high	/Users/ronnyworks/code/agentic-spine/surfaces/verify/d280-services-health-high-churn-parity-lock.sh	active_surface
surfaces/verify/d290-outcome-slo-presence-lock.sh	spine-source	Active surface owned by the spine.	high	/Users/ronnyworks/code/agentic-spine/surfaces/verify/d290-outcome-slo-presence-lock.sh	active_surface
surfaces/verify/d3-entrypoint-smoke.sh	spine-source	Active surface owned by the spine.	high	/Users/ronnyworks/code/agentic-spine/surfaces/verify/d3-entrypoint-smoke.sh	active_surface
surfaces/verify/d331-orchestrator-closeout-lock.sh	spine-source	Active surface owned by the spine.	high	/Users/ronnyworks/code/agentic-spine/surfaces/verify/d331-orchestrator-closeout-lock.sh	active_surface
surfaces/verify/d34-loop-ledger-integrity-lock.sh	spine-source	Active surface owned by the spine.	high	/Users/ronnyworks/code/agentic-spine/surfaces/verify/d34-loop-ledger-integrity-lock.sh	active_surface
surfaces/verify/d347-bootstrap-hardcoded-path-admission-lock.sh	spine-source	Active surface owned by the spine.	high	/Users/ronnyworks/code/agentic-spine/surfaces/verify/d347-bootstrap-hardcoded-path-admission-lock.sh	active_surface
surfaces/verify/d348-bootstrap-reproducibility-lock.sh	spine-source	Active surface owned by the spine.	high	/Users/ronnyworks/code/agentic-spine/surfaces/verify/d348-bootstrap-reproducibility-lock.sh	active_surface
surfaces/verify/d349-prompt-lineage-receipt-lock.sh	spine-source	Active surface owned by the spine.	high	/Users/ronnyworks/code/agentic-spine/surfaces/verify/d349-prompt-lineage-receipt-lock.sh	active_surface
surfaces/verify/d35-infra-relocation-parity-lock.sh	spine-source	Active surface owned by the spine.	high	/Users/ronnyworks/code/agentic-spine/surfaces/verify/d35-infra-relocation-parity-lock.sh	active_surface
surfaces/verify/d350-spine-experiment-compare-lock.sh	spine-source	Active surface owned by the spine.	high	/Users/ronnyworks/code/agentic-spine/surfaces/verify/d350-spine-experiment-compare-lock.sh	active_surface
surfaces/verify/d351-surveillance-canonical-parity-lock.sh	spine-source	Active surface owned by the spine.	high	/Users/ronnyworks/code/agentic-spine/surfaces/verify/d351-surveillance-canonical-parity-lock.sh	active_surface
surfaces/verify/d366-mailroom-bridge-token-plaintext-lock.sh	spine-source	Active surface owned by the spine.	high	/Users/ronnyworks/code/agentic-spine/surfaces/verify/d366-mailroom-bridge-token-plaintext-lock.sh	active_surface
surfaces/verify/d369-netsec-vlan-topology-lock.sh	spine-source	Active surface owned by the spine.	high	/Users/ronnyworks/code/agentic-spine/surfaces/verify/d369-netsec-vlan-topology-lock.sh	active_surface
surfaces/verify/d370-netsec-firewall-baseline-lock.sh	spine-source	Active surface owned by the spine.	high	/Users/ronnyworks/code/agentic-spine/surfaces/verify/d370-netsec-firewall-baseline-lock.sh	active_surface
surfaces/verify/d379-taxlegal-paperless-binding-parity.sh	spine-source	Active surface owned by the spine.	high	/Users/ronnyworks/code/agentic-spine/surfaces/verify/d379-taxlegal-paperless-binding-parity.sh	active_surface
surfaces/verify/d380-cc-benefits-runtime-parity-lock.sh	spine-source	Active surface owned by the spine.	high	/Users/ronnyworks/code/agentic-spine/surfaces/verify/d380-cc-benefits-runtime-parity-lock.sh	active_surface
surfaces/verify/d382-mint-ui-placement-lock.sh	spine-source	Active surface owned by the spine.	high	/Users/ronnyworks/code/agentic-spine/surfaces/verify/d382-mint-ui-placement-lock.sh	active_surface
surfaces/verify/d383-communications-mail-archiver-restore-drill-freshness-lock.sh	spine-source	Active surface owned by the spine.	high	/Users/ronnyworks/code/agentic-spine/surfaces/verify/d383-communications-mail-archiver-restore-drill-freshness-lock.sh	active_surface
surfaces/verify/d384-media-config-restore-drill-freshness-lock.sh	spine-source	Active surface owned by the spine.	high	/Users/ronnyworks/code/agentic-spine/surfaces/verify/d384-media-config-restore-drill-freshness-lock.sh	active_surface
surfaces/verify/d386-backup-shopvm-restore-drill-freshness-lock.sh	spine-source	Active surface owned by the spine.	high	/Users/ronnyworks/code/agentic-spine/surfaces/verify/d386-backup-shopvm-restore-drill-freshness-lock.sh	active_surface
surfaces/verify/d387-infra-infisical-restore-drill-freshness-lock.sh	spine-source	Active surface owned by the spine.	high	/Users/ronnyworks/code/agentic-spine/surfaces/verify/d387-infra-infisical-restore-drill-freshness-lock.sh	active_surface
surfaces/verify/d388-backup-home-restore-drill-freshness-lock.sh	spine-source	Active surface owned by the spine.	high	/Users/ronnyworks/code/agentic-spine/surfaces/verify/d388-backup-home-restore-drill-freshness-lock.sh	active_surface
surfaces/verify/d389-resolver-ssh-deployment-parity-lock.sh	spine-source	Active surface owned by the spine.	high	/Users/ronnyworks/code/agentic-spine/surfaces/verify/d389-resolver-ssh-deployment-parity-lock.sh	active_surface
surfaces/verify/d390-mint-probe-health-projection-lock.sh	spine-source	Active surface owned by the spine.	high	/Users/ronnyworks/code/agentic-spine/surfaces/verify/d390-mint-probe-health-projection-lock.sh	active_surface
surfaces/verify/d391-assertion-health-strictness-lock.sh	spine-source	Active surface owned by the spine.	high	/Users/ronnyworks/code/agentic-spine/surfaces/verify/d391-assertion-health-strictness-lock.sh	active_surface
surfaces/verify/d392-domain-mail-policy-hygiene-lock.sh	spine-source	Active surface owned by the spine.	high	/Users/ronnyworks/code/agentic-spine/surfaces/verify/d392-domain-mail-policy-hygiene-lock.sh	active_surface
surfaces/verify/d394-mint-blocked-module-order-truth-lock.sh	spine-source	Active surface owned by the spine.	high	/Users/ronnyworks/code/agentic-spine/surfaces/verify/d394-mint-blocked-module-order-truth-lock.sh	active_surface
surfaces/verify/d43-secrets-namespace-lock.sh	spine-source	Active surface owned by the spine.	high	/Users/ronnyworks/code/agentic-spine/surfaces/verify/d43-secrets-namespace-lock.sh	active_surface
surfaces/verify/d48-codex-worktree-hygiene.sh	spine-source	Active surface owned by the spine.	high	/Users/ronnyworks/code/agentic-spine/surfaces/verify/d48-codex-worktree-hygiene.sh	active_surface
surfaces/verify/d54-ssot-ip-parity-lock.sh	spine-source	Active surface owned by the spine.	high	/Users/ronnyworks/code/agentic-spine/surfaces/verify/d54-ssot-ip-parity-lock.sh	active_surface
surfaces/verify/d55-secrets-runtime-readiness-lock.sh	spine-source	Active surface owned by the spine.	high	/Users/ronnyworks/code/agentic-spine/surfaces/verify/d55-secrets-runtime-readiness-lock.sh	active_surface
surfaces/verify/d62-git-remote-parity-lock.sh	spine-source	Active surface owned by the spine.	high	/Users/ronnyworks/code/agentic-spine/surfaces/verify/d62-git-remote-parity-lock.sh	active_surface
surfaces/verify/d63-capabilities-metadata-lock.sh	spine-source	Active surface owned by the spine.	high	/Users/ronnyworks/code/agentic-spine/surfaces/verify/d63-capabilities-metadata-lock.sh	active_surface
surfaces/verify/d67-capability-map-lock.sh	spine-source	Active surface owned by the spine.	high	/Users/ronnyworks/code/agentic-spine/surfaces/verify/d67-capability-map-lock.sh	active_surface
surfaces/verify/d69-vm-creation-governance-lock.sh	spine-source	Active surface owned by the spine.	high	/Users/ronnyworks/code/agentic-spine/surfaces/verify/d69-vm-creation-governance-lock.sh	active_surface
surfaces/verify/d75-gap-registry-mutation-lock.sh	spine-source	Active surface owned by the spine.	high	/Users/ronnyworks/code/agentic-spine/surfaces/verify/d75-gap-registry-mutation-lock.sh	active_surface
surfaces/verify/d78-workbench-path-lock.sh	spine-source	Active surface owned by the spine.	high	/Users/ronnyworks/code/agentic-spine/surfaces/verify/d78-workbench-path-lock.sh	active_surface
surfaces/verify/d83-proposal-queue-health-lock.sh	spine-source	Active surface owned by the spine.	high	/Users/ronnyworks/code/agentic-spine/surfaces/verify/d83-proposal-queue-health-lock.sh	active_surface
surfaces/verify/d88-rag-remote-reindex-governance-lock.sh	spine-source	Active surface owned by the spine.	high	/Users/ronnyworks/code/agentic-spine/surfaces/verify/d88-rag-remote-reindex-governance-lock.sh	active_surface
surfaces/verify/d91-aof-product-foundation-lock.sh	spine-source	Active surface owned by the spine.	high	/Users/ronnyworks/code/agentic-spine/surfaces/verify/d91-aof-product-foundation-lock.sh	active_surface
surfaces/verify/d92-ha-config-version-control.sh	spine-source	Active surface owned by the spine.	high	/Users/ronnyworks/code/agentic-spine/surfaces/verify/d92-ha-config-version-control.sh	active_surface
surfaces/verify/d93-tenant-storage-boundary-lock.sh	spine-source	Active surface owned by the spine.	high	/Users/ronnyworks/code/agentic-spine/surfaces/verify/d93-tenant-storage-boundary-lock.sh	active_surface
surfaces/verify/d98-z2m-device-parity.sh	spine-source	Active surface owned by the spine.	high	/Users/ronnyworks/code/agentic-spine/surfaces/verify/d98-z2m-device-parity.sh	active_surface
surfaces/verify/drift-gate.sh	spine-source	Active surface owned by the spine.	high	/Users/ronnyworks/code/agentic-spine/surfaces/verify/drift-gate.sh	active_surface
surfaces/verify/lib/tailscale-guard.sh	spine-source	Active surface owned by the spine.	high	/Users/ronnyworks/code/agentic-spine/surfaces/verify/lib/tailscale-guard.sh	active_surface
surfaces/verify/lib/wave_hardening_regression.py	spine-source	Active surface owned by the spine.	high	/Users/ronnyworks/code/agentic-spine/surfaces/verify/lib/wave_hardening_regression.py	active_surface
