path	qualification	reason	risk_if_moved_now	target_home	notes
ops/README.md	spine-source	Canonical control-plane source.	medium	/Users/ronnyworks/code/agentic-spine/ops/README.md	control_plane_source
ops/agents/artie-agent.contract.md	foundation-source	Supplementary domain agent contract, not core control-plane truth.	medium	/Users/ronnyworks/code/agentic-foundation/ops/agents/artie-agent.contract.md	agent_contract_prose
ops/agents/communications-agent.contract.md	foundation-source	Supplementary domain agent contract, not core control-plane truth.	medium	/Users/ronnyworks/code/agentic-foundation/ops/agents/communications-agent.contract.md	agent_contract_prose
ops/agents/fin-agent.contract.md	foundation-source	Supplementary domain agent contract, not core control-plane truth.	medium	/Users/ronnyworks/code/agentic-foundation/ops/agents/fin-agent.contract.md	agent_contract_prose
ops/agents/finance-agent.contract.md	foundation-source	Supplementary domain agent contract, not core control-plane truth.	medium	/Users/ronnyworks/code/agentic-foundation/ops/agents/finance-agent.contract.md	agent_contract_prose
ops/agents/firefly-agent.contract.md	foundation-source	Supplementary domain agent contract, not core control-plane truth.	medium	/Users/ronnyworks/code/agentic-foundation/ops/agents/firefly-agent.contract.md	agent_contract_prose
ops/agents/flying-dutchman.contract.md	foundation-source	Supplementary domain agent contract, not core control-plane truth.	medium	/Users/ronnyworks/code/agentic-foundation/ops/agents/flying-dutchman.contract.md	agent_contract_prose
ops/agents/home-assistant-agent.contract.md	foundation-source	Supplementary domain agent contract, not core control-plane truth.	medium	/Users/ronnyworks/code/agentic-foundation/ops/agents/home-assistant-agent.contract.md	agent_contract_prose
ops/agents/immich-agent.contract.md	foundation-source	Supplementary domain agent contract, not core control-plane truth.	medium	/Users/ronnyworks/code/agentic-foundation/ops/agents/immich-agent.contract.md	agent_contract_prose
ops/agents/media-agent.contract.md	foundation-source	Supplementary domain agent contract, not core control-plane truth.	medium	/Users/ronnyworks/code/agentic-foundation/ops/agents/media-agent.contract.md	agent_contract_prose
ops/agents/microsoft-agent.contract.md	foundation-source	Supplementary domain agent contract, not core control-plane truth.	medium	/Users/ronnyworks/code/agentic-foundation/ops/agents/microsoft-agent.contract.md	agent_contract_prose
ops/agents/mint-agent.contract.md	foundation-source	Supplementary domain agent contract, not core control-plane truth.	medium	/Users/ronnyworks/code/agentic-foundation/ops/agents/mint-agent.contract.md	agent_contract_prose
ops/agents/mint-os-agent.contract.md	foundation-source	Supplementary domain agent contract, not core control-plane truth.	medium	/Users/ronnyworks/code/agentic-foundation/ops/agents/mint-os-agent.contract.md	agent_contract_prose
ops/agents/ms-graph-agent.contract.md	foundation-source	Supplementary domain agent contract, not core control-plane truth.	medium	/Users/ronnyworks/code/agentic-foundation/ops/agents/ms-graph-agent.contract.md	agent_contract_prose
ops/agents/n8n-agent.contract.md	foundation-source	Supplementary domain agent contract, not core control-plane truth.	medium	/Users/ronnyworks/code/agentic-foundation/ops/agents/n8n-agent.contract.md	agent_contract_prose
ops/agents/paperless-agent.contract.md	foundation-source	Supplementary domain agent contract, not core control-plane truth.	medium	/Users/ronnyworks/code/agentic-foundation/ops/agents/paperless-agent.contract.md	agent_contract_prose
ops/agents/tax-legal-agent.contract.md	foundation-source	Supplementary domain agent contract, not core control-plane truth.	medium	/Users/ronnyworks/code/agentic-foundation/ops/agents/tax-legal-agent.contract.md	agent_contract_prose
ops/agents/workbench-agent.contract.md	foundation-source	Supplementary domain agent contract, not core control-plane truth.	medium	/Users/ronnyworks/code/agentic-foundation/ops/agents/workbench-agent.contract.md	agent_contract_prose
ops/archive/bindings/agent.entrypoint.lock.yaml	archive-only	Archived duplicate of active ops source.	low	/Users/ronnyworks/code/agentic-spine-archive/ops/archive/bindings/agent.entrypoint.lock.yaml	ops_archive
ops/archive/bindings/agent.fact.lock.yaml	archive-only	Archived duplicate of active ops source.	low	/Users/ronnyworks/code/agentic-spine-archive/ops/archive/bindings/agent.fact.lock.yaml	ops_archive
ops/archive/bindings/agent.read.surface.yaml	archive-only	Archived duplicate of active ops source.	low	/Users/ronnyworks/code/agentic-spine-archive/ops/archive/bindings/agent.read.surface.yaml	ops_archive
ops/archive/bindings/alerting.rules.yaml	archive-only	Archived duplicate of active ops source.	low	/Users/ronnyworks/code/agentic-spine-archive/ops/archive/bindings/alerting.rules.yaml	ops_archive
ops/archive/bindings/audit.suppressions.policy.yaml	archive-only	Archived duplicate of active ops source.	low	/Users/ronnyworks/code/agentic-spine-archive/ops/archive/bindings/audit.suppressions.policy.yaml	ops_archive
ops/archive/bindings/audits.migration.plan.yaml	archive-only	Archived duplicate of active ops source.	low	/Users/ronnyworks/code/agentic-spine-archive/ops/archive/bindings/audits.migration.plan.yaml	ops_archive
ops/archive/bindings/authority.concerns.yaml	archive-only	Archived duplicate of active ops source.	low	/Users/ronnyworks/code/agentic-spine-archive/ops/archive/bindings/authority.concerns.yaml	ops_archive
ops/archive/bindings/authority.exemptions.yaml	archive-only	Archived duplicate of active ops source.	low	/Users/ronnyworks/code/agentic-spine-archive/ops/archive/bindings/authority.exemptions.yaml	ops_archive
ops/archive/bindings/automation.stack.latency.slo.yaml	archive-only	Archived duplicate of active ops source.	low	/Users/ronnyworks/code/agentic-spine-archive/ops/archive/bindings/automation.stack.latency.slo.yaml	ops_archive
ops/archive/bindings/backup.calendar.yaml	archive-only	Archived duplicate of active ops source.	low	/Users/ronnyworks/code/agentic-spine-archive/ops/archive/bindings/backup.calendar.yaml	ops_archive
ops/archive/bindings/backup.schedule.yaml	archive-only	Archived duplicate of active ops source.	low	/Users/ronnyworks/code/agentic-spine-archive/ops/archive/bindings/backup.schedule.yaml	ops_archive
ops/archive/bindings/binding.freshness.exemptions.yaml	archive-only	Archived duplicate of active ops source.	low	/Users/ronnyworks/code/agentic-spine-archive/ops/archive/bindings/binding.freshness.exemptions.yaml	ops_archive
ops/archive/bindings/briefing.config.yaml	archive-only	Archived duplicate of active ops source.	low	/Users/ronnyworks/code/agentic-spine-archive/ops/archive/bindings/briefing.config.yaml	ops_archive
ops/archive/bindings/business.inventory.catalog.yaml	archive-only	Archived duplicate of active ops source.	low	/Users/ronnyworks/code/agentic-spine-archive/ops/archive/bindings/business.inventory.catalog.yaml	ops_archive
ops/archive/bindings/business.registry.yaml	archive-only	Archived duplicate of active ops source.	low	/Users/ronnyworks/code/agentic-spine-archive/ops/archive/bindings/business.registry.yaml	ops_archive
ops/archive/bindings/calendar.external.providers.contract.yaml	archive-only	Archived duplicate of active ops source.	low	/Users/ronnyworks/code/agentic-spine-archive/ops/archive/bindings/calendar.external.providers.contract.yaml	ops_archive
ops/archive/bindings/calendar.global.schema.yaml	archive-only	Archived duplicate of active ops source.	low	/Users/ronnyworks/code/agentic-spine-archive/ops/archive/bindings/calendar.global.schema.yaml	ops_archive
ops/archive/bindings/calendar.global.yaml	archive-only	Archived duplicate of active ops source.	low	/Users/ronnyworks/code/agentic-spine-archive/ops/archive/bindings/calendar.global.yaml	ops_archive
ops/archive/bindings/calendar.ha.ingest.contract.yaml	archive-only	Archived duplicate of active ops source.	low	/Users/ronnyworks/code/agentic-spine-archive/ops/archive/bindings/calendar.ha.ingest.contract.yaml	ops_archive
ops/archive/bindings/calendar.home.contract.yaml	archive-only	Archived duplicate of active ops source.	low	/Users/ronnyworks/code/agentic-spine-archive/ops/archive/bindings/calendar.home.contract.yaml	ops_archive
ops/archive/bindings/calendar.sync.contract.yaml	archive-only	Archived duplicate of active ops source.	low	/Users/ronnyworks/code/agentic-spine-archive/ops/archive/bindings/calendar.sync.contract.yaml	ops_archive
ops/archive/bindings/capability.domain.catalog.yaml	archive-only	Archived duplicate of active ops source.	low	/Users/ronnyworks/code/agentic-spine-archive/ops/archive/bindings/capability.domain.catalog.yaml	ops_archive
ops/archive/bindings/change.intake.policy.yaml	archive-only	Archived duplicate of active ops source.	low	/Users/ronnyworks/code/agentic-spine-archive/ops/archive/bindings/change.intake.policy.yaml	ops_archive
ops/archive/bindings/cli.tools.inventory.yaml	archive-only	Archived duplicate of active ops source.	low	/Users/ronnyworks/code/agentic-spine-archive/ops/archive/bindings/cli.tools.inventory.yaml	ops_archive
ops/archive/bindings/cloudflare.advanced.scope.contract.yaml	archive-only	Archived duplicate of active ops source.	low	/Users/ronnyworks/code/agentic-spine-archive/ops/archive/bindings/cloudflare.advanced.scope.contract.yaml	ops_archive
ops/archive/bindings/cloudflare.inventory.yaml	archive-only	Archived duplicate of active ops source.	low	/Users/ronnyworks/code/agentic-spine-archive/ops/archive/bindings/cloudflare.inventory.yaml	ops_archive
ops/archive/bindings/communications.alerts.escalation.contract.yaml	archive-only	Archived duplicate of active ops source.	low	/Users/ronnyworks/code/agentic-spine-archive/ops/archive/bindings/communications.alerts.escalation.contract.yaml	ops_archive
ops/archive/bindings/communications.alerts.queue.contract.yaml	archive-only	Archived duplicate of active ops source.	low	/Users/ronnyworks/code/agentic-spine-archive/ops/archive/bindings/communications.alerts.queue.contract.yaml	ops_archive
ops/archive/bindings/communications.delivery.contract.yaml	archive-only	Archived duplicate of active ops source.	low	/Users/ronnyworks/code/agentic-spine-archive/ops/archive/bindings/communications.delivery.contract.yaml	ops_archive
ops/archive/bindings/communications.policy.contract.yaml	archive-only	Archived duplicate of active ops source.	low	/Users/ronnyworks/code/agentic-spine-archive/ops/archive/bindings/communications.policy.contract.yaml	ops_archive
ops/archive/bindings/communications.providers.contract.yaml	archive-only	Archived duplicate of active ops source.	low	/Users/ronnyworks/code/agentic-spine-archive/ops/archive/bindings/communications.providers.contract.yaml	ops_archive
ops/archive/bindings/communications.templates.catalog.yaml	archive-only	Archived duplicate of active ops source.	low	/Users/ronnyworks/code/agentic-spine-archive/ops/archive/bindings/communications.templates.catalog.yaml	ops_archive
ops/archive/bindings/critical.asset.utilization.contract.yaml	archive-only	Archived duplicate of active ops source.	low	/Users/ronnyworks/code/agentic-spine-archive/ops/archive/bindings/critical.asset.utilization.contract.yaml	ops_archive
ops/archive/bindings/cross-repo.authority.yaml	archive-only	Archived duplicate of active ops source.	low	/Users/ronnyworks/code/agentic-spine-archive/ops/archive/bindings/cross-repo.authority.yaml	ops_archive
ops/archive/bindings/cutover.sequencing.yaml	archive-only	Archived duplicate of active ops source.	low	/Users/ronnyworks/code/agentic-spine-archive/ops/archive/bindings/cutover.sequencing.yaml	ops_archive
ops/archive/bindings/d128-gate-mutation-policy.yaml	archive-only	Archived duplicate of active ops source.	low	/Users/ronnyworks/code/agentic-spine-archive/ops/archive/bindings/d128-gate-mutation-policy.yaml	ops_archive
ops/archive/bindings/deploy.dependencies.yaml	archive-only	Archived duplicate of active ops source.	low	/Users/ronnyworks/code/agentic-spine-archive/ops/archive/bindings/deploy.dependencies.yaml	ops_archive
ops/archive/bindings/deploy.method.contract.yaml	archive-only	Archived duplicate of active ops source.	low	/Users/ronnyworks/code/agentic-spine-archive/ops/archive/bindings/deploy.method.contract.yaml	ops_archive
ops/archive/bindings/deprecated-project-allowlist.yaml	archive-only	Archived duplicate of active ops source.	low	/Users/ronnyworks/code/agentic-spine-archive/ops/archive/bindings/deprecated-project-allowlist.yaml	ops_archive
ops/archive/bindings/deprecated.terms.yaml	archive-only	Archived duplicate of active ops source.	low	/Users/ronnyworks/code/agentic-spine-archive/ops/archive/bindings/deprecated.terms.yaml	ops_archive
ops/archive/bindings/docker-host.deprecation.contract.yaml	archive-only	Archived duplicate of active ops source.	low	/Users/ronnyworks/code/agentic-spine-archive/ops/archive/bindings/docker-host.deprecation.contract.yaml	ops_archive
ops/archive/bindings/docker.compose.targets.yaml	archive-only	Archived duplicate of active ops source.	low	/Users/ronnyworks/code/agentic-spine-archive/ops/archive/bindings/docker.compose.targets.yaml	ops_archive
ops/archive/bindings/docs.impact.contract.yaml	archive-only	Archived duplicate of active ops source.	low	/Users/ronnyworks/code/agentic-spine-archive/ops/archive/bindings/docs.impact.contract.yaml	ops_archive
ops/archive/bindings/docs.johnny_decimal.yaml	archive-only	Archived duplicate of active ops source.	low	/Users/ronnyworks/code/agentic-spine-archive/ops/archive/bindings/docs.johnny_decimal.yaml	ops_archive
ops/archive/bindings/domain.authority.boundary.yaml	archive-only	Archived duplicate of active ops source.	low	/Users/ronnyworks/code/agentic-spine-archive/ops/archive/bindings/domain.authority.boundary.yaml	ops_archive
ops/archive/bindings/domain.canonical.roots.yaml	archive-only	Archived duplicate of active ops source.	low	/Users/ronnyworks/code/agentic-spine-archive/ops/archive/bindings/domain.canonical.roots.yaml	ops_archive
ops/archive/bindings/domain.change.request.schema.yaml	archive-only	Archived duplicate of active ops source.	low	/Users/ronnyworks/code/agentic-spine-archive/ops/archive/bindings/domain.change.request.schema.yaml	ops_archive
ops/archive/bindings/domain.docs.routes.yaml	archive-only	Archived duplicate of active ops source.	low	/Users/ronnyworks/code/agentic-spine-archive/ops/archive/bindings/domain.docs.routes.yaml	ops_archive
ops/archive/bindings/domain.operations.contract.yaml	archive-only	Archived duplicate of active ops source.	low	/Users/ronnyworks/code/agentic-spine-archive/ops/archive/bindings/domain.operations.contract.yaml	ops_archive
ops/archive/bindings/domain.portfolio.registry.yaml	archive-only	Archived duplicate of active ops source.	low	/Users/ronnyworks/code/agentic-spine-archive/ops/archive/bindings/domain.portfolio.registry.yaml	ops_archive
ops/archive/bindings/domain.taxonomy.bridge.contract.yaml	archive-only	Archived duplicate of active ops source.	low	/Users/ronnyworks/code/agentic-spine-archive/ops/archive/bindings/domain.taxonomy.bridge.contract.yaml	ops_archive
ops/archive/bindings/drift-gates.scoped.yaml	archive-only	Archived duplicate of active ops source.	low	/Users/ronnyworks/code/agentic-spine-archive/ops/archive/bindings/drift-gates.scoped.yaml	ops_archive
ops/archive/bindings/entry.boot.surface.contract.yaml	archive-only	Archived duplicate of active ops source.	low	/Users/ronnyworks/code/agentic-spine-archive/ops/archive/bindings/entry.boot.surface.contract.yaml	ops_archive
ops/archive/bindings/entry.surface.gate.metadata.contract.yaml	archive-only	Archived duplicate of active ops source.	low	/Users/ronnyworks/code/agentic-spine-archive/ops/archive/bindings/entry.surface.gate.metadata.contract.yaml	ops_archive
ops/archive/bindings/environment.contract.schema.yaml	archive-only	Archived duplicate of active ops source.	low	/Users/ronnyworks/code/agentic-spine-archive/ops/archive/bindings/environment.contract.schema.yaml	ops_archive
ops/archive/bindings/evidence.retention.policy.yaml	archive-only	Archived duplicate of active ops source.	low	/Users/ronnyworks/code/agentic-spine-archive/ops/archive/bindings/evidence.retention.policy.yaml	ops_archive
ops/archive/bindings/external.integration.visibility.yaml	archive-only	Archived duplicate of active ops source.	low	/Users/ronnyworks/code/agentic-spine-archive/ops/archive/bindings/external.integration.visibility.yaml	ops_archive
ops/archive/bindings/extraction.mode.yaml	archive-only	Archived duplicate of active ops source.	low	/Users/ronnyworks/code/agentic-spine-archive/ops/archive/bindings/extraction.mode.yaml	ops_archive
ops/archive/bindings/extraction.queue.yaml	archive-only	Archived duplicate of active ops source.	low	/Users/ronnyworks/code/agentic-spine-archive/ops/archive/bindings/extraction.queue.yaml	ops_archive
ops/archive/bindings/freshness.reconcile.contract.yaml	archive-only	Archived duplicate of active ops source.	low	/Users/ronnyworks/code/agentic-spine-archive/ops/archive/bindings/freshness.reconcile.contract.yaml	ops_archive
ops/archive/bindings/friction.baseline.contract.yaml	archive-only	Archived duplicate of active ops source.	low	/Users/ronnyworks/code/agentic-spine-archive/ops/archive/bindings/friction.baseline.contract.yaml	ops_archive
ops/archive/bindings/gap.schema.yaml	archive-only	Archived duplicate of active ops source.	low	/Users/ronnyworks/code/agentic-spine-archive/ops/archive/bindings/gap.schema.yaml	ops_archive
ops/archive/bindings/gate.budget.add_one_retire_one.contract.yaml	archive-only	Archived duplicate of active ops source.	low	/Users/ronnyworks/code/agentic-spine-archive/ops/archive/bindings/gate.budget.add_one_retire_one.contract.yaml	ops_archive
ops/archive/bindings/gate.enforcement.policy.yaml	archive-only	Archived duplicate of active ops source.	low	/Users/ronnyworks/code/agentic-spine-archive/ops/archive/bindings/gate.enforcement.policy.yaml	ops_archive
ops/archive/bindings/gate.portfolio.policy.yaml	archive-only	Archived duplicate of active ops source.	low	/Users/ronnyworks/code/agentic-spine-archive/ops/archive/bindings/gate.portfolio.policy.yaml	ops_archive
ops/archive/bindings/gate.portfolio.triage.yaml	archive-only	Archived duplicate of active ops source.	low	/Users/ronnyworks/code/agentic-spine-archive/ops/archive/bindings/gate.portfolio.triage.yaml	ops_archive
ops/archive/bindings/governance.parity.reconcile.20260217.yaml	archive-only	Archived duplicate of active ops source.	low	/Users/ronnyworks/code/agentic-spine-archive/ops/archive/bindings/governance.parity.reconcile.20260217.yaml	ops_archive
ops/archive/bindings/ha.areas.yaml	archive-only	Archived duplicate of active ops source.	low	/Users/ronnyworks/code/agentic-spine-archive/ops/archive/bindings/ha.areas.yaml	ops_archive
ops/archive/bindings/ha.automation.registry.yaml	archive-only	Archived duplicate of active ops source.	low	/Users/ronnyworks/code/agentic-spine-archive/ops/archive/bindings/ha.automation.registry.yaml	ops_archive
ops/archive/bindings/ha.automations.ledger.yaml	archive-only	Archived duplicate of active ops source.	low	/Users/ronnyworks/code/agentic-spine-archive/ops/archive/bindings/ha.automations.ledger.yaml	ops_archive
ops/archive/bindings/ha.catalog.authority.yaml	archive-only	Archived duplicate of active ops source.	low	/Users/ronnyworks/code/agentic-spine-archive/ops/archive/bindings/ha.catalog.authority.yaml	ops_archive
ops/archive/bindings/ha.device.map.overrides.yaml	archive-only	Archived duplicate of active ops source.	low	/Users/ronnyworks/code/agentic-spine-archive/ops/archive/bindings/ha.device.map.overrides.yaml	ops_archive
ops/archive/bindings/ha.devices.ledger.yaml	archive-only	Archived duplicate of active ops source.	low	/Users/ronnyworks/code/agentic-spine-archive/ops/archive/bindings/ha.devices.ledger.yaml	ops_archive
ops/archive/bindings/ha.entity.state.expected-unavailable.yaml	archive-only	Archived duplicate of active ops source.	low	/Users/ronnyworks/code/agentic-spine-archive/ops/archive/bindings/ha.entity.state.expected-unavailable.yaml	ops_archive
ops/archive/bindings/ha.entity.state.expected-unknown.yaml	archive-only	Archived duplicate of active ops source.	low	/Users/ronnyworks/code/agentic-spine-archive/ops/archive/bindings/ha.entity.state.expected-unknown.yaml	ops_archive
ops/archive/bindings/ha.environments.yaml	archive-only	Archived duplicate of active ops source.	low	/Users/ronnyworks/code/agentic-spine-archive/ops/archive/bindings/ha.environments.yaml	ops_archive
ops/archive/bindings/ha.identity.mutation.contract.yaml	archive-only	Archived duplicate of active ops source.	low	/Users/ronnyworks/code/agentic-spine-archive/ops/archive/bindings/ha.identity.mutation.contract.yaml	ops_archive
ops/archive/bindings/ha.naming.convention.yaml	archive-only	Archived duplicate of active ops source.	low	/Users/ronnyworks/code/agentic-spine-archive/ops/archive/bindings/ha.naming.convention.yaml	ops_archive
ops/archive/bindings/ha.orphan.classification.yaml	archive-only	Archived duplicate of active ops source.	low	/Users/ronnyworks/code/agentic-spine-archive/ops/archive/bindings/ha.orphan.classification.yaml	ops_archive
ops/archive/bindings/ha.sync.config.yaml	archive-only	Archived duplicate of active ops source.	low	/Users/ronnyworks/code/agentic-spine-archive/ops/archive/bindings/ha.sync.config.yaml	ops_archive
ops/archive/bindings/handoff.config.yaml	archive-only	Archived duplicate of active ops source.	low	/Users/ronnyworks/code/agentic-spine-archive/ops/archive/bindings/handoff.config.yaml	ops_archive
ops/archive/bindings/hardware.inventory.yaml	archive-only	Archived duplicate of active ops source.	low	/Users/ronnyworks/code/agentic-spine-archive/ops/archive/bindings/hardware.inventory.yaml	ops_archive
ops/archive/bindings/hardware.parts.inventory.yaml	archive-only	Archived duplicate of active ops source.	low	/Users/ronnyworks/code/agentic-spine-archive/ops/archive/bindings/hardware.parts.inventory.yaml	ops_archive
ops/archive/bindings/home-surface.allowlist.yaml	archive-only	Archived duplicate of active ops source.	low	/Users/ronnyworks/code/agentic-spine-archive/ops/archive/bindings/home-surface.allowlist.yaml	ops_archive
ops/archive/bindings/home.assistant.catalog.snapshot.yaml	archive-only	Archived duplicate of active ops source.	low	/Users/ronnyworks/code/agentic-spine-archive/ops/archive/bindings/home.assistant.catalog.snapshot.yaml	ops_archive
ops/archive/bindings/home.authority.contract.yaml	archive-only	Archived duplicate of active ops source.	low	/Users/ronnyworks/code/agentic-spine-archive/ops/archive/bindings/home.authority.contract.yaml	ops_archive
ops/archive/bindings/home.automation.registry.yaml	archive-only	Archived duplicate of active ops source.	low	/Users/ronnyworks/code/agentic-spine-archive/ops/archive/bindings/home.automation.registry.yaml	ops_archive
ops/archive/bindings/home.dashboard.registry.yaml	archive-only	Archived duplicate of active ops source.	low	/Users/ronnyworks/code/agentic-spine-archive/ops/archive/bindings/home.dashboard.registry.yaml	ops_archive
ops/archive/bindings/home.dhcp.audit.yaml	archive-only	Archived duplicate of active ops source.	low	/Users/ronnyworks/code/agentic-spine-archive/ops/archive/bindings/home.dhcp.audit.yaml	ops_archive
ops/archive/bindings/home.hardware.inventory.yaml	archive-only	Archived duplicate of active ops source.	low	/Users/ronnyworks/code/agentic-spine-archive/ops/archive/bindings/home.hardware.inventory.yaml	ops_archive
ops/archive/bindings/home.media.readiness.baseline.yaml	archive-only	Archived duplicate of active ops source.	low	/Users/ronnyworks/code/agentic-spine-archive/ops/archive/bindings/home.media.readiness.baseline.yaml	ops_archive
ops/archive/bindings/home.output.sinks.yaml	archive-only	Archived duplicate of active ops source.	low	/Users/ronnyworks/code/agentic-spine-archive/ops/archive/bindings/home.output.sinks.yaml	ops_archive
ops/archive/bindings/home.proxmox.inventory.yaml	archive-only	Archived duplicate of active ops source.	low	/Users/ronnyworks/code/agentic-spine-archive/ops/archive/bindings/home.proxmox.inventory.yaml	ops_archive
ops/archive/bindings/home.unifi.network.inventory.yaml	archive-only	Archived duplicate of active ops source.	low	/Users/ronnyworks/code/agentic-spine-archive/ops/archive/bindings/home.unifi.network.inventory.yaml	ops_archive
ops/archive/bindings/home.zigbee.reliability.baseline.yaml	archive-only	Archived duplicate of active ops source.	low	/Users/ronnyworks/code/agentic-spine-archive/ops/archive/bindings/home.zigbee.reliability.baseline.yaml	ops_archive
ops/archive/bindings/host.audit.allowlist.yaml	archive-only	Archived duplicate of active ops source.	low	/Users/ronnyworks/code/agentic-spine-archive/ops/archive/bindings/host.audit.allowlist.yaml	ops_archive
ops/archive/bindings/identity.contract.schema.yaml	archive-only	Archived duplicate of active ops source.	low	/Users/ronnyworks/code/agentic-spine-archive/ops/archive/bindings/identity.contract.schema.yaml	ops_archive
ops/archive/bindings/immich.ingest.watch.contract.yaml	archive-only	Archived duplicate of active ops source.	low	/Users/ronnyworks/code/agentic-spine-archive/ops/archive/bindings/immich.ingest.watch.contract.yaml	ops_archive
ops/archive/bindings/inbox-shield.contracts.yaml	archive-only	Archived duplicate of active ops source.	low	/Users/ronnyworks/code/agentic-spine-archive/ops/archive/bindings/inbox-shield.contracts.yaml	ops_archive
ops/archive/bindings/infra.capacity.guard.policy.yaml	archive-only	Archived duplicate of active ops source.	low	/Users/ronnyworks/code/agentic-spine-archive/ops/archive/bindings/infra.capacity.guard.policy.yaml	ops_archive
ops/archive/bindings/infra.core.baseline.contract.yaml	archive-only	Archived duplicate of active ops source.	low	/Users/ronnyworks/code/agentic-spine-archive/ops/archive/bindings/infra.core.baseline.contract.yaml	ops_archive
ops/archive/bindings/infra.maintenance.transaction.contract.yaml	archive-only	Archived duplicate of active ops source.	low	/Users/ronnyworks/code/agentic-spine-archive/ops/archive/bindings/infra.maintenance.transaction.contract.yaml	ops_archive
ops/archive/bindings/infra.placement.policy.yaml	archive-only	Archived duplicate of active ops source.	low	/Users/ronnyworks/code/agentic-spine-archive/ops/archive/bindings/infra.placement.policy.yaml	ops_archive
ops/archive/bindings/infra.vm.profiles.yaml	archive-only	Archived duplicate of active ops source.	low	/Users/ronnyworks/code/agentic-spine-archive/ops/archive/bindings/infra.vm.profiles.yaml	ops_archive
ops/archive/bindings/internet.asset.registry.projected.yaml	archive-only	Archived duplicate of active ops source.	low	/Users/ronnyworks/code/agentic-spine-archive/ops/archive/bindings/internet.asset.registry.projected.yaml	ops_archive
ops/archive/bindings/internet.asset.registry.yaml	archive-only	Archived duplicate of active ops source.	low	/Users/ronnyworks/code/agentic-spine-archive/ops/archive/bindings/internet.asset.registry.yaml	ops_archive
ops/archive/bindings/inventory.enforcement.contract.yaml	archive-only	Archived duplicate of active ops source.	low	/Users/ronnyworks/code/agentic-spine-archive/ops/archive/bindings/inventory.enforcement.contract.yaml	ops_archive
ops/archive/bindings/inventory.locations.yaml	archive-only	Archived duplicate of active ops source.	low	/Users/ronnyworks/code/agentic-spine-archive/ops/archive/bindings/inventory.locations.yaml	ops_archive
ops/archive/bindings/inventory.transaction.ledger.yaml	archive-only	Archived duplicate of active ops source.	low	/Users/ronnyworks/code/agentic-spine-archive/ops/archive/bindings/inventory.transaction.ledger.yaml	ops_archive
ops/archive/bindings/lane.profiles.yaml	archive-only	Archived duplicate of active ops source.	low	/Users/ronnyworks/code/agentic-spine-archive/ops/archive/bindings/lane.profiles.yaml	ops_archive
ops/archive/bindings/legacy.entrypoint.exceptions.yaml	archive-only	Archived duplicate of active ops source.	low	/Users/ronnyworks/code/agentic-spine-archive/ops/archive/bindings/legacy.entrypoint.exceptions.yaml	ops_archive
ops/archive/bindings/lifecycle.rules.schema.yaml	archive-only	Archived duplicate of active ops source.	low	/Users/ronnyworks/code/agentic-spine-archive/ops/archive/bindings/lifecycle.rules.schema.yaml	ops_archive
ops/archive/bindings/lifecycle.rules.yaml	archive-only	Archived duplicate of active ops source.	low	/Users/ronnyworks/code/agentic-spine-archive/ops/archive/bindings/lifecycle.rules.yaml	ops_archive
ops/archive/bindings/lifecycle.standards.yaml	archive-only	Archived duplicate of active ops source.	low	/Users/ronnyworks/code/agentic-spine-archive/ops/archive/bindings/lifecycle.standards.yaml	ops_archive
ops/archive/bindings/loop.closeout.contract.yaml	archive-only	Archived duplicate of active ops source.	low	/Users/ronnyworks/code/agentic-spine-archive/ops/archive/bindings/loop.closeout.contract.yaml	ops_archive
ops/archive/bindings/mail.archiver.account.linkage.contract.yaml	archive-only	Archived duplicate of active ops source.	low	/Users/ronnyworks/code/agentic-spine-archive/ops/archive/bindings/mail.archiver.account.linkage.contract.yaml	ops_archive
ops/archive/bindings/mail.archiver.alias.boundary.contract.yaml	archive-only	Archived duplicate of active ops source.	low	/Users/ronnyworks/code/agentic-spine-archive/ops/archive/bindings/mail.archiver.alias.boundary.contract.yaml	ops_archive
ops/archive/bindings/mail.archiver.backup.contract.yaml	archive-only	Archived duplicate of active ops source.	low	/Users/ronnyworks/code/agentic-spine-archive/ops/archive/bindings/mail.archiver.backup.contract.yaml	ops_archive
ops/archive/bindings/mail.archiver.domain.boundary.contract.yaml	archive-only	Archived duplicate of active ops source.	low	/Users/ronnyworks/code/agentic-spine-archive/ops/archive/bindings/mail.archiver.domain.boundary.contract.yaml	ops_archive
ops/archive/bindings/mail.archiver.email.classification.contract.yaml	archive-only	Archived duplicate of active ops source.	low	/Users/ronnyworks/code/agentic-spine-archive/ops/archive/bindings/mail.archiver.email.classification.contract.yaml	ops_archive
ops/archive/bindings/mail.archiver.retention.contract.yaml	archive-only	Archived duplicate of active ops source.	low	/Users/ronnyworks/code/agentic-spine-archive/ops/archive/bindings/mail.archiver.retention.contract.yaml	ops_archive
ops/archive/bindings/mailroom.bridge.consumers.yaml	archive-only	Archived duplicate of active ops source.	low	/Users/ronnyworks/code/agentic-spine-archive/ops/archive/bindings/mailroom.bridge.consumers.yaml	ops_archive
ops/archive/bindings/mailroom.bridge.endpoints.yaml	archive-only	Archived duplicate of active ops source.	low	/Users/ronnyworks/code/agentic-spine-archive/ops/archive/bindings/mailroom.bridge.endpoints.yaml	ops_archive
ops/archive/bindings/mailroom.bridge.yaml	archive-only	Archived duplicate of active ops source.	low	/Users/ronnyworks/code/agentic-spine-archive/ops/archive/bindings/mailroom.bridge.yaml	ops_archive
ops/archive/bindings/mailroom.inventory.contract.yaml	archive-only	Archived duplicate of active ops source.	low	/Users/ronnyworks/code/agentic-spine-archive/ops/archive/bindings/mailroom.inventory.contract.yaml	ops_archive
ops/archive/bindings/mailroom.task.worker.contract.yaml	archive-only	Archived duplicate of active ops source.	low	/Users/ronnyworks/code/agentic-spine-archive/ops/archive/bindings/mailroom.task.worker.contract.yaml	ops_archive
ops/archive/bindings/mailroom.watcher.inference.contract.yaml	archive-only	Archived duplicate of active ops source.	low	/Users/ronnyworks/code/agentic-spine-archive/ops/archive/bindings/mailroom.watcher.inference.contract.yaml	ops_archive
ops/archive/bindings/maker.tools.inventory.yaml	archive-only	Archived duplicate of active ops source.	low	/Users/ronnyworks/code/agentic-spine-archive/ops/archive/bindings/maker.tools.inventory.yaml	ops_archive
ops/archive/bindings/media.availability.progression.contract.yaml	archive-only	Archived duplicate of active ops source.	low	/Users/ronnyworks/code/agentic-spine-archive/ops/archive/bindings/media.availability.progression.contract.yaml	ops_archive
ops/archive/bindings/media.capacity.snapshot.yaml	archive-only	Archived duplicate of active ops source.	low	/Users/ronnyworks/code/agentic-spine-archive/ops/archive/bindings/media.capacity.snapshot.yaml	ops_archive
ops/archive/bindings/media.content.ledger.yaml	archive-only	Archived duplicate of active ops source.	low	/Users/ronnyworks/code/agentic-spine-archive/ops/archive/bindings/media.content.ledger.yaml	ops_archive
ops/archive/bindings/media.content.snapshot.yaml	archive-only	Archived duplicate of active ops source.	low	/Users/ronnyworks/code/agentic-spine-archive/ops/archive/bindings/media.content.snapshot.yaml	ops_archive
ops/archive/bindings/media.e2e.verification.spec.yaml	archive-only	Archived duplicate of active ops source.	low	/Users/ronnyworks/code/agentic-spine-archive/ops/archive/bindings/media.e2e.verification.spec.yaml	ops_archive
ops/archive/bindings/media.import.policy.yaml	archive-only	Archived duplicate of active ops source.	low	/Users/ronnyworks/code/agentic-spine-archive/ops/archive/bindings/media.import.policy.yaml	ops_archive
ops/archive/bindings/media.path.authority.contract.yaml	archive-only	Archived duplicate of active ops source.	low	/Users/ronnyworks/code/agentic-spine-archive/ops/archive/bindings/media.path.authority.contract.yaml	ops_archive
ops/archive/bindings/media.queue.reconciliation.policy.yaml	archive-only	Archived duplicate of active ops source.	low	/Users/ronnyworks/code/agentic-spine-archive/ops/archive/bindings/media.queue.reconciliation.policy.yaml	ops_archive
ops/archive/bindings/media.topology.history.yaml	archive-only	Archived duplicate of active ops source.	low	/Users/ronnyworks/code/agentic-spine-archive/ops/archive/bindings/media.topology.history.yaml	ops_archive
ops/archive/bindings/mint.legacy.ice.policy.yaml	archive-only	Archived duplicate of active ops source.	low	/Users/ronnyworks/code/agentic-spine-archive/ops/archive/bindings/mint.legacy.ice.policy.yaml	ops_archive
ops/archive/bindings/mint.probe.targets.yaml	archive-only	Archived duplicate of active ops source.	low	/Users/ronnyworks/code/agentic-spine-archive/ops/archive/bindings/mint.probe.targets.yaml	ops_archive
ops/archive/bindings/mint.rank5plus.cutover.contract.yaml	archive-only	Archived duplicate of active ops source.	low	/Users/ronnyworks/code/agentic-spine-archive/ops/archive/bindings/mint.rank5plus.cutover.contract.yaml	ops_archive
ops/archive/bindings/mint.secrets.promotion.contract.yaml	archive-only	Archived duplicate of active ops source.	low	/Users/ronnyworks/code/agentic-spine-archive/ops/archive/bindings/mint.secrets.promotion.contract.yaml	ops_archive
ops/archive/bindings/n8n.infra.reliability.contract.yaml	archive-only	Archived duplicate of active ops source.	low	/Users/ronnyworks/code/agentic-spine-archive/ops/archive/bindings/n8n.infra.reliability.contract.yaml	ops_archive
ops/archive/bindings/namecheap.api.contract.yaml	archive-only	Archived duplicate of active ops source.	low	/Users/ronnyworks/code/agentic-spine-archive/ops/archive/bindings/namecheap.api.contract.yaml	ops_archive
ops/archive/bindings/naming.policy.yaml	archive-only	Archived duplicate of active ops source.	low	/Users/ronnyworks/code/agentic-spine-archive/ops/archive/bindings/naming.policy.yaml	ops_archive
ops/archive/bindings/network.crowdsec.contract.yaml	archive-only	Archived duplicate of active ops source.	low	/Users/ronnyworks/code/agentic-spine-archive/ops/archive/bindings/network.crowdsec.contract.yaml	ops_archive
ops/archive/bindings/network.devices.ledger.yaml	archive-only	Archived duplicate of active ops source.	low	/Users/ronnyworks/code/agentic-spine-archive/ops/archive/bindings/network.devices.ledger.yaml	ops_archive
ops/archive/bindings/network.dns.authority.contract.yaml	archive-only	Archived duplicate of active ops source.	low	/Users/ronnyworks/code/agentic-spine-archive/ops/archive/bindings/network.dns.authority.contract.yaml	ops_archive
ops/archive/bindings/network.dns.bypass.prevention.contract.yaml	archive-only	Archived duplicate of active ops source.	low	/Users/ronnyworks/code/agentic-spine-archive/ops/archive/bindings/network.dns.bypass.prevention.contract.yaml	ops_archive
ops/archive/bindings/network.dns.local.registry.yaml	archive-only	Archived duplicate of active ops source.	low	/Users/ronnyworks/code/agentic-spine-archive/ops/archive/bindings/network.dns.local.registry.yaml	ops_archive
ops/archive/bindings/network.firewall.baseline.contract.yaml	archive-only	Archived duplicate of active ops source.	low	/Users/ronnyworks/code/agentic-spine-archive/ops/archive/bindings/network.firewall.baseline.contract.yaml	ops_archive
ops/archive/bindings/network.home.baseline.yaml	archive-only	Archived duplicate of active ops source.	low	/Users/ronnyworks/code/agentic-spine-archive/ops/archive/bindings/network.home.baseline.yaml	ops_archive
ops/archive/bindings/network.honeypot.contract.yaml	archive-only	Archived duplicate of active ops source.	low	/Users/ronnyworks/code/agentic-spine-archive/ops/archive/bindings/network.honeypot.contract.yaml	ops_archive
ops/archive/bindings/network.ids.tuning.contract.yaml	archive-only	Archived duplicate of active ops source.	low	/Users/ronnyworks/code/agentic-spine-archive/ops/archive/bindings/network.ids.tuning.contract.yaml	ops_archive
ops/archive/bindings/network.inventory.snapshot.yaml	archive-only	Archived duplicate of active ops source.	low	/Users/ronnyworks/code/agentic-spine-archive/ops/archive/bindings/network.inventory.snapshot.yaml	ops_archive
ops/archive/bindings/network.unifi.home.clients.observed.yaml	archive-only	Archived duplicate of active ops source.	low	/Users/ronnyworks/code/agentic-spine-archive/ops/archive/bindings/network.unifi.home.clients.observed.yaml	ops_archive
ops/archive/bindings/network.unifi.shop.clients.observed.yaml	archive-only	Archived duplicate of active ops source.	low	/Users/ronnyworks/code/agentic-spine-archive/ops/archive/bindings/network.unifi.shop.clients.observed.yaml	ops_archive
ops/archive/bindings/operator.commitments.contract.yaml	archive-only	Archived duplicate of active ops source.	low	/Users/ronnyworks/code/agentic-spine-archive/ops/archive/bindings/operator.commitments.contract.yaml	ops_archive
ops/archive/bindings/operator.smoothness.contract.yaml	archive-only	Archived duplicate of active ops source.	low	/Users/ronnyworks/code/agentic-spine-archive/ops/archive/bindings/operator.smoothness.contract.yaml	ops_archive
ops/archive/bindings/orchestration.exec_receipt.schema.json	archive-only	Archived duplicate of active ops source.	low	/Users/ronnyworks/code/agentic-spine-archive/ops/archive/bindings/orchestration.exec_receipt.schema.json	ops_archive
ops/archive/bindings/orchestration.packet.contract.yaml	archive-only	Archived duplicate of active ops source.	low	/Users/ronnyworks/code/agentic-spine-archive/ops/archive/bindings/orchestration.packet.contract.yaml	ops_archive
ops/archive/bindings/orchestration.preflight.scope.contract.yaml	archive-only	Archived duplicate of active ops source.	low	/Users/ronnyworks/code/agentic-spine-archive/ops/archive/bindings/orchestration.preflight.scope.contract.yaml	ops_archive
ops/archive/bindings/outcome.slo.contract.yaml	archive-only	Archived duplicate of active ops source.	low	/Users/ronnyworks/code/agentic-spine-archive/ops/archive/bindings/outcome.slo.contract.yaml	ops_archive
ops/archive/bindings/planning.horizon.contract.yaml	archive-only	Archived duplicate of active ops source.	low	/Users/ronnyworks/code/agentic-spine-archive/ops/archive/bindings/planning.horizon.contract.yaml	ops_archive
ops/archive/bindings/plans.lifecycle.yaml	archive-only	Archived duplicate of active ops source.	low	/Users/ronnyworks/code/agentic-spine-archive/ops/archive/bindings/plans.lifecycle.yaml	ops_archive
ops/archive/bindings/platform.extension.binding.defaults.yaml	archive-only	Archived duplicate of active ops source.	low	/Users/ronnyworks/code/agentic-spine-archive/ops/archive/bindings/platform.extension.binding.defaults.yaml	ops_archive
ops/archive/bindings/platform.extension.index.contract.yaml	archive-only	Archived duplicate of active ops source.	low	/Users/ronnyworks/code/agentic-spine-archive/ops/archive/bindings/platform.extension.index.contract.yaml	ops_archive
ops/archive/bindings/platform.extension.lifecycle.contract.yaml	archive-only	Archived duplicate of active ops source.	low	/Users/ronnyworks/code/agentic-spine-archive/ops/archive/bindings/platform.extension.lifecycle.contract.yaml	ops_archive
ops/archive/bindings/platform.extension.naming.contract.yaml	archive-only	Archived duplicate of active ops source.	low	/Users/ronnyworks/code/agentic-spine-archive/ops/archive/bindings/platform.extension.naming.contract.yaml	ops_archive
ops/archive/bindings/platform.extension.plan.contract.yaml	archive-only	Archived duplicate of active ops source.	low	/Users/ronnyworks/code/agentic-spine-archive/ops/archive/bindings/platform.extension.plan.contract.yaml	ops_archive
ops/archive/bindings/platform.extension.preflight.contract.yaml	archive-only	Archived duplicate of active ops source.	low	/Users/ronnyworks/code/agentic-spine-archive/ops/archive/bindings/platform.extension.preflight.contract.yaml	ops_archive
ops/archive/bindings/platform.extension.transaction.contract.yaml	archive-only	Archived duplicate of active ops source.	low	/Users/ronnyworks/code/agentic-spine-archive/ops/archive/bindings/platform.extension.transaction.contract.yaml	ops_archive
ops/archive/bindings/platform.integration.registry.yaml	archive-only	Archived duplicate of active ops source.	low	/Users/ronnyworks/code/agentic-spine-archive/ops/archive/bindings/platform.integration.registry.yaml	ops_archive
ops/archive/bindings/plugin-test-exemptions.yaml	archive-only	Archived duplicate of active ops source.	low	/Users/ronnyworks/code/agentic-spine-archive/ops/archive/bindings/plugin-test-exemptions.yaml	ops_archive
ops/archive/bindings/plugin.migration.bulk.plan.yaml	archive-only	Archived duplicate of active ops source.	low	/Users/ronnyworks/code/agentic-spine-archive/ops/archive/bindings/plugin.migration.bulk.plan.yaml	ops_archive
ops/archive/bindings/plugin.migration.inventory.yaml	archive-only	Archived duplicate of active ops source.	low	/Users/ronnyworks/code/agentic-spine-archive/ops/archive/bindings/plugin.migration.inventory.yaml	ops_archive
ops/archive/bindings/plugin.migration.pilot.plan.yaml	archive-only	Archived duplicate of active ops source.	low	/Users/ronnyworks/code/agentic-spine-archive/ops/archive/bindings/plugin.migration.pilot.plan.yaml	ops_archive
ops/archive/bindings/plugin.ownership.map.yaml	archive-only	Archived duplicate of active ops source.	low	/Users/ronnyworks/code/agentic-spine-archive/ops/archive/bindings/plugin.ownership.map.yaml	ops_archive
ops/archive/bindings/policy.autotune.contract.yaml	archive-only	Archived duplicate of active ops source.	low	/Users/ronnyworks/code/agentic-spine-archive/ops/archive/bindings/policy.autotune.contract.yaml	ops_archive
ops/archive/bindings/policy.autotune.rules.yaml	archive-only	Archived duplicate of active ops source.	low	/Users/ronnyworks/code/agentic-spine-archive/ops/archive/bindings/policy.autotune.rules.yaml	ops_archive
ops/archive/bindings/policy.runtime.contract.yaml	archive-only	Archived duplicate of active ops source.	low	/Users/ronnyworks/code/agentic-spine-archive/ops/archive/bindings/policy.runtime.contract.yaml	ops_archive
ops/archive/bindings/project.attach.link.policy.yaml	archive-only	Archived duplicate of active ops source.	low	/Users/ronnyworks/code/agentic-spine-archive/ops/archive/bindings/project.attach.link.policy.yaml	ops_archive
ops/archive/bindings/projection.reconcile.allowlist.txt	archive-only	Archived duplicate of active ops source.	low	/Users/ronnyworks/code/agentic-spine-archive/ops/archive/bindings/projection.reconcile.allowlist.txt	ops_archive
ops/archive/bindings/rag.embedding.backend.yaml	archive-only	Archived duplicate of active ops source.	low	/Users/ronnyworks/code/agentic-spine-archive/ops/archive/bindings/rag.embedding.backend.yaml	ops_archive
ops/archive/bindings/rag.metrics.normalization.yaml	archive-only	Archived duplicate of active ops source.	low	/Users/ronnyworks/code/agentic-spine-archive/ops/archive/bindings/rag.metrics.normalization.yaml	ops_archive
ops/archive/bindings/rag.pipeline.contract.yaml	archive-only	Archived duplicate of active ops source.	low	/Users/ronnyworks/code/agentic-spine-archive/ops/archive/bindings/rag.pipeline.contract.yaml	ops_archive
ops/archive/bindings/rag.reindex.quality.yaml	archive-only	Archived duplicate of active ops source.	low	/Users/ronnyworks/code/agentic-spine-archive/ops/archive/bindings/rag.reindex.quality.yaml	ops_archive
ops/archive/bindings/rag.workspace.contract.yaml	archive-only	Archived duplicate of active ops source.	low	/Users/ronnyworks/code/agentic-spine-archive/ops/archive/bindings/rag.workspace.contract.yaml	ops_archive
ops/archive/bindings/receipts.archival.policy.yaml	archive-only	Archived duplicate of active ops source.	low	/Users/ronnyworks/code/agentic-spine-archive/ops/archive/bindings/receipts.archival.policy.yaml	ops_archive
ops/archive/bindings/receipts.index.schema.yaml	archive-only	Archived duplicate of active ops source.	low	/Users/ronnyworks/code/agentic-spine-archive/ops/archive/bindings/receipts.index.schema.yaml	ops_archive
ops/archive/bindings/recovery.actions.yaml	archive-only	Archived duplicate of active ops source.	low	/Users/ronnyworks/code/agentic-spine-archive/ops/archive/bindings/recovery.actions.yaml	ops_archive
ops/archive/bindings/registry.ownership.yaml	archive-only	Archived duplicate of active ops source.	low	/Users/ronnyworks/code/agentic-spine-archive/ops/archive/bindings/registry.ownership.yaml	ops_archive
ops/archive/bindings/ronny.products.scaffold.contract.yaml	archive-only	Archived duplicate of active ops source.	low	/Users/ronnyworks/code/agentic-spine-archive/ops/archive/bindings/ronny.products.scaffold.contract.yaml	ops_archive
ops/archive/bindings/runtime.path.inventory.baseline.yaml	archive-only	Archived duplicate of active ops source.	low	/Users/ronnyworks/code/agentic-spine-archive/ops/archive/bindings/runtime.path.inventory.baseline.yaml	ops_archive
ops/archive/bindings/secrets.binding.yaml	archive-only	Archived duplicate of active ops source.	low	/Users/ronnyworks/code/agentic-spine-archive/ops/archive/bindings/secrets.binding.yaml	ops_archive
ops/archive/bindings/secrets.bundle.contract.yaml	archive-only	Archived duplicate of active ops source.	low	/Users/ronnyworks/code/agentic-spine-archive/ops/archive/bindings/secrets.bundle.contract.yaml	ops_archive
ops/archive/bindings/secrets.credentials.parity.yaml	archive-only	Archived duplicate of active ops source.	low	/Users/ronnyworks/code/agentic-spine-archive/ops/archive/bindings/secrets.credentials.parity.yaml	ops_archive
ops/archive/bindings/secrets.inventory.yaml	archive-only	Archived duplicate of active ops source.	low	/Users/ronnyworks/code/agentic-spine-archive/ops/archive/bindings/secrets.inventory.yaml	ops_archive
ops/archive/bindings/service.onboarding.contract.yaml	archive-only	Archived duplicate of active ops source.	low	/Users/ronnyworks/code/agentic-spine-archive/ops/archive/bindings/service.onboarding.contract.yaml	ops_archive
ops/archive/bindings/share.publish.allowlist.yaml	archive-only	Archived duplicate of active ops source.	low	/Users/ronnyworks/code/agentic-spine-archive/ops/archive/bindings/share.publish.allowlist.yaml	ops_archive
ops/archive/bindings/share.publish.denylist.yaml	archive-only	Archived duplicate of active ops source.	low	/Users/ronnyworks/code/agentic-spine-archive/ops/archive/bindings/share.publish.denylist.yaml	ops_archive
ops/archive/bindings/share.publish.remote.yaml	archive-only	Archived duplicate of active ops source.	low	/Users/ronnyworks/code/agentic-spine-archive/ops/archive/bindings/share.publish.remote.yaml	ops_archive
ops/archive/bindings/single.authority.contract.yaml	archive-only	Archived duplicate of active ops source.	low	/Users/ronnyworks/code/agentic-spine-archive/ops/archive/bindings/single.authority.contract.yaml	ops_archive
ops/archive/bindings/spine.boundary.baseline.yaml	archive-only	Archived duplicate of active ops source.	low	/Users/ronnyworks/code/agentic-spine-archive/ops/archive/bindings/spine.boundary.baseline.yaml	ops_archive
ops/archive/bindings/spine.execution.graph.schema.yaml	archive-only	Archived duplicate of active ops source.	low	/Users/ronnyworks/code/agentic-spine-archive/ops/archive/bindings/spine.execution.graph.schema.yaml	ops_archive
ops/archive/bindings/spine.execution.graph.yaml	archive-only	Archived duplicate of active ops source.	low	/Users/ronnyworks/code/agentic-spine-archive/ops/archive/bindings/spine.execution.graph.yaml	ops_archive
ops/archive/bindings/spine.governance.sequence.contract.yaml	archive-only	Archived duplicate of active ops source.	low	/Users/ronnyworks/code/agentic-spine-archive/ops/archive/bindings/spine.governance.sequence.contract.yaml	ops_archive
ops/archive/bindings/spine.schema.conventions.yaml	archive-only	Archived duplicate of active ops source.	low	/Users/ronnyworks/code/agentic-spine-archive/ops/archive/bindings/spine.schema.conventions.yaml	ops_archive
ops/archive/bindings/spine.timeline.event.schema.yaml	archive-only	Archived duplicate of active ops source.	low	/Users/ronnyworks/code/agentic-spine-archive/ops/archive/bindings/spine.timeline.event.schema.yaml	ops_archive
ops/archive/bindings/spine.verify.runtime.yaml	archive-only	Archived duplicate of active ops source.	low	/Users/ronnyworks/code/agentic-spine-archive/ops/archive/bindings/spine.verify.runtime.yaml	ops_archive
ops/archive/bindings/spine.vertical.integration.product.contract.yaml	archive-only	Archived duplicate of active ops source.	low	/Users/ronnyworks/code/agentic-spine-archive/ops/archive/bindings/spine.vertical.integration.product.contract.yaml	ops_archive
ops/archive/bindings/ssh.target.lifecycle.contract.yaml	archive-only	Archived duplicate of active ops source.	low	/Users/ronnyworks/code/agentic-spine-archive/ops/archive/bindings/ssh.target.lifecycle.contract.yaml	ops_archive
ops/archive/bindings/stack.discovery.knowledge.contract.yaml	archive-only	Archived duplicate of active ops source.	low	/Users/ronnyworks/code/agentic-spine-archive/ops/archive/bindings/stack.discovery.knowledge.contract.yaml	ops_archive
ops/archive/bindings/stack.discovery.sources.yaml	archive-only	Archived duplicate of active ops source.	low	/Users/ronnyworks/code/agentic-spine-archive/ops/archive/bindings/stack.discovery.sources.yaml	ops_archive
ops/archive/bindings/startup.sequencing.yaml	archive-only	Archived duplicate of active ops source.	low	/Users/ronnyworks/code/agentic-spine-archive/ops/archive/bindings/startup.sequencing.yaml	ops_archive
ops/archive/bindings/state.storage.policy.yaml	archive-only	Archived duplicate of active ops source.	low	/Users/ronnyworks/code/agentic-spine-archive/ops/archive/bindings/state.storage.policy.yaml	ops_archive
ops/archive/bindings/surface.readonly.contract.yaml	archive-only	Archived duplicate of active ops source.	low	/Users/ronnyworks/code/agentic-spine-archive/ops/archive/bindings/surface.readonly.contract.yaml	ops_archive
ops/archive/bindings/tailscale.acl.policy.hujson	archive-only	Archived duplicate of active ops source.	low	/Users/ronnyworks/code/agentic-spine-archive/ops/archive/bindings/tailscale.acl.policy.hujson	ops_archive
ops/archive/bindings/tailscale.audit.log.contract.yaml	archive-only	Archived duplicate of active ops source.	low	/Users/ronnyworks/code/agentic-spine-archive/ops/archive/bindings/tailscale.audit.log.contract.yaml	ops_archive
ops/archive/bindings/tailscale.tailnet.snapshot.yaml	archive-only	Archived duplicate of active ops source.	low	/Users/ronnyworks/code/agentic-spine-archive/ops/archive/bindings/tailscale.tailnet.snapshot.yaml	ops_archive
ops/archive/bindings/tailscale.webhook.receiver.contract.yaml	archive-only	Archived duplicate of active ops source.	low	/Users/ronnyworks/code/agentic-spine-archive/ops/archive/bindings/tailscale.webhook.receiver.contract.yaml	ops_archive
ops/archive/bindings/taxlegal.citation.contract.yaml	archive-only	Archived duplicate of active ops source.	low	/Users/ronnyworks/code/agentic-spine-archive/ops/archive/bindings/taxlegal.citation.contract.yaml	ops_archive
ops/archive/bindings/taxlegal.deadline.contract.yaml	archive-only	Archived duplicate of active ops source.	low	/Users/ronnyworks/code/agentic-spine-archive/ops/archive/bindings/taxlegal.deadline.contract.yaml	ops_archive
ops/archive/bindings/taxlegal.domain.routing.spec.yaml	archive-only	Archived duplicate of active ops source.	low	/Users/ronnyworks/code/agentic-spine-archive/ops/archive/bindings/taxlegal.domain.routing.spec.yaml	ops_archive
ops/archive/bindings/taxlegal.enforcement.response.contract.yaml	archive-only	Archived duplicate of active ops source.	low	/Users/ronnyworks/code/agentic-spine-archive/ops/archive/bindings/taxlegal.enforcement.response.contract.yaml	ops_archive
ops/archive/bindings/taxlegal.jurisdiction.profile.33441.yaml	archive-only	Archived duplicate of active ops source.	low	/Users/ronnyworks/code/agentic-spine-archive/ops/archive/bindings/taxlegal.jurisdiction.profile.33441.yaml	ops_archive
ops/archive/bindings/taxlegal.lifecycle.events.contract.yaml	archive-only	Archived duplicate of active ops source.	low	/Users/ronnyworks/code/agentic-spine-archive/ops/archive/bindings/taxlegal.lifecycle.events.contract.yaml	ops_archive
ops/archive/bindings/taxlegal.privacy.contract.yaml	archive-only	Archived duplicate of active ops source.	low	/Users/ronnyworks/code/agentic-spine-archive/ops/archive/bindings/taxlegal.privacy.contract.yaml	ops_archive
ops/archive/bindings/taxlegal.retention.contract.yaml	archive-only	Archived duplicate of active ops source.	low	/Users/ronnyworks/code/agentic-spine-archive/ops/archive/bindings/taxlegal.retention.contract.yaml	ops_archive
ops/archive/bindings/taxlegal.sources.registry.yaml	archive-only	Archived duplicate of active ops source.	low	/Users/ronnyworks/code/agentic-spine-archive/ops/archive/bindings/taxlegal.sources.registry.yaml	ops_archive
ops/archive/bindings/tenant.profile.schema.yaml	archive-only	Archived duplicate of active ops source.	low	/Users/ronnyworks/code/agentic-spine-archive/ops/archive/bindings/tenant.profile.schema.yaml	ops_archive
ops/archive/bindings/terminal.launcher.view.yaml	archive-only	Archived duplicate of active ops source.	low	/Users/ronnyworks/code/agentic-spine-archive/ops/archive/bindings/terminal.launcher.view.yaml	ops_archive
ops/archive/bindings/topology.sites.yaml	archive-only	Archived duplicate of active ops source.	low	/Users/ronnyworks/code/agentic-spine-archive/ops/archive/bindings/topology.sites.yaml	ops_archive
ops/archive/bindings/topology.workstations.yaml	archive-only	Archived duplicate of active ops source.	low	/Users/ronnyworks/code/agentic-spine-archive/ops/archive/bindings/topology.workstations.yaml	ops_archive
ops/archive/bindings/verify.diagnostics.registry.yaml	archive-only	Archived duplicate of active ops source.	low	/Users/ronnyworks/code/agentic-spine-archive/ops/archive/bindings/verify.diagnostics.registry.yaml	ops_archive
ops/archive/bindings/version.compat.matrix.yaml	archive-only	Archived duplicate of active ops source.	low	/Users/ronnyworks/code/agentic-spine-archive/ops/archive/bindings/version.compat.matrix.yaml	ops_archive
ops/archive/bindings/vertical.integration.admission.contract.yaml	archive-only	Archived duplicate of active ops source.	low	/Users/ronnyworks/code/agentic-spine-archive/ops/archive/bindings/vertical.integration.admission.contract.yaml	ops_archive
ops/archive/bindings/vm.lifecycle.derived.yaml	archive-only	Archived duplicate of active ops source.	low	/Users/ronnyworks/code/agentic-spine-archive/ops/archive/bindings/vm.lifecycle.derived.yaml	ops_archive
ops/archive/bindings/vm.operating.profile.yaml	archive-only	Archived duplicate of active ops source.	low	/Users/ronnyworks/code/agentic-spine-archive/ops/archive/bindings/vm.operating.profile.yaml	ops_archive
ops/archive/bindings/vpn.provider.yaml	archive-only	Archived duplicate of active ops source.	low	/Users/ronnyworks/code/agentic-spine-archive/ops/archive/bindings/vpn.provider.yaml	ops_archive
ops/archive/bindings/wave.closeout.contract.yaml	archive-only	Archived duplicate of active ops source.	low	/Users/ronnyworks/code/agentic-spine-archive/ops/archive/bindings/wave.closeout.contract.yaml	ops_archive
ops/archive/bindings/wave.lifecycle.yaml	archive-only	Archived duplicate of active ops source.	low	/Users/ronnyworks/code/agentic-spine-archive/ops/archive/bindings/wave.lifecycle.yaml	ops_archive
ops/archive/bindings/wave.lock.yaml	archive-only	Archived duplicate of active ops source.	low	/Users/ronnyworks/code/agentic-spine-archive/ops/archive/bindings/wave.lock.yaml	ops_archive
ops/archive/bindings/weekly.execution.telemetry.contract.yaml	archive-only	Archived duplicate of active ops source.	low	/Users/ronnyworks/code/agentic-spine-archive/ops/archive/bindings/weekly.execution.telemetry.contract.yaml	ops_archive
ops/archive/bindings/workbench.deploy.method.surface.contract.yaml	archive-only	Archived duplicate of active ops source.	low	/Users/ronnyworks/code/agentic-spine-archive/ops/archive/bindings/workbench.deploy.method.surface.contract.yaml	ops_archive
ops/archive/bindings/workbench.operator.surface.contract.yaml	archive-only	Archived duplicate of active ops source.	low	/Users/ronnyworks/code/agentic-spine-archive/ops/archive/bindings/workbench.operator.surface.contract.yaml	ops_archive
ops/archive/bindings/workbench.script.allowlist.yaml	archive-only	Archived duplicate of active ops source.	low	/Users/ronnyworks/code/agentic-spine-archive/ops/archive/bindings/workbench.script.allowlist.yaml	ops_archive
ops/archive/bindings/workbench.secrets.onboarding.contract.yaml	archive-only	Archived duplicate of active ops source.	low	/Users/ronnyworks/code/agentic-spine-archive/ops/archive/bindings/workbench.secrets.onboarding.contract.yaml	ops_archive
ops/archive/bindings/workbench.ssh.attach.contract.yaml	archive-only	Archived duplicate of active ops source.	low	/Users/ronnyworks/code/agentic-spine-archive/ops/archive/bindings/workbench.ssh.attach.contract.yaml	ops_archive
ops/archive/bindings/workbench.ssh.runtime.surface.contract.yaml	archive-only	Archived duplicate of active ops source.	low	/Users/ronnyworks/code/agentic-spine-archive/ops/archive/bindings/workbench.ssh.runtime.surface.contract.yaml	ops_archive
ops/archive/bindings/z2m.naming.yaml	archive-only	Archived duplicate of active ops source.	low	/Users/ronnyworks/code/agentic-spine-archive/ops/archive/bindings/z2m.naming.yaml	ops_archive
ops/bindings/BINDING_SCHEMA.yaml	spine-source	Canonical control-plane source.	high	/Users/ronnyworks/code/agentic-spine/ops/bindings/BINDING_SCHEMA.yaml	control_plane_source
ops/bindings/agent.entrypoint.lock.yaml	spine-source	Canonical control-plane source.	high	/Users/ronnyworks/code/agentic-spine/ops/bindings/agent.entrypoint.lock.yaml	control_plane_source
ops/bindings/agent.fact.lock.yaml	spine-source	Canonical control-plane source.	high	/Users/ronnyworks/code/agentic-spine/ops/bindings/agent.fact.lock.yaml	control_plane_source
ops/bindings/agent.read.surface.yaml	spine-source	Canonical control-plane source.	high	/Users/ronnyworks/code/agentic-spine/ops/bindings/agent.read.surface.yaml	control_plane_source
ops/bindings/agents.registry.yaml	spine-source	Canonical control-plane source.	high	/Users/ronnyworks/code/agentic-spine/ops/bindings/agents.registry.yaml	control_plane_source
ops/bindings/alerting.rules.yaml	spine-source	Canonical control-plane source.	high	/Users/ronnyworks/code/agentic-spine/ops/bindings/alerting.rules.yaml	control_plane_source
ops/bindings/artie.mockup.assets.yaml	spine-source	Canonical control-plane source.	high	/Users/ronnyworks/code/agentic-spine/ops/bindings/artie.mockup.assets.yaml	control_plane_source
ops/bindings/artie.placement.profiles.yaml	spine-source	Canonical control-plane source.	high	/Users/ronnyworks/code/agentic-spine/ops/bindings/artie.placement.profiles.yaml	control_plane_source
ops/bindings/audit.suppressions.policy.yaml	spine-source	Canonical control-plane source.	high	/Users/ronnyworks/code/agentic-spine/ops/bindings/audit.suppressions.policy.yaml	control_plane_source
ops/bindings/audits.migration.plan.yaml	spine-source	Canonical control-plane source.	high	/Users/ronnyworks/code/agentic-spine/ops/bindings/audits.migration.plan.yaml	control_plane_source
ops/bindings/authority.concerns.yaml	spine-source	Canonical control-plane source.	high	/Users/ronnyworks/code/agentic-spine/ops/bindings/authority.concerns.yaml	control_plane_source
ops/bindings/authority.exemptions.yaml	spine-source	Canonical control-plane source.	high	/Users/ronnyworks/code/agentic-spine/ops/bindings/authority.exemptions.yaml	control_plane_source
ops/bindings/automation.stack.latency.slo.yaml	spine-source	Canonical control-plane source.	high	/Users/ronnyworks/code/agentic-spine/ops/bindings/automation.stack.latency.slo.yaml	control_plane_source
ops/bindings/backup.calendar.yaml	spine-source	Canonical control-plane source.	high	/Users/ronnyworks/code/agentic-spine/ops/bindings/backup.calendar.yaml	control_plane_source
ops/bindings/backup.inventory.yaml	spine-source	Canonical control-plane source.	high	/Users/ronnyworks/code/agentic-spine/ops/bindings/backup.inventory.yaml	control_plane_source
ops/bindings/backup.posture.snapshot.yaml	spine-source	Canonical control-plane source.	high	/Users/ronnyworks/code/agentic-spine/ops/bindings/backup.posture.snapshot.yaml	control_plane_source
ops/bindings/backup.schedule.yaml	spine-source	Canonical control-plane source.	high	/Users/ronnyworks/code/agentic-spine/ops/bindings/backup.schedule.yaml	control_plane_source
ops/bindings/binding.freshness.exemptions.yaml	spine-source	Canonical control-plane source.	high	/Users/ronnyworks/code/agentic-spine/ops/bindings/binding.freshness.exemptions.yaml	control_plane_source
ops/bindings/briefing.config.yaml	spine-source	Canonical control-plane source.	high	/Users/ronnyworks/code/agentic-spine/ops/bindings/briefing.config.yaml	control_plane_source
ops/bindings/business.inventory.catalog.yaml	spine-source	Canonical control-plane source.	high	/Users/ronnyworks/code/agentic-spine/ops/bindings/business.inventory.catalog.yaml	control_plane_source
ops/bindings/business.registry.yaml	spine-source	Canonical control-plane source.	high	/Users/ronnyworks/code/agentic-spine/ops/bindings/business.registry.yaml	control_plane_source
ops/bindings/calendar.external.providers.contract.yaml	spine-source	Canonical control-plane source.	high	/Users/ronnyworks/code/agentic-spine/ops/bindings/calendar.external.providers.contract.yaml	control_plane_source
ops/bindings/calendar.global.schema.yaml	spine-source	Canonical control-plane source.	high	/Users/ronnyworks/code/agentic-spine/ops/bindings/calendar.global.schema.yaml	control_plane_source
ops/bindings/calendar.global.yaml	spine-source	Canonical control-plane source.	high	/Users/ronnyworks/code/agentic-spine/ops/bindings/calendar.global.yaml	control_plane_source
ops/bindings/calendar.ha.ingest.contract.yaml	spine-source	Canonical control-plane source.	high	/Users/ronnyworks/code/agentic-spine/ops/bindings/calendar.ha.ingest.contract.yaml	control_plane_source
ops/bindings/calendar.home.contract.yaml	spine-source	Canonical control-plane source.	high	/Users/ronnyworks/code/agentic-spine/ops/bindings/calendar.home.contract.yaml	control_plane_source
ops/bindings/calendar.sync.contract.yaml	spine-source	Canonical control-plane source.	high	/Users/ronnyworks/code/agentic-spine/ops/bindings/calendar.sync.contract.yaml	control_plane_source
ops/bindings/capability.domain.catalog.yaml	spine-source	Canonical control-plane source.	high	/Users/ronnyworks/code/agentic-spine/ops/bindings/capability.domain.catalog.yaml	control_plane_source
ops/bindings/capability_map.yaml	spine-source	Canonical control-plane source.	high	/Users/ronnyworks/code/agentic-spine/ops/bindings/capability_map.yaml	control_plane_source
ops/bindings/change.intake.policy.yaml	spine-source	Canonical control-plane source.	high	/Users/ronnyworks/code/agentic-spine/ops/bindings/change.intake.policy.yaml	control_plane_source
ops/bindings/cli.tools.inventory.yaml	spine-source	Canonical control-plane source.	high	/Users/ronnyworks/code/agentic-spine/ops/bindings/cli.tools.inventory.yaml	control_plane_source
ops/bindings/cloudflare.advanced.scope.contract.yaml	spine-source	Canonical control-plane source.	high	/Users/ronnyworks/code/agentic-spine/ops/bindings/cloudflare.advanced.scope.contract.yaml	control_plane_source
ops/bindings/cloudflare.inventory.yaml	spine-source	Canonical control-plane source.	high	/Users/ronnyworks/code/agentic-spine/ops/bindings/cloudflare.inventory.yaml	control_plane_source
ops/bindings/communications.alerts.escalation.contract.yaml	spine-source	Canonical control-plane source.	high	/Users/ronnyworks/code/agentic-spine/ops/bindings/communications.alerts.escalation.contract.yaml	control_plane_source
ops/bindings/communications.alerts.queue.contract.yaml	spine-source	Canonical control-plane source.	high	/Users/ronnyworks/code/agentic-spine/ops/bindings/communications.alerts.queue.contract.yaml	control_plane_source
ops/bindings/communications.delivery.contract.yaml	spine-source	Canonical control-plane source.	high	/Users/ronnyworks/code/agentic-spine/ops/bindings/communications.delivery.contract.yaml	control_plane_source
ops/bindings/communications.policy.contract.yaml	spine-source	Canonical control-plane source.	high	/Users/ronnyworks/code/agentic-spine/ops/bindings/communications.policy.contract.yaml	control_plane_source
ops/bindings/communications.providers.contract.yaml	spine-source	Canonical control-plane source.	high	/Users/ronnyworks/code/agentic-spine/ops/bindings/communications.providers.contract.yaml	control_plane_source
ops/bindings/communications.stack.contract.yaml	spine-source	Canonical control-plane source.	high	/Users/ronnyworks/code/agentic-spine/ops/bindings/communications.stack.contract.yaml	control_plane_source
ops/bindings/communications.templates.catalog.yaml	spine-source	Canonical control-plane source.	high	/Users/ronnyworks/code/agentic-spine/ops/bindings/communications.templates.catalog.yaml	control_plane_source
ops/bindings/critical.asset.utilization.contract.yaml	spine-source	Canonical control-plane source.	high	/Users/ronnyworks/code/agentic-spine/ops/bindings/critical.asset.utilization.contract.yaml	control_plane_source
ops/bindings/cross-repo.authority.yaml	spine-source	Canonical control-plane source.	high	/Users/ronnyworks/code/agentic-spine/ops/bindings/cross-repo.authority.yaml	control_plane_source
ops/bindings/cutover.sequencing.yaml	spine-source	Canonical control-plane source.	high	/Users/ronnyworks/code/agentic-spine/ops/bindings/cutover.sequencing.yaml	control_plane_source
ops/bindings/d128-gate-mutation-policy.yaml	spine-source	Canonical control-plane source.	high	/Users/ronnyworks/code/agentic-spine/ops/bindings/d128-gate-mutation-policy.yaml	control_plane_source
ops/bindings/d75-gap-mutation-policy.yaml	spine-source	Canonical control-plane source.	high	/Users/ronnyworks/code/agentic-spine/ops/bindings/d75-gap-mutation-policy.yaml	control_plane_source
ops/bindings/deploy.dependencies.yaml	spine-source	Canonical control-plane source.	high	/Users/ronnyworks/code/agentic-spine/ops/bindings/deploy.dependencies.yaml	control_plane_source
ops/bindings/deploy.method.contract.yaml	spine-source	Canonical control-plane source.	high	/Users/ronnyworks/code/agentic-spine/ops/bindings/deploy.method.contract.yaml	control_plane_source
ops/bindings/deprecated-project-allowlist.yaml	spine-source	Canonical control-plane source.	high	/Users/ronnyworks/code/agentic-spine/ops/bindings/deprecated-project-allowlist.yaml	control_plane_source
ops/bindings/deprecated.terms.yaml	spine-source	Canonical control-plane source.	high	/Users/ronnyworks/code/agentic-spine/ops/bindings/deprecated.terms.yaml	control_plane_source
ops/bindings/docker-host.deprecation.contract.yaml	spine-source	Canonical control-plane source.	high	/Users/ronnyworks/code/agentic-spine/ops/bindings/docker-host.deprecation.contract.yaml	control_plane_source
ops/bindings/docker.compose.targets.yaml	spine-source	Canonical control-plane source.	high	/Users/ronnyworks/code/agentic-spine/ops/bindings/docker.compose.targets.yaml	control_plane_source
ops/bindings/docs.impact.contract.yaml	spine-source	Canonical control-plane source.	high	/Users/ronnyworks/code/agentic-spine/ops/bindings/docs.impact.contract.yaml	control_plane_source
ops/bindings/docs.johnny_decimal.yaml	spine-source	Canonical control-plane source.	high	/Users/ronnyworks/code/agentic-spine/ops/bindings/docs.johnny_decimal.yaml	control_plane_source
ops/bindings/domain.authority.boundary.yaml	spine-source	Canonical control-plane source.	high	/Users/ronnyworks/code/agentic-spine/ops/bindings/domain.authority.boundary.yaml	control_plane_source
ops/bindings/domain.canonical.roots.yaml	spine-source	Canonical control-plane source.	high	/Users/ronnyworks/code/agentic-spine/ops/bindings/domain.canonical.roots.yaml	control_plane_source
ops/bindings/domain.change.request.schema.yaml	spine-source	Canonical control-plane source.	high	/Users/ronnyworks/code/agentic-spine/ops/bindings/domain.change.request.schema.yaml	control_plane_source
ops/bindings/domain.docs.routes.yaml	spine-source	Canonical control-plane source.	high	/Users/ronnyworks/code/agentic-spine/ops/bindings/domain.docs.routes.yaml	control_plane_source
ops/bindings/domain.operations.contract.yaml	spine-source	Canonical control-plane source.	high	/Users/ronnyworks/code/agentic-spine/ops/bindings/domain.operations.contract.yaml	control_plane_source
ops/bindings/domain.portfolio.registry.yaml	spine-source	Canonical control-plane source.	high	/Users/ronnyworks/code/agentic-spine/ops/bindings/domain.portfolio.registry.yaml	control_plane_source
ops/bindings/domain.projection.contract.yaml	spine-source	Canonical control-plane source.	high	/Users/ronnyworks/code/agentic-spine/ops/bindings/domain.projection.contract.yaml	control_plane_source
ops/bindings/domain.taxonomy.bridge.contract.yaml	spine-source	Canonical control-plane source.	high	/Users/ronnyworks/code/agentic-spine/ops/bindings/domain.taxonomy.bridge.contract.yaml	control_plane_source
ops/bindings/domains/aof.bundle.yaml	spine-source	Canonical control-plane source.	high	/Users/ronnyworks/code/agentic-spine/ops/bindings/domains/aof.bundle.yaml	control_plane_source
ops/bindings/domains/backup.bundle.yaml	spine-source	Canonical control-plane source.	high	/Users/ronnyworks/code/agentic-spine/ops/bindings/domains/backup.bundle.yaml	control_plane_source
ops/bindings/domains/communications.bundle.yaml	spine-source	Canonical control-plane source.	high	/Users/ronnyworks/code/agentic-spine/ops/bindings/domains/communications.bundle.yaml	control_plane_source
ops/bindings/domains/core.bundle.yaml	spine-source	Canonical control-plane source.	high	/Users/ronnyworks/code/agentic-spine/ops/bindings/domains/core.bundle.yaml	control_plane_source
ops/bindings/domains/finance.bundle.yaml	spine-source	Canonical control-plane source.	high	/Users/ronnyworks/code/agentic-spine/ops/bindings/domains/finance.bundle.yaml	control_plane_source
ops/bindings/domains/home.bundle.yaml	spine-source	Canonical control-plane source.	high	/Users/ronnyworks/code/agentic-spine/ops/bindings/domains/home.bundle.yaml	control_plane_source
ops/bindings/domains/hygiene-weekly.bundle.yaml	spine-source	Canonical control-plane source.	high	/Users/ronnyworks/code/agentic-spine/ops/bindings/domains/hygiene-weekly.bundle.yaml	control_plane_source
ops/bindings/domains/immich.bundle.yaml	spine-source	Canonical control-plane source.	high	/Users/ronnyworks/code/agentic-spine/ops/bindings/domains/immich.bundle.yaml	control_plane_source
ops/bindings/domains/infra.bundle.yaml	spine-source	Canonical control-plane source.	high	/Users/ronnyworks/code/agentic-spine/ops/bindings/domains/infra.bundle.yaml	control_plane_source
ops/bindings/domains/loop_gap.bundle.yaml	spine-source	Canonical control-plane source.	high	/Users/ronnyworks/code/agentic-spine/ops/bindings/domains/loop_gap.bundle.yaml	control_plane_source
ops/bindings/domains/media.bundle.yaml	spine-source	Canonical control-plane source.	high	/Users/ronnyworks/code/agentic-spine/ops/bindings/domains/media.bundle.yaml	control_plane_source
ops/bindings/domains/microsoft.bundle.yaml	spine-source	Canonical control-plane source.	high	/Users/ronnyworks/code/agentic-spine/ops/bindings/domains/microsoft.bundle.yaml	control_plane_source
ops/bindings/domains/mint.bundle.yaml	spine-source	Canonical control-plane source.	high	/Users/ronnyworks/code/agentic-spine/ops/bindings/domains/mint.bundle.yaml	control_plane_source
ops/bindings/domains/n8n.bundle.yaml	spine-source	Canonical control-plane source.	high	/Users/ronnyworks/code/agentic-spine/ops/bindings/domains/n8n.bundle.yaml	control_plane_source
ops/bindings/domains/observability.bundle.yaml	spine-source	Canonical control-plane source.	high	/Users/ronnyworks/code/agentic-spine/ops/bindings/domains/observability.bundle.yaml	control_plane_source
ops/bindings/domains/proxmox-network.bundle.yaml	spine-source	Canonical control-plane source.	high	/Users/ronnyworks/code/agentic-spine/ops/bindings/domains/proxmox-network.bundle.yaml	control_plane_source
ops/bindings/domains/rag.bundle.yaml	spine-source	Canonical control-plane source.	high	/Users/ronnyworks/code/agentic-spine/ops/bindings/domains/rag.bundle.yaml	control_plane_source
ops/bindings/domains/secrets.bundle.yaml	spine-source	Canonical control-plane source.	high	/Users/ronnyworks/code/agentic-spine/ops/bindings/domains/secrets.bundle.yaml	control_plane_source
ops/bindings/domains/surveillance.bundle.yaml	spine-source	Canonical control-plane source.	high	/Users/ronnyworks/code/agentic-spine/ops/bindings/domains/surveillance.bundle.yaml	control_plane_source
ops/bindings/domains/tax-legal.bundle.yaml	spine-source	Canonical control-plane source.	high	/Users/ronnyworks/code/agentic-spine/ops/bindings/domains/tax-legal.bundle.yaml	control_plane_source
ops/bindings/domains/workbench.bundle.yaml	spine-source	Canonical control-plane source.	high	/Users/ronnyworks/code/agentic-spine/ops/bindings/domains/workbench.bundle.yaml	control_plane_source
ops/bindings/drift-gates.scoped.yaml	spine-source	Canonical control-plane source.	high	/Users/ronnyworks/code/agentic-spine/ops/bindings/drift-gates.scoped.yaml	control_plane_source
ops/bindings/entry.boot.surface.contract.yaml	spine-source	Canonical control-plane source.	high	/Users/ronnyworks/code/agentic-spine/ops/bindings/entry.boot.surface.contract.yaml	control_plane_source
ops/bindings/entry.surface.contract.yaml	spine-source	Canonical control-plane source.	high	/Users/ronnyworks/code/agentic-spine/ops/bindings/entry.surface.contract.yaml	control_plane_source
ops/bindings/entry.surface.gate.metadata.contract.yaml	spine-source	Canonical control-plane source.	high	/Users/ronnyworks/code/agentic-spine/ops/bindings/entry.surface.gate.metadata.contract.yaml	control_plane_source
ops/bindings/environment.contract.schema.yaml	spine-source	Canonical control-plane source.	high	/Users/ronnyworks/code/agentic-spine/ops/bindings/environment.contract.schema.yaml	control_plane_source
ops/bindings/evidence.retention.policy.yaml	spine-source	Canonical control-plane source.	high	/Users/ronnyworks/code/agentic-spine/ops/bindings/evidence.retention.policy.yaml	control_plane_source
ops/bindings/external.integration.visibility.yaml	spine-source	Canonical control-plane source.	high	/Users/ronnyworks/code/agentic-spine/ops/bindings/external.integration.visibility.yaml	control_plane_source
ops/bindings/extraction.mode.yaml	spine-source	Canonical control-plane source.	high	/Users/ronnyworks/code/agentic-spine/ops/bindings/extraction.mode.yaml	control_plane_source
ops/bindings/extraction.queue.yaml	spine-source	Canonical control-plane source.	high	/Users/ronnyworks/code/agentic-spine/ops/bindings/extraction.queue.yaml	control_plane_source
ops/bindings/fabric.boundary.contract.yaml	spine-source	Canonical control-plane source.	high	/Users/ronnyworks/code/agentic-spine/ops/bindings/fabric.boundary.contract.yaml	control_plane_source
ops/bindings/finance.cc-benefits.runtime.contract.yaml	spine-source	Canonical control-plane source.	high	/Users/ronnyworks/code/agentic-spine/ops/bindings/finance.cc-benefits.runtime.contract.yaml	control_plane_source
ops/bindings/freshness.reconcile.contract.yaml	spine-source	Canonical control-plane source.	high	/Users/ronnyworks/code/agentic-spine/ops/bindings/freshness.reconcile.contract.yaml	control_plane_source
ops/bindings/friction.baseline.contract.yaml	spine-source	Canonical control-plane source.	high	/Users/ronnyworks/code/agentic-spine/ops/bindings/friction.baseline.contract.yaml	control_plane_source
ops/bindings/gap.schema.yaml	spine-source	Canonical control-plane source.	high	/Users/ronnyworks/code/agentic-spine/ops/bindings/gap.schema.yaml	control_plane_source
ops/bindings/gate.agent.profiles.yaml	spine-source	Canonical control-plane source.	high	/Users/ronnyworks/code/agentic-spine/ops/bindings/gate.agent.profiles.yaml	control_plane_source
ops/bindings/gate.budget.add_one_retire_one.contract.yaml	spine-source	Canonical control-plane source.	high	/Users/ronnyworks/code/agentic-spine/ops/bindings/gate.budget.add_one_retire_one.contract.yaml	control_plane_source
ops/bindings/gate.domain.profiles.yaml	spine-source	Canonical control-plane source.	high	/Users/ronnyworks/code/agentic-spine/ops/bindings/gate.domain.profiles.yaml	control_plane_source
ops/bindings/gate.enforcement.policy.yaml	spine-source	Canonical control-plane source.	high	/Users/ronnyworks/code/agentic-spine/ops/bindings/gate.enforcement.policy.yaml	control_plane_source
ops/bindings/gate.execution.topology.yaml	spine-source	Canonical control-plane source.	high	/Users/ronnyworks/code/agentic-spine/ops/bindings/gate.execution.topology.yaml	control_plane_source
ops/bindings/gate.portfolio.policy.yaml	spine-source	Canonical control-plane source.	high	/Users/ronnyworks/code/agentic-spine/ops/bindings/gate.portfolio.policy.yaml	control_plane_source
ops/bindings/gate.portfolio.triage.yaml	spine-source	Canonical control-plane source.	high	/Users/ronnyworks/code/agentic-spine/ops/bindings/gate.portfolio.triage.yaml	control_plane_source
ops/bindings/gate.registry.yaml	spine-source	Canonical control-plane source.	high	/Users/ronnyworks/code/agentic-spine/ops/bindings/gate.registry.yaml	control_plane_source
ops/bindings/governance.parity.reconcile.20260217.yaml	spine-source	Canonical control-plane source.	high	/Users/ronnyworks/code/agentic-spine/ops/bindings/governance.parity.reconcile.20260217.yaml	control_plane_source
ops/bindings/ha.addons.yaml	spine-source	Canonical control-plane source.	high	/Users/ronnyworks/code/agentic-spine/ops/bindings/ha.addons.yaml	control_plane_source
ops/bindings/ha.areas.yaml	spine-source	Canonical control-plane source.	high	/Users/ronnyworks/code/agentic-spine/ops/bindings/ha.areas.yaml	control_plane_source
ops/bindings/ha.automation.registry.yaml	spine-source	Canonical control-plane source.	high	/Users/ronnyworks/code/agentic-spine/ops/bindings/ha.automation.registry.yaml	control_plane_source
ops/bindings/ha.automations.ledger.yaml	spine-source	Canonical control-plane source.	high	/Users/ronnyworks/code/agentic-spine/ops/bindings/ha.automations.ledger.yaml	control_plane_source
ops/bindings/ha.automations.yaml	spine-source	Canonical control-plane source.	high	/Users/ronnyworks/code/agentic-spine/ops/bindings/ha.automations.yaml	control_plane_source
ops/bindings/ha.catalog.authority.yaml	spine-source	Canonical control-plane source.	high	/Users/ronnyworks/code/agentic-spine/ops/bindings/ha.catalog.authority.yaml	control_plane_source
ops/bindings/ha.dashboards.yaml	spine-source	Canonical control-plane source.	high	/Users/ronnyworks/code/agentic-spine/ops/bindings/ha.dashboards.yaml	control_plane_source
ops/bindings/ha.device.map.overrides.yaml	spine-source	Canonical control-plane source.	high	/Users/ronnyworks/code/agentic-spine/ops/bindings/ha.device.map.overrides.yaml	control_plane_source
ops/bindings/ha.device.map.yaml	spine-source	Canonical control-plane source.	high	/Users/ronnyworks/code/agentic-spine/ops/bindings/ha.device.map.yaml	control_plane_source
ops/bindings/ha.devices.ledger.yaml	spine-source	Canonical control-plane source.	high	/Users/ronnyworks/code/agentic-spine/ops/bindings/ha.devices.ledger.yaml	control_plane_source
ops/bindings/ha.entity.state.baseline.yaml	spine-source	Canonical control-plane source.	high	/Users/ronnyworks/code/agentic-spine/ops/bindings/ha.entity.state.baseline.yaml	control_plane_source
ops/bindings/ha.entity.state.expected-unavailable.yaml	spine-source	Canonical control-plane source.	high	/Users/ronnyworks/code/agentic-spine/ops/bindings/ha.entity.state.expected-unavailable.yaml	control_plane_source
ops/bindings/ha.entity.state.expected-unknown.yaml	spine-source	Canonical control-plane source.	high	/Users/ronnyworks/code/agentic-spine/ops/bindings/ha.entity.state.expected-unknown.yaml	control_plane_source
ops/bindings/ha.environments.yaml	spine-source	Canonical control-plane source.	high	/Users/ronnyworks/code/agentic-spine/ops/bindings/ha.environments.yaml	control_plane_source
ops/bindings/ha.hacs.yaml	spine-source	Canonical control-plane source.	high	/Users/ronnyworks/code/agentic-spine/ops/bindings/ha.hacs.yaml	control_plane_source
ops/bindings/ha.helpers.yaml	spine-source	Canonical control-plane source.	high	/Users/ronnyworks/code/agentic-spine/ops/bindings/ha.helpers.yaml	control_plane_source
ops/bindings/ha.identity.mutation.contract.yaml	spine-source	Canonical control-plane source.	high	/Users/ronnyworks/code/agentic-spine/ops/bindings/ha.identity.mutation.contract.yaml	control_plane_source
ops/bindings/ha.integrations.yaml	spine-source	Canonical control-plane source.	high	/Users/ronnyworks/code/agentic-spine/ops/bindings/ha.integrations.yaml	control_plane_source
ops/bindings/ha.inventory.snapshot.yaml	spine-source	Canonical control-plane source.	high	/Users/ronnyworks/code/agentic-spine/ops/bindings/ha.inventory.snapshot.yaml	control_plane_source
ops/bindings/ha.naming.convention.yaml	spine-source	Canonical control-plane source.	high	/Users/ronnyworks/code/agentic-spine/ops/bindings/ha.naming.convention.yaml	control_plane_source
ops/bindings/ha.orphan.classification.yaml	spine-source	Canonical control-plane source.	high	/Users/ronnyworks/code/agentic-spine/ops/bindings/ha.orphan.classification.yaml	control_plane_source
ops/bindings/ha.scenes.yaml	spine-source	Canonical control-plane source.	high	/Users/ronnyworks/code/agentic-spine/ops/bindings/ha.scenes.yaml	control_plane_source
ops/bindings/ha.scripts.yaml	spine-source	Canonical control-plane source.	high	/Users/ronnyworks/code/agentic-spine/ops/bindings/ha.scripts.yaml	control_plane_source
ops/bindings/ha.ssot.baseline.yaml	spine-source	Canonical control-plane source.	high	/Users/ronnyworks/code/agentic-spine/ops/bindings/ha.ssot.baseline.yaml	control_plane_source
ops/bindings/ha.sync.config.yaml	spine-source	Canonical control-plane source.	high	/Users/ronnyworks/code/agentic-spine/ops/bindings/ha.sync.config.yaml	control_plane_source
ops/bindings/handoff.config.yaml	spine-source	Canonical control-plane source.	high	/Users/ronnyworks/code/agentic-spine/ops/bindings/handoff.config.yaml	control_plane_source
ops/bindings/hardware.inventory.yaml	spine-source	Canonical control-plane source.	high	/Users/ronnyworks/code/agentic-spine/ops/bindings/hardware.inventory.yaml	control_plane_source
ops/bindings/hardware.parts.inventory.yaml	spine-source	Canonical control-plane source.	high	/Users/ronnyworks/code/agentic-spine/ops/bindings/hardware.parts.inventory.yaml	control_plane_source
ops/bindings/home-surface.allowlist.yaml	spine-source	Canonical control-plane source.	high	/Users/ronnyworks/code/agentic-spine/ops/bindings/home-surface.allowlist.yaml	control_plane_source
ops/bindings/home.assistant.catalog.snapshot.yaml	spine-source	Canonical control-plane source.	high	/Users/ronnyworks/code/agentic-spine/ops/bindings/home.assistant.catalog.snapshot.yaml	control_plane_source
ops/bindings/home.authority.contract.yaml	spine-source	Canonical control-plane source.	high	/Users/ronnyworks/code/agentic-spine/ops/bindings/home.authority.contract.yaml	control_plane_source
ops/bindings/home.automation.registry.yaml	spine-source	Canonical control-plane source.	high	/Users/ronnyworks/code/agentic-spine/ops/bindings/home.automation.registry.yaml	control_plane_source
ops/bindings/home.dashboard.registry.yaml	spine-source	Canonical control-plane source.	high	/Users/ronnyworks/code/agentic-spine/ops/bindings/home.dashboard.registry.yaml	control_plane_source
ops/bindings/home.device.registry.yaml	spine-source	Canonical control-plane source.	high	/Users/ronnyworks/code/agentic-spine/ops/bindings/home.device.registry.yaml	control_plane_source
ops/bindings/home.dhcp.audit.yaml	spine-source	Canonical control-plane source.	high	/Users/ronnyworks/code/agentic-spine/ops/bindings/home.dhcp.audit.yaml	control_plane_source
ops/bindings/home.hardware.inventory.yaml	spine-source	Canonical control-plane source.	high	/Users/ronnyworks/code/agentic-spine/ops/bindings/home.hardware.inventory.yaml	control_plane_source
ops/bindings/home.media.readiness.baseline.yaml	spine-source	Canonical control-plane source.	high	/Users/ronnyworks/code/agentic-spine/ops/bindings/home.media.readiness.baseline.yaml	control_plane_source
ops/bindings/home.output.sinks.yaml	spine-source	Canonical control-plane source.	high	/Users/ronnyworks/code/agentic-spine/ops/bindings/home.output.sinks.yaml	control_plane_source
ops/bindings/home.proxmox.inventory.yaml	spine-source	Canonical control-plane source.	high	/Users/ronnyworks/code/agentic-spine/ops/bindings/home.proxmox.inventory.yaml	control_plane_source
ops/bindings/home.unifi.network.inventory.yaml	spine-source	Canonical control-plane source.	high	/Users/ronnyworks/code/agentic-spine/ops/bindings/home.unifi.network.inventory.yaml	control_plane_source
ops/bindings/home.zigbee.reliability.baseline.yaml	spine-source	Canonical control-plane source.	high	/Users/ronnyworks/code/agentic-spine/ops/bindings/home.zigbee.reliability.baseline.yaml	control_plane_source
ops/bindings/host.audit.allowlist.yaml	spine-source	Canonical control-plane source.	high	/Users/ronnyworks/code/agentic-spine/ops/bindings/host.audit.allowlist.yaml	control_plane_source
ops/bindings/identity.contract.schema.yaml	spine-source	Canonical control-plane source.	high	/Users/ronnyworks/code/agentic-spine/ops/bindings/identity.contract.schema.yaml	control_plane_source
ops/bindings/immich.ingest.watch.contract.yaml	spine-source	Canonical control-plane source.	high	/Users/ronnyworks/code/agentic-spine/ops/bindings/immich.ingest.watch.contract.yaml	control_plane_source
ops/bindings/inbox-shield.contracts.yaml	spine-source	Canonical control-plane source.	high	/Users/ronnyworks/code/agentic-spine/ops/bindings/inbox-shield.contracts.yaml	control_plane_source
ops/bindings/infisical.backup.contract.yaml	spine-source	Canonical control-plane source.	high	/Users/ronnyworks/code/agentic-spine/ops/bindings/infisical.backup.contract.yaml	control_plane_source
ops/bindings/infra.capacity.guard.policy.yaml	spine-source	Canonical control-plane source.	high	/Users/ronnyworks/code/agentic-spine/ops/bindings/infra.capacity.guard.policy.yaml	control_plane_source
ops/bindings/infra.core.baseline.contract.yaml	spine-source	Canonical control-plane source.	high	/Users/ronnyworks/code/agentic-spine/ops/bindings/infra.core.baseline.contract.yaml	control_plane_source
ops/bindings/infra.core.slo.yaml	spine-source	Canonical control-plane source.	high	/Users/ronnyworks/code/agentic-spine/ops/bindings/infra.core.slo.yaml	control_plane_source
ops/bindings/infra.maintenance.transaction.contract.yaml	spine-source	Canonical control-plane source.	high	/Users/ronnyworks/code/agentic-spine/ops/bindings/infra.maintenance.transaction.contract.yaml	control_plane_source
ops/bindings/infra.placement.policy.yaml	spine-source	Canonical control-plane source.	high	/Users/ronnyworks/code/agentic-spine/ops/bindings/infra.placement.policy.yaml	control_plane_source
ops/bindings/infra.relocation.plan.yaml	spine-source	Canonical control-plane source.	high	/Users/ronnyworks/code/agentic-spine/ops/bindings/infra.relocation.plan.yaml	control_plane_source
ops/bindings/infra.storage.placement.policy.yaml	spine-source	Canonical control-plane source.	high	/Users/ronnyworks/code/agentic-spine/ops/bindings/infra.storage.placement.policy.yaml	control_plane_source
ops/bindings/infra.vm.profiles.yaml	spine-source	Canonical control-plane source.	high	/Users/ronnyworks/code/agentic-spine/ops/bindings/infra.vm.profiles.yaml	control_plane_source
ops/bindings/intake.envelope.schema.yaml	spine-source	Canonical control-plane source.	high	/Users/ronnyworks/code/agentic-spine/ops/bindings/intake.envelope.schema.yaml	control_plane_source
ops/bindings/intake.lifecycle.contract.yaml	spine-source	Canonical control-plane source.	high	/Users/ronnyworks/code/agentic-spine/ops/bindings/intake.lifecycle.contract.yaml	control_plane_source
ops/bindings/internet.asset.registry.projected.yaml	spine-source	Canonical control-plane source.	high	/Users/ronnyworks/code/agentic-spine/ops/bindings/internet.asset.registry.projected.yaml	control_plane_source
ops/bindings/internet.asset.registry.yaml	spine-source	Canonical control-plane source.	high	/Users/ronnyworks/code/agentic-spine/ops/bindings/internet.asset.registry.yaml	control_plane_source
ops/bindings/inventory.enforcement.contract.yaml	spine-source	Canonical control-plane source.	high	/Users/ronnyworks/code/agentic-spine/ops/bindings/inventory.enforcement.contract.yaml	control_plane_source
ops/bindings/inventory.locations.yaml	spine-source	Canonical control-plane source.	high	/Users/ronnyworks/code/agentic-spine/ops/bindings/inventory.locations.yaml	control_plane_source
ops/bindings/inventory.transaction.ledger.yaml	spine-source	Canonical control-plane source.	high	/Users/ronnyworks/code/agentic-spine/ops/bindings/inventory.transaction.ledger.yaml	control_plane_source
ops/bindings/lane.profiles.yaml	spine-source	Canonical control-plane source.	high	/Users/ronnyworks/code/agentic-spine/ops/bindings/lane.profiles.yaml	control_plane_source
ops/bindings/launchd.runtime.contract.yaml	spine-source	Canonical control-plane source.	high	/Users/ronnyworks/code/agentic-spine/ops/bindings/launchd.runtime.contract.yaml	control_plane_source
ops/bindings/launchd.scheduler.registry.yaml	spine-source	Canonical control-plane source.	high	/Users/ronnyworks/code/agentic-spine/ops/bindings/launchd.scheduler.registry.yaml	control_plane_source
ops/bindings/lean.budget.contract.yaml	spine-source	Canonical control-plane source.	high	/Users/ronnyworks/code/agentic-spine/ops/bindings/lean.budget.contract.yaml	control_plane_source
ops/bindings/legacy.entrypoint.exceptions.yaml	spine-source	Canonical control-plane source.	high	/Users/ronnyworks/code/agentic-spine/ops/bindings/legacy.entrypoint.exceptions.yaml	control_plane_source
ops/bindings/lifecycle.rules.schema.yaml	spine-source	Canonical control-plane source.	high	/Users/ronnyworks/code/agentic-spine/ops/bindings/lifecycle.rules.schema.yaml	control_plane_source
ops/bindings/lifecycle.rules.yaml	spine-source	Canonical control-plane source.	high	/Users/ronnyworks/code/agentic-spine/ops/bindings/lifecycle.rules.yaml	control_plane_source
ops/bindings/lifecycle.standards.yaml	spine-source	Canonical control-plane source.	high	/Users/ronnyworks/code/agentic-spine/ops/bindings/lifecycle.standards.yaml	control_plane_source
ops/bindings/loop.closeout.contract.yaml	spine-source	Canonical control-plane source.	high	/Users/ronnyworks/code/agentic-spine/ops/bindings/loop.closeout.contract.yaml	control_plane_source
ops/bindings/mail.archiver.account.linkage.contract.yaml	spine-source	Canonical control-plane source.	high	/Users/ronnyworks/code/agentic-spine/ops/bindings/mail.archiver.account.linkage.contract.yaml	control_plane_source
ops/bindings/mail.archiver.alias.boundary.contract.yaml	spine-source	Canonical control-plane source.	high	/Users/ronnyworks/code/agentic-spine/ops/bindings/mail.archiver.alias.boundary.contract.yaml	control_plane_source
ops/bindings/mail.archiver.backup.contract.yaml	spine-source	Canonical control-plane source.	high	/Users/ronnyworks/code/agentic-spine/ops/bindings/mail.archiver.backup.contract.yaml	control_plane_source
ops/bindings/mail.archiver.domain.boundary.contract.yaml	spine-source	Canonical control-plane source.	high	/Users/ronnyworks/code/agentic-spine/ops/bindings/mail.archiver.domain.boundary.contract.yaml	control_plane_source
ops/bindings/mail.archiver.email.classification.contract.yaml	spine-source	Canonical control-plane source.	high	/Users/ronnyworks/code/agentic-spine/ops/bindings/mail.archiver.email.classification.contract.yaml	control_plane_source
ops/bindings/mail.archiver.retention.contract.yaml	spine-source	Canonical control-plane source.	high	/Users/ronnyworks/code/agentic-spine/ops/bindings/mail.archiver.retention.contract.yaml	control_plane_source
ops/bindings/mailroom.bridge.consumers.yaml	spine-source	Canonical control-plane source.	high	/Users/ronnyworks/code/agentic-spine/ops/bindings/mailroom.bridge.consumers.yaml	control_plane_source
ops/bindings/mailroom.bridge.endpoints.yaml	spine-source	Canonical control-plane source.	high	/Users/ronnyworks/code/agentic-spine/ops/bindings/mailroom.bridge.endpoints.yaml	control_plane_source
ops/bindings/mailroom.bridge.yaml	spine-source	Canonical control-plane source.	high	/Users/ronnyworks/code/agentic-spine/ops/bindings/mailroom.bridge.yaml	control_plane_source
ops/bindings/mailroom.inventory.contract.yaml	spine-source	Canonical control-plane source.	high	/Users/ronnyworks/code/agentic-spine/ops/bindings/mailroom.inventory.contract.yaml	control_plane_source
ops/bindings/mailroom.runtime.contract.yaml	spine-source	Canonical control-plane source.	high	/Users/ronnyworks/code/agentic-spine/ops/bindings/mailroom.runtime.contract.yaml	control_plane_source
ops/bindings/mailroom.task.worker.contract.yaml	spine-source	Canonical control-plane source.	high	/Users/ronnyworks/code/agentic-spine/ops/bindings/mailroom.task.worker.contract.yaml	control_plane_source
ops/bindings/mailroom.watcher.inference.contract.yaml	spine-source	Canonical control-plane source.	high	/Users/ronnyworks/code/agentic-spine/ops/bindings/mailroom.watcher.inference.contract.yaml	control_plane_source
ops/bindings/maker.tools.inventory.yaml	spine-source	Canonical control-plane source.	high	/Users/ronnyworks/code/agentic-spine/ops/bindings/maker.tools.inventory.yaml	control_plane_source
ops/bindings/master.inventory.registry.yaml	spine-source	Canonical control-plane source.	high	/Users/ronnyworks/code/agentic-spine/ops/bindings/master.inventory.registry.yaml	control_plane_source
ops/bindings/mcp.runtime.contract.yaml	spine-source	Canonical control-plane source.	high	/Users/ronnyworks/code/agentic-spine/ops/bindings/mcp.runtime.contract.yaml	control_plane_source
ops/bindings/media.availability.progression.contract.yaml	spine-source	Canonical control-plane source.	high	/Users/ronnyworks/code/agentic-spine/ops/bindings/media.availability.progression.contract.yaml	control_plane_source
ops/bindings/media.capacity.snapshot.yaml	spine-source	Canonical control-plane source.	high	/Users/ronnyworks/code/agentic-spine/ops/bindings/media.capacity.snapshot.yaml	control_plane_source
ops/bindings/media.content.ledger.yaml	spine-source	Canonical control-plane source.	high	/Users/ronnyworks/code/agentic-spine/ops/bindings/media.content.ledger.yaml	control_plane_source
ops/bindings/media.content.snapshot.yaml	spine-source	Canonical control-plane source.	high	/Users/ronnyworks/code/agentic-spine/ops/bindings/media.content.snapshot.yaml	control_plane_source
ops/bindings/media.e2e.verification.spec.yaml	spine-source	Canonical control-plane source.	high	/Users/ronnyworks/code/agentic-spine/ops/bindings/media.e2e.verification.spec.yaml	control_plane_source
ops/bindings/media.import.policy.yaml	spine-source	Canonical control-plane source.	high	/Users/ronnyworks/code/agentic-spine/ops/bindings/media.import.policy.yaml	control_plane_source
ops/bindings/media.path.authority.contract.yaml	spine-source	Canonical control-plane source.	high	/Users/ronnyworks/code/agentic-spine/ops/bindings/media.path.authority.contract.yaml	control_plane_source
ops/bindings/media.queue.reconciliation.policy.yaml	spine-source	Canonical control-plane source.	high	/Users/ronnyworks/code/agentic-spine/ops/bindings/media.queue.reconciliation.policy.yaml	control_plane_source
ops/bindings/media.services.yaml	spine-source	Canonical control-plane source.	high	/Users/ronnyworks/code/agentic-spine/ops/bindings/media.services.yaml	control_plane_source
ops/bindings/media.topology.history.yaml	spine-source	Canonical control-plane source.	high	/Users/ronnyworks/code/agentic-spine/ops/bindings/media.topology.history.yaml	control_plane_source
ops/bindings/mint.legacy.ice.policy.yaml	spine-source	Canonical control-plane source.	high	/Users/ronnyworks/code/agentic-spine/ops/bindings/mint.legacy.ice.policy.yaml	control_plane_source
ops/bindings/mint.module.lifecycle.authority.yaml	spine-source	Canonical control-plane source.	high	/Users/ronnyworks/code/agentic-spine/ops/bindings/mint.module.lifecycle.authority.yaml	control_plane_source
ops/bindings/mint.module.sequence.contract.yaml	spine-source	Canonical control-plane source.	high	/Users/ronnyworks/code/agentic-spine/ops/bindings/mint.module.sequence.contract.yaml	control_plane_source
ops/bindings/mint.module.status.authority.contract.yaml	spine-source	Canonical control-plane source.	high	/Users/ronnyworks/code/agentic-spine/ops/bindings/mint.module.status.authority.contract.yaml	control_plane_source
ops/bindings/mint.module.status.projected.yaml	spine-source	Canonical control-plane source.	high	/Users/ronnyworks/code/agentic-spine/ops/bindings/mint.module.status.projected.yaml	control_plane_source
ops/bindings/mint.order.truth.authority.yaml	spine-source	Canonical control-plane source.	high	/Users/ronnyworks/code/agentic-spine/ops/bindings/mint.order.truth.authority.yaml	control_plane_source
ops/bindings/mint.probe.targets.yaml	spine-source	Canonical control-plane source.	high	/Users/ronnyworks/code/agentic-spine/ops/bindings/mint.probe.targets.yaml	control_plane_source
ops/bindings/mint.public.ingress.contract.yaml	spine-source	Canonical control-plane source.	high	/Users/ronnyworks/code/agentic-spine/ops/bindings/mint.public.ingress.contract.yaml	control_plane_source
ops/bindings/mint.quote.line_item.normalization.contract.yaml	spine-source	Canonical control-plane source.	high	/Users/ronnyworks/code/agentic-spine/ops/bindings/mint.quote.line_item.normalization.contract.yaml	control_plane_source
ops/bindings/mint.quote.packet.authority.yaml	spine-source	Canonical control-plane source.	high	/Users/ronnyworks/code/agentic-spine/ops/bindings/mint.quote.packet.authority.yaml	control_plane_source
ops/bindings/mint.quote.payment_bridge.authority.yaml	spine-source	Canonical control-plane source.	high	/Users/ronnyworks/code/agentic-spine/ops/bindings/mint.quote.payment_bridge.authority.yaml	control_plane_source
ops/bindings/mint.rank5plus.cutover.contract.yaml	spine-source	Canonical control-plane source.	high	/Users/ronnyworks/code/agentic-spine/ops/bindings/mint.rank5plus.cutover.contract.yaml	control_plane_source
ops/bindings/mint.secrets.promotion.contract.yaml	spine-source	Canonical control-plane source.	high	/Users/ronnyworks/code/agentic-spine/ops/bindings/mint.secrets.promotion.contract.yaml	control_plane_source
ops/bindings/mint.storage.findings.map.yaml	spine-source	Canonical control-plane source.	high	/Users/ronnyworks/code/agentic-spine/ops/bindings/mint.storage.findings.map.yaml	control_plane_source
ops/bindings/mint.storage.guard.policy.yaml	spine-source	Canonical control-plane source.	high	/Users/ronnyworks/code/agentic-spine/ops/bindings/mint.storage.guard.policy.yaml	control_plane_source
ops/bindings/n8n.infra.reliability.contract.yaml	spine-source	Canonical control-plane source.	high	/Users/ronnyworks/code/agentic-spine/ops/bindings/n8n.infra.reliability.contract.yaml	control_plane_source
ops/bindings/namecheap.api.contract.yaml	spine-source	Canonical control-plane source.	high	/Users/ronnyworks/code/agentic-spine/ops/bindings/namecheap.api.contract.yaml	control_plane_source
ops/bindings/naming.policy.yaml	spine-source	Canonical control-plane source.	high	/Users/ronnyworks/code/agentic-spine/ops/bindings/naming.policy.yaml	control_plane_source
ops/bindings/network.crowdsec.contract.yaml	spine-source	Canonical control-plane source.	high	/Users/ronnyworks/code/agentic-spine/ops/bindings/network.crowdsec.contract.yaml	control_plane_source
ops/bindings/network.devices.ledger.yaml	spine-source	Canonical control-plane source.	high	/Users/ronnyworks/code/agentic-spine/ops/bindings/network.devices.ledger.yaml	control_plane_source
ops/bindings/network.dns.authority.contract.yaml	spine-source	Canonical control-plane source.	high	/Users/ronnyworks/code/agentic-spine/ops/bindings/network.dns.authority.contract.yaml	control_plane_source
ops/bindings/network.dns.bypass.prevention.contract.yaml	spine-source	Canonical control-plane source.	high	/Users/ronnyworks/code/agentic-spine/ops/bindings/network.dns.bypass.prevention.contract.yaml	control_plane_source
ops/bindings/network.dns.local.registry.yaml	spine-source	Canonical control-plane source.	high	/Users/ronnyworks/code/agentic-spine/ops/bindings/network.dns.local.registry.yaml	control_plane_source
ops/bindings/network.firewall.baseline.contract.yaml	spine-source	Canonical control-plane source.	high	/Users/ronnyworks/code/agentic-spine/ops/bindings/network.firewall.baseline.contract.yaml	control_plane_source
ops/bindings/network.home.baseline.yaml	spine-source	Canonical control-plane source.	high	/Users/ronnyworks/code/agentic-spine/ops/bindings/network.home.baseline.yaml	control_plane_source
ops/bindings/network.honeypot.contract.yaml	spine-source	Canonical control-plane source.	high	/Users/ronnyworks/code/agentic-spine/ops/bindings/network.honeypot.contract.yaml	control_plane_source
ops/bindings/network.ids.tuning.contract.yaml	spine-source	Canonical control-plane source.	high	/Users/ronnyworks/code/agentic-spine/ops/bindings/network.ids.tuning.contract.yaml	control_plane_source
ops/bindings/network.inventory.snapshot.yaml	spine-source	Canonical control-plane source.	high	/Users/ronnyworks/code/agentic-spine/ops/bindings/network.inventory.snapshot.yaml	control_plane_source
ops/bindings/network.mdns.governance.contract.yaml	spine-source	Canonical control-plane source.	high	/Users/ronnyworks/code/agentic-spine/ops/bindings/network.mdns.governance.contract.yaml	control_plane_source
ops/bindings/network.unifi.home.clients.observed.yaml	spine-source	Canonical control-plane source.	high	/Users/ronnyworks/code/agentic-spine/ops/bindings/network.unifi.home.clients.observed.yaml	control_plane_source
ops/bindings/network.unifi.shop.clients.observed.yaml	spine-source	Canonical control-plane source.	high	/Users/ronnyworks/code/agentic-spine/ops/bindings/network.unifi.shop.clients.observed.yaml	control_plane_source
ops/bindings/network.vlan.firewall.baseline.yaml	spine-source	Canonical control-plane source.	high	/Users/ronnyworks/code/agentic-spine/ops/bindings/network.vlan.firewall.baseline.yaml	control_plane_source
ops/bindings/network.vlan.topology.contract.yaml	spine-source	Canonical control-plane source.	high	/Users/ronnyworks/code/agentic-spine/ops/bindings/network.vlan.topology.contract.yaml	control_plane_source
ops/bindings/nightly.closeout.contract.yaml	spine-source	Canonical control-plane source.	high	/Users/ronnyworks/code/agentic-spine/ops/bindings/nightly.closeout.contract.yaml	control_plane_source
ops/bindings/operational.gaps.yaml	spine-source	Canonical control-plane source.	high	/Users/ronnyworks/code/agentic-spine/ops/bindings/operational.gaps.yaml	control_plane_source
ops/bindings/operator.commitments.contract.yaml	spine-source	Canonical control-plane source.	high	/Users/ronnyworks/code/agentic-spine/ops/bindings/operator.commitments.contract.yaml	control_plane_source
ops/bindings/operator.smoothness.contract.yaml	spine-source	Canonical control-plane source.	high	/Users/ronnyworks/code/agentic-spine/ops/bindings/operator.smoothness.contract.yaml	control_plane_source
ops/bindings/orchestration.exec_receipt.schema.json	spine-source	Canonical control-plane source.	high	/Users/ronnyworks/code/agentic-spine/ops/bindings/orchestration.exec_receipt.schema.json	control_plane_source
ops/bindings/orchestration.packet.contract.yaml	spine-source	Canonical control-plane source.	high	/Users/ronnyworks/code/agentic-spine/ops/bindings/orchestration.packet.contract.yaml	control_plane_source
ops/bindings/orchestration.preflight.scope.contract.yaml	spine-source	Canonical control-plane source.	high	/Users/ronnyworks/code/agentic-spine/ops/bindings/orchestration.preflight.scope.contract.yaml	control_plane_source
ops/bindings/outcome.slo.contract.yaml	spine-source	Canonical control-plane source.	high	/Users/ronnyworks/code/agentic-spine/ops/bindings/outcome.slo.contract.yaml	control_plane_source
ops/bindings/planning.horizon.contract.yaml	spine-source	Canonical control-plane source.	high	/Users/ronnyworks/code/agentic-spine/ops/bindings/planning.horizon.contract.yaml	control_plane_source
ops/bindings/plans.lifecycle.yaml	spine-source	Canonical control-plane source.	high	/Users/ronnyworks/code/agentic-spine/ops/bindings/plans.lifecycle.yaml	control_plane_source
ops/bindings/platform.control.surfaces.yaml	spine-source	Canonical control-plane source.	high	/Users/ronnyworks/code/agentic-spine/ops/bindings/platform.control.surfaces.yaml	control_plane_source
ops/bindings/platform.extension.binding.defaults.yaml	spine-source	Canonical control-plane source.	high	/Users/ronnyworks/code/agentic-spine/ops/bindings/platform.extension.binding.defaults.yaml	control_plane_source
ops/bindings/platform.extension.index.contract.yaml	spine-source	Canonical control-plane source.	high	/Users/ronnyworks/code/agentic-spine/ops/bindings/platform.extension.index.contract.yaml	control_plane_source
ops/bindings/platform.extension.lifecycle.contract.yaml	spine-source	Canonical control-plane source.	high	/Users/ronnyworks/code/agentic-spine/ops/bindings/platform.extension.lifecycle.contract.yaml	control_plane_source
ops/bindings/platform.extension.naming.contract.yaml	spine-source	Canonical control-plane source.	high	/Users/ronnyworks/code/agentic-spine/ops/bindings/platform.extension.naming.contract.yaml	control_plane_source
ops/bindings/platform.extension.plan.contract.yaml	spine-source	Canonical control-plane source.	high	/Users/ronnyworks/code/agentic-spine/ops/bindings/platform.extension.plan.contract.yaml	control_plane_source
ops/bindings/platform.extension.preflight.contract.yaml	spine-source	Canonical control-plane source.	high	/Users/ronnyworks/code/agentic-spine/ops/bindings/platform.extension.preflight.contract.yaml	control_plane_source
ops/bindings/platform.extension.transaction.contract.yaml	spine-source	Canonical control-plane source.	high	/Users/ronnyworks/code/agentic-spine/ops/bindings/platform.extension.transaction.contract.yaml	control_plane_source
ops/bindings/platform.integration.registry.yaml	spine-source	Canonical control-plane source.	high	/Users/ronnyworks/code/agentic-spine/ops/bindings/platform.integration.registry.yaml	control_plane_source
ops/bindings/plugin-test-exemptions.yaml	spine-source	Canonical control-plane source.	high	/Users/ronnyworks/code/agentic-spine/ops/bindings/plugin-test-exemptions.yaml	control_plane_source
ops/bindings/plugin.migration.bulk.plan.yaml	spine-source	Canonical control-plane source.	high	/Users/ronnyworks/code/agentic-spine/ops/bindings/plugin.migration.bulk.plan.yaml	control_plane_source
ops/bindings/plugin.migration.inventory.yaml	spine-source	Canonical control-plane source.	high	/Users/ronnyworks/code/agentic-spine/ops/bindings/plugin.migration.inventory.yaml	control_plane_source
ops/bindings/plugin.migration.pilot.plan.yaml	spine-source	Canonical control-plane source.	high	/Users/ronnyworks/code/agentic-spine/ops/bindings/plugin.migration.pilot.plan.yaml	control_plane_source
ops/bindings/plugin.ownership.map.yaml	spine-source	Canonical control-plane source.	high	/Users/ronnyworks/code/agentic-spine/ops/bindings/plugin.ownership.map.yaml	control_plane_source
ops/bindings/policy.autotune.contract.yaml	spine-source	Canonical control-plane source.	high	/Users/ronnyworks/code/agentic-spine/ops/bindings/policy.autotune.contract.yaml	control_plane_source
ops/bindings/policy.autotune.rules.yaml	spine-source	Canonical control-plane source.	high	/Users/ronnyworks/code/agentic-spine/ops/bindings/policy.autotune.rules.yaml	control_plane_source
ops/bindings/policy.presets.yaml	spine-source	Canonical control-plane source.	high	/Users/ronnyworks/code/agentic-spine/ops/bindings/policy.presets.yaml	control_plane_source
ops/bindings/policy.runtime.contract.yaml	spine-source	Canonical control-plane source.	high	/Users/ronnyworks/code/agentic-spine/ops/bindings/policy.runtime.contract.yaml	control_plane_source
ops/bindings/proactive.guard.policy.yaml	spine-source	Canonical control-plane source.	high	/Users/ronnyworks/code/agentic-spine/ops/bindings/proactive.guard.policy.yaml	control_plane_source
ops/bindings/project.attach.link.policy.yaml	spine-source	Canonical control-plane source.	high	/Users/ronnyworks/code/agentic-spine/ops/bindings/project.attach.link.policy.yaml	control_plane_source
ops/bindings/projection.reconcile.allowlist.txt	spine-source	Canonical control-plane source.	high	/Users/ronnyworks/code/agentic-spine/ops/bindings/projection.reconcile.allowlist.txt	control_plane_source
ops/bindings/prompt.registry.yaml	spine-source	Canonical control-plane source.	high	/Users/ronnyworks/code/agentic-spine/ops/bindings/prompt.registry.yaml	control_plane_source
ops/bindings/proposals.lifecycle.yaml	spine-source	Canonical control-plane source.	high	/Users/ronnyworks/code/agentic-spine/ops/bindings/proposals.lifecycle.yaml	control_plane_source
ops/bindings/provider.orchestration.bundle.yaml	spine-source	Canonical control-plane source.	high	/Users/ronnyworks/code/agentic-spine/ops/bindings/provider.orchestration.bundle.yaml	control_plane_source
ops/bindings/rag.embedding.backend.yaml	spine-source	Canonical control-plane source.	high	/Users/ronnyworks/code/agentic-spine/ops/bindings/rag.embedding.backend.yaml	control_plane_source
ops/bindings/rag.metrics.normalization.yaml	spine-source	Canonical control-plane source.	high	/Users/ronnyworks/code/agentic-spine/ops/bindings/rag.metrics.normalization.yaml	control_plane_source
ops/bindings/rag.pipeline.contract.yaml	spine-source	Canonical control-plane source.	high	/Users/ronnyworks/code/agentic-spine/ops/bindings/rag.pipeline.contract.yaml	control_plane_source
ops/bindings/rag.reindex.quality.yaml	spine-source	Canonical control-plane source.	high	/Users/ronnyworks/code/agentic-spine/ops/bindings/rag.reindex.quality.yaml	control_plane_source
ops/bindings/rag.remote.runner.yaml	spine-source	Canonical control-plane source.	high	/Users/ronnyworks/code/agentic-spine/ops/bindings/rag.remote.runner.yaml	control_plane_source
ops/bindings/rag.workspace.contract.yaml	spine-source	Canonical control-plane source.	high	/Users/ronnyworks/code/agentic-spine/ops/bindings/rag.workspace.contract.yaml	control_plane_source
ops/bindings/receipts.archival.policy.yaml	spine-source	Canonical control-plane source.	high	/Users/ronnyworks/code/agentic-spine/ops/bindings/receipts.archival.policy.yaml	control_plane_source
ops/bindings/receipts.index.schema.yaml	spine-source	Canonical control-plane source.	high	/Users/ronnyworks/code/agentic-spine/ops/bindings/receipts.index.schema.yaml	control_plane_source
ops/bindings/recovery.actions.yaml	spine-source	Canonical control-plane source.	high	/Users/ronnyworks/code/agentic-spine/ops/bindings/recovery.actions.yaml	control_plane_source
ops/bindings/registry.ownership.yaml	spine-source	Canonical control-plane source.	high	/Users/ronnyworks/code/agentic-spine/ops/bindings/registry.ownership.yaml	control_plane_source
ops/bindings/role.runtime.control.contract.yaml	spine-source	Canonical control-plane source.	high	/Users/ronnyworks/code/agentic-spine/ops/bindings/role.runtime.control.contract.yaml	control_plane_source
ops/bindings/ronny.products.scaffold.contract.yaml	spine-source	Canonical control-plane source.	high	/Users/ronnyworks/code/agentic-spine/ops/bindings/ronny.products.scaffold.contract.yaml	control_plane_source
ops/bindings/routing.dispatch.yaml	spine-source	Canonical control-plane source.	high	/Users/ronnyworks/code/agentic-spine/ops/bindings/routing.dispatch.yaml	control_plane_source
ops/bindings/runtime.bootstrap.contract.yaml	spine-source	Canonical control-plane source.	high	/Users/ronnyworks/code/agentic-spine/ops/bindings/runtime.bootstrap.contract.yaml	control_plane_source
ops/bindings/runtime.path.inventory.baseline.yaml	spine-source	Canonical control-plane source.	high	/Users/ronnyworks/code/agentic-spine/ops/bindings/runtime.path.inventory.baseline.yaml	control_plane_source
ops/bindings/secrets.binding.yaml	spine-source	Canonical control-plane source.	high	/Users/ronnyworks/code/agentic-spine/ops/bindings/secrets.binding.yaml	control_plane_source
ops/bindings/secrets.bundle.contract.yaml	spine-source	Canonical control-plane source.	high	/Users/ronnyworks/code/agentic-spine/ops/bindings/secrets.bundle.contract.yaml	control_plane_source
ops/bindings/secrets.credentials.parity.yaml	spine-source	Canonical control-plane source.	high	/Users/ronnyworks/code/agentic-spine/ops/bindings/secrets.credentials.parity.yaml	control_plane_source
ops/bindings/secrets.enforcement.contract.yaml	spine-source	Canonical control-plane source.	high	/Users/ronnyworks/code/agentic-spine/ops/bindings/secrets.enforcement.contract.yaml	control_plane_source
ops/bindings/secrets.inventory.yaml	spine-source	Canonical control-plane source.	high	/Users/ronnyworks/code/agentic-spine/ops/bindings/secrets.inventory.yaml	control_plane_source
ops/bindings/secrets.namespace.policy.yaml	spine-source	Canonical control-plane source.	high	/Users/ronnyworks/code/agentic-spine/ops/bindings/secrets.namespace.policy.yaml	control_plane_source
ops/bindings/secrets.runway.contract.yaml	spine-source	Canonical control-plane source.	high	/Users/ronnyworks/code/agentic-spine/ops/bindings/secrets.runway.contract.yaml	control_plane_source
ops/bindings/secrets.tier1.writeproof.contract.yaml	spine-source	Canonical control-plane source.	high	/Users/ronnyworks/code/agentic-spine/ops/bindings/secrets.tier1.writeproof.contract.yaml	control_plane_source
ops/bindings/service.onboarding.contract.yaml	spine-source	Canonical control-plane source.	high	/Users/ronnyworks/code/agentic-spine/ops/bindings/service.onboarding.contract.yaml	control_plane_source
ops/bindings/services.health.yaml	spine-source	Canonical control-plane source.	high	/Users/ronnyworks/code/agentic-spine/ops/bindings/services.health.yaml	control_plane_source
ops/bindings/share.publish.allowlist.yaml	spine-source	Canonical control-plane source.	high	/Users/ronnyworks/code/agentic-spine/ops/bindings/share.publish.allowlist.yaml	control_plane_source
ops/bindings/share.publish.denylist.yaml	spine-source	Canonical control-plane source.	high	/Users/ronnyworks/code/agentic-spine/ops/bindings/share.publish.denylist.yaml	control_plane_source
ops/bindings/share.publish.remote.yaml	spine-source	Canonical control-plane source.	high	/Users/ronnyworks/code/agentic-spine/ops/bindings/share.publish.remote.yaml	control_plane_source
ops/bindings/single.authority.contract.yaml	spine-source	Canonical control-plane source.	high	/Users/ronnyworks/code/agentic-spine/ops/bindings/single.authority.contract.yaml	control_plane_source
ops/bindings/spine.boundary.baseline.yaml	spine-source	Canonical control-plane source.	high	/Users/ronnyworks/code/agentic-spine/ops/bindings/spine.boundary.baseline.yaml	control_plane_source
ops/bindings/spine.execution.graph.schema.yaml	spine-source	Canonical control-plane source.	high	/Users/ronnyworks/code/agentic-spine/ops/bindings/spine.execution.graph.schema.yaml	control_plane_source
ops/bindings/spine.execution.graph.yaml	spine-source	Canonical control-plane source.	high	/Users/ronnyworks/code/agentic-spine/ops/bindings/spine.execution.graph.yaml	control_plane_source
ops/bindings/spine.experiment.contract.yaml	spine-source	Canonical control-plane source.	high	/Users/ronnyworks/code/agentic-spine/ops/bindings/spine.experiment.contract.yaml	control_plane_source
ops/bindings/spine.governance.sequence.contract.yaml	spine-source	Canonical control-plane source.	high	/Users/ronnyworks/code/agentic-spine/ops/bindings/spine.governance.sequence.contract.yaml	control_plane_source
ops/bindings/spine.schema.conventions.yaml	spine-source	Canonical control-plane source.	high	/Users/ronnyworks/code/agentic-spine/ops/bindings/spine.schema.conventions.yaml	control_plane_source
ops/bindings/spine.timeline.event.schema.yaml	spine-source	Canonical control-plane source.	high	/Users/ronnyworks/code/agentic-spine/ops/bindings/spine.timeline.event.schema.yaml	control_plane_source
ops/bindings/spine.verify.runtime.yaml	spine-source	Canonical control-plane source.	high	/Users/ronnyworks/code/agentic-spine/ops/bindings/spine.verify.runtime.yaml	control_plane_source
ops/bindings/spine.vertical.integration.product.contract.yaml	spine-source	Canonical control-plane source.	high	/Users/ronnyworks/code/agentic-spine/ops/bindings/spine.vertical.integration.product.contract.yaml	control_plane_source
ops/bindings/ssh.target.lifecycle.contract.yaml	spine-source	Canonical control-plane source.	high	/Users/ronnyworks/code/agentic-spine/ops/bindings/ssh.target.lifecycle.contract.yaml	control_plane_source
ops/bindings/ssh.targets.yaml	spine-source	Canonical control-plane source.	high	/Users/ronnyworks/code/agentic-spine/ops/bindings/ssh.targets.yaml	control_plane_source
ops/bindings/stability.control.contract.yaml	spine-source	Canonical control-plane source.	high	/Users/ronnyworks/code/agentic-spine/ops/bindings/stability.control.contract.yaml	control_plane_source
ops/bindings/stabilization.mode.yaml	spine-source	Canonical control-plane source.	high	/Users/ronnyworks/code/agentic-spine/ops/bindings/stabilization.mode.yaml	control_plane_source
ops/bindings/stack.discovery.knowledge.contract.yaml	spine-source	Canonical control-plane source.	high	/Users/ronnyworks/code/agentic-spine/ops/bindings/stack.discovery.knowledge.contract.yaml	control_plane_source
ops/bindings/stack.discovery.sources.yaml	spine-source	Canonical control-plane source.	high	/Users/ronnyworks/code/agentic-spine/ops/bindings/stack.discovery.sources.yaml	control_plane_source
ops/bindings/startup.sequencing.yaml	spine-source	Canonical control-plane source.	high	/Users/ronnyworks/code/agentic-spine/ops/bindings/startup.sequencing.yaml	control_plane_source
ops/bindings/state.storage.policy.yaml	spine-source	Canonical control-plane source.	high	/Users/ronnyworks/code/agentic-spine/ops/bindings/state.storage.policy.yaml	control_plane_source
ops/bindings/stateful.compose.guard.yaml	spine-source	Canonical control-plane source.	high	/Users/ronnyworks/code/agentic-spine/ops/bindings/stateful.compose.guard.yaml	control_plane_source
ops/bindings/surface.readonly.contract.yaml	spine-source	Canonical control-plane source.	high	/Users/ronnyworks/code/agentic-spine/ops/bindings/surface.readonly.contract.yaml	control_plane_source
ops/bindings/surveillance.topology.contract.yaml	spine-source	Canonical control-plane source.	high	/Users/ronnyworks/code/agentic-spine/ops/bindings/surveillance.topology.contract.yaml	control_plane_source
ops/bindings/synology918.storage.manifest.yaml	spine-source	Canonical control-plane source.	high	/Users/ronnyworks/code/agentic-spine/ops/bindings/synology918.storage.manifest.yaml	control_plane_source
ops/bindings/tailscale.acl.policy.hujson	spine-source	Canonical control-plane source.	high	/Users/ronnyworks/code/agentic-spine/ops/bindings/tailscale.acl.policy.hujson	control_plane_source
ops/bindings/tailscale.audit.log.contract.yaml	spine-source	Canonical control-plane source.	high	/Users/ronnyworks/code/agentic-spine/ops/bindings/tailscale.audit.log.contract.yaml	control_plane_source
ops/bindings/tailscale.ssh.lifecycle.contract.yaml	spine-source	Canonical control-plane source.	high	/Users/ronnyworks/code/agentic-spine/ops/bindings/tailscale.ssh.lifecycle.contract.yaml	control_plane_source
ops/bindings/tailscale.tailnet.snapshot.yaml	spine-source	Canonical control-plane source.	high	/Users/ronnyworks/code/agentic-spine/ops/bindings/tailscale.tailnet.snapshot.yaml	control_plane_source
ops/bindings/tailscale.webhook.receiver.contract.yaml	spine-source	Canonical control-plane source.	high	/Users/ronnyworks/code/agentic-spine/ops/bindings/tailscale.webhook.receiver.contract.yaml	control_plane_source
ops/bindings/taxlegal.case.lifecycle.contract.yaml	spine-source	Canonical control-plane source.	high	/Users/ronnyworks/code/agentic-spine/ops/bindings/taxlegal.case.lifecycle.contract.yaml	control_plane_source
ops/bindings/taxlegal.citation.contract.yaml	spine-source	Canonical control-plane source.	high	/Users/ronnyworks/code/agentic-spine/ops/bindings/taxlegal.citation.contract.yaml	control_plane_source
ops/bindings/taxlegal.deadline.contract.yaml	spine-source	Canonical control-plane source.	high	/Users/ronnyworks/code/agentic-spine/ops/bindings/taxlegal.deadline.contract.yaml	control_plane_source
ops/bindings/taxlegal.domain.routing.spec.yaml	spine-source	Canonical control-plane source.	high	/Users/ronnyworks/code/agentic-spine/ops/bindings/taxlegal.domain.routing.spec.yaml	control_plane_source
ops/bindings/taxlegal.enforcement.response.contract.yaml	spine-source	Canonical control-plane source.	high	/Users/ronnyworks/code/agentic-spine/ops/bindings/taxlegal.enforcement.response.contract.yaml	control_plane_source
ops/bindings/taxlegal.jurisdiction.profile.33441.yaml	spine-source	Canonical control-plane source.	high	/Users/ronnyworks/code/agentic-spine/ops/bindings/taxlegal.jurisdiction.profile.33441.yaml	control_plane_source
ops/bindings/taxlegal.lifecycle.events.contract.yaml	spine-source	Canonical control-plane source.	high	/Users/ronnyworks/code/agentic-spine/ops/bindings/taxlegal.lifecycle.events.contract.yaml	control_plane_source
ops/bindings/taxlegal.paperless.binding.contract.yaml	spine-source	Canonical control-plane source.	high	/Users/ronnyworks/code/agentic-spine/ops/bindings/taxlegal.paperless.binding.contract.yaml	control_plane_source
ops/bindings/taxlegal.privacy.contract.yaml	spine-source	Canonical control-plane source.	high	/Users/ronnyworks/code/agentic-spine/ops/bindings/taxlegal.privacy.contract.yaml	control_plane_source
ops/bindings/taxlegal.retention.contract.yaml	spine-source	Canonical control-plane source.	high	/Users/ronnyworks/code/agentic-spine/ops/bindings/taxlegal.retention.contract.yaml	control_plane_source
ops/bindings/taxlegal.sources.registry.yaml	spine-source	Canonical control-plane source.	high	/Users/ronnyworks/code/agentic-spine/ops/bindings/taxlegal.sources.registry.yaml	control_plane_source
ops/bindings/tenant.profile.schema.yaml	spine-source	Canonical control-plane source.	high	/Users/ronnyworks/code/agentic-spine/ops/bindings/tenant.profile.schema.yaml	control_plane_source
ops/bindings/tenant.profile.yaml	spine-source	Canonical control-plane source.	high	/Users/ronnyworks/code/agentic-spine/ops/bindings/tenant.profile.yaml	control_plane_source
ops/bindings/tenant.storage.contract.yaml	spine-source	Canonical control-plane source.	high	/Users/ronnyworks/code/agentic-spine/ops/bindings/tenant.storage.contract.yaml	control_plane_source
ops/bindings/tenants/media-stack.yaml	spine-source	Canonical control-plane source.	high	/Users/ronnyworks/code/agentic-spine/ops/bindings/tenants/media-stack.yaml	control_plane_source
ops/bindings/terminal.launcher.view.yaml	spine-source	Canonical control-plane source.	high	/Users/ronnyworks/code/agentic-spine/ops/bindings/terminal.launcher.view.yaml	control_plane_source
ops/bindings/terminal.role.contract.yaml	spine-source	Canonical control-plane source.	high	/Users/ronnyworks/code/agentic-spine/ops/bindings/terminal.role.contract.yaml	control_plane_source
ops/bindings/terminal.worker.catalog.yaml	spine-source	Canonical control-plane source.	high	/Users/ronnyworks/code/agentic-spine/ops/bindings/terminal.worker.catalog.yaml	control_plane_source
ops/bindings/topology.sites.yaml	spine-source	Canonical control-plane source.	high	/Users/ronnyworks/code/agentic-spine/ops/bindings/topology.sites.yaml	control_plane_source
ops/bindings/topology.workstations.yaml	spine-source	Canonical control-plane source.	high	/Users/ronnyworks/code/agentic-spine/ops/bindings/topology.workstations.yaml	control_plane_source
ops/bindings/verify.diagnostics.registry.yaml	spine-source	Canonical control-plane source.	high	/Users/ronnyworks/code/agentic-spine/ops/bindings/verify.diagnostics.registry.yaml	control_plane_source
ops/bindings/verify.failure.classification.contract.yaml	spine-source	Canonical control-plane source.	high	/Users/ronnyworks/code/agentic-spine/ops/bindings/verify.failure.classification.contract.yaml	control_plane_source
ops/bindings/verify.ring.policy.yaml	spine-source	Canonical control-plane source.	high	/Users/ronnyworks/code/agentic-spine/ops/bindings/verify.ring.policy.yaml	control_plane_source
ops/bindings/verify.run.profile.contract.yaml	spine-source	Canonical control-plane source.	high	/Users/ronnyworks/code/agentic-spine/ops/bindings/verify.run.profile.contract.yaml	control_plane_source
ops/bindings/version.compat.matrix.yaml	spine-source	Canonical control-plane source.	high	/Users/ronnyworks/code/agentic-spine/ops/bindings/version.compat.matrix.yaml	control_plane_source
ops/bindings/vertical.integration.admission.contract.yaml	spine-source	Canonical control-plane source.	high	/Users/ronnyworks/code/agentic-spine/ops/bindings/vertical.integration.admission.contract.yaml	control_plane_source
ops/bindings/vm.lifecycle.contract.yaml	spine-source	Canonical control-plane source.	high	/Users/ronnyworks/code/agentic-spine/ops/bindings/vm.lifecycle.contract.yaml	control_plane_source
ops/bindings/vm.lifecycle.derived.yaml	spine-source	Canonical control-plane source.	high	/Users/ronnyworks/code/agentic-spine/ops/bindings/vm.lifecycle.derived.yaml	control_plane_source
ops/bindings/vm.lifecycle.yaml	spine-source	Canonical control-plane source.	high	/Users/ronnyworks/code/agentic-spine/ops/bindings/vm.lifecycle.yaml	control_plane_source
ops/bindings/vm.operating.profile.yaml	spine-source	Canonical control-plane source.	high	/Users/ronnyworks/code/agentic-spine/ops/bindings/vm.operating.profile.yaml	control_plane_source
ops/bindings/vpn.provider.yaml	spine-source	Canonical control-plane source.	high	/Users/ronnyworks/code/agentic-spine/ops/bindings/vpn.provider.yaml	control_plane_source
ops/bindings/wave.closeout.contract.yaml	spine-source	Canonical control-plane source.	high	/Users/ronnyworks/code/agentic-spine/ops/bindings/wave.closeout.contract.yaml	control_plane_source
ops/bindings/wave.lifecycle.yaml	spine-source	Canonical control-plane source.	high	/Users/ronnyworks/code/agentic-spine/ops/bindings/wave.lifecycle.yaml	control_plane_source
ops/bindings/wave.lock.yaml	spine-source	Canonical control-plane source.	high	/Users/ronnyworks/code/agentic-spine/ops/bindings/wave.lock.yaml	control_plane_source
ops/bindings/weekly.execution.telemetry.contract.yaml	spine-source	Canonical control-plane source.	high	/Users/ronnyworks/code/agentic-spine/ops/bindings/weekly.execution.telemetry.contract.yaml	control_plane_source
ops/bindings/workbench.deploy.method.surface.contract.yaml	spine-source	Canonical control-plane source.	high	/Users/ronnyworks/code/agentic-spine/ops/bindings/workbench.deploy.method.surface.contract.yaml	control_plane_source
ops/bindings/workbench.operator.surface.contract.yaml	spine-source	Canonical control-plane source.	high	/Users/ronnyworks/code/agentic-spine/ops/bindings/workbench.operator.surface.contract.yaml	control_plane_source
ops/bindings/workbench.script.allowlist.yaml	spine-source	Canonical control-plane source.	high	/Users/ronnyworks/code/agentic-spine/ops/bindings/workbench.script.allowlist.yaml	control_plane_source
ops/bindings/workbench.secrets.onboarding.contract.yaml	spine-source	Canonical control-plane source.	high	/Users/ronnyworks/code/agentic-spine/ops/bindings/workbench.secrets.onboarding.contract.yaml	control_plane_source
ops/bindings/workbench.ssh.attach.contract.yaml	spine-source	Canonical control-plane source.	high	/Users/ronnyworks/code/agentic-spine/ops/bindings/workbench.ssh.attach.contract.yaml	control_plane_source
ops/bindings/workbench.ssh.runtime.surface.contract.yaml	spine-source	Canonical control-plane source.	high	/Users/ronnyworks/code/agentic-spine/ops/bindings/workbench.ssh.runtime.surface.contract.yaml	control_plane_source
ops/bindings/worktree.lifecycle.contract.yaml	spine-source	Canonical control-plane source.	high	/Users/ronnyworks/code/agentic-spine/ops/bindings/worktree.lifecycle.contract.yaml	control_plane_source
ops/bindings/worktree.session.isolation.yaml	spine-source	Canonical control-plane source.	high	/Users/ronnyworks/code/agentic-spine/ops/bindings/worktree.session.isolation.yaml	control_plane_source
ops/bindings/z2m.devices.yaml	spine-source	Canonical control-plane source.	high	/Users/ronnyworks/code/agentic-spine/ops/bindings/z2m.devices.yaml	control_plane_source
ops/bindings/z2m.naming.yaml	spine-source	Canonical control-plane source.	high	/Users/ronnyworks/code/agentic-spine/ops/bindings/z2m.naming.yaml	control_plane_source
ops/bindings/zwave.devices.yaml	spine-source	Canonical control-plane source.	high	/Users/ronnyworks/code/agentic-spine/ops/bindings/zwave.devices.yaml	control_plane_source
ops/capabilities/network-dns-authority-deploy.yaml	spine-source	Canonical control-plane source.	medium	/Users/ronnyworks/code/agentic-spine/ops/capabilities/network-dns-authority-deploy.yaml	control_plane_source
ops/capabilities/network-ids-tuning-apply.yaml	spine-source	Canonical control-plane source.	medium	/Users/ronnyworks/code/agentic-spine/ops/capabilities/network-ids-tuning-apply.yaml	control_plane_source
ops/capabilities/network-vlan-topology-apply.yaml	spine-source	Canonical control-plane source.	medium	/Users/ronnyworks/code/agentic-spine/ops/capabilities/network-vlan-topology-apply.yaml	control_plane_source
ops/capabilities/stack-discovery-query.yaml	spine-source	Canonical control-plane source.	medium	/Users/ronnyworks/code/agentic-spine/ops/capabilities/stack-discovery-query.yaml	control_plane_source
ops/capabilities/tailscale-audit-log-collect.yaml	spine-source	Canonical control-plane source.	medium	/Users/ronnyworks/code/agentic-spine/ops/capabilities/tailscale-audit-log-collect.yaml	control_plane_source
ops/capabilities/tailscale-webhook-receiver.yaml	spine-source	Canonical control-plane source.	medium	/Users/ronnyworks/code/agentic-spine/ops/capabilities/tailscale-webhook-receiver.yaml	control_plane_source
ops/capabilities.yaml	spine-source	Canonical control-plane source.	high	/Users/ronnyworks/code/agentic-spine/ops/capabilities.yaml	control_plane_source
ops/commands/ai.sh	spine-source	Canonical control-plane source.	high	/Users/ronnyworks/code/agentic-spine/ops/commands/ai.sh	control_plane_source
ops/commands/board.sh	spine-source	Canonical control-plane source.	high	/Users/ronnyworks/code/agentic-spine/ops/commands/board.sh	control_plane_source
ops/commands/cap.sh	spine-source	Canonical control-plane source.	high	/Users/ronnyworks/code/agentic-spine/ops/commands/cap.sh	control_plane_source
ops/commands/close.sh	spine-source	Canonical control-plane source.	high	/Users/ronnyworks/code/agentic-spine/ops/commands/close.sh	control_plane_source
ops/commands/hooks.sh	spine-source	Canonical control-plane source.	high	/Users/ronnyworks/code/agentic-spine/ops/commands/hooks.sh	control_plane_source
ops/commands/lane.sh	spine-source	Canonical control-plane source.	high	/Users/ronnyworks/code/agentic-spine/ops/commands/lane.sh	control_plane_source
ops/commands/loops.sh	spine-source	Canonical control-plane source.	high	/Users/ronnyworks/code/agentic-spine/ops/commands/loops.sh	control_plane_source
ops/commands/nightly-closeout.sh	spine-source	Canonical control-plane source.	high	/Users/ronnyworks/code/agentic-spine/ops/commands/nightly-closeout.sh	control_plane_source
ops/commands/pr.sh	spine-source	Canonical control-plane source.	high	/Users/ronnyworks/code/agentic-spine/ops/commands/pr.sh	control_plane_source
ops/commands/preflight.sh	spine-source	Canonical control-plane source.	high	/Users/ronnyworks/code/agentic-spine/ops/commands/preflight.sh	control_plane_source
ops/commands/ready.sh	spine-source	Canonical control-plane source.	high	/Users/ronnyworks/code/agentic-spine/ops/commands/ready.sh	control_plane_source
ops/commands/run.sh	spine-source	Canonical control-plane source.	high	/Users/ronnyworks/code/agentic-spine/ops/commands/run.sh	control_plane_source
ops/commands/ssot.sh	spine-source	Canonical control-plane source.	high	/Users/ronnyworks/code/agentic-spine/ops/commands/ssot.sh	control_plane_source
ops/commands/start.sh	spine-source	Canonical control-plane source.	high	/Users/ronnyworks/code/agentic-spine/ops/commands/start.sh	control_plane_source
ops/commands/status.sh	spine-source	Canonical control-plane source.	high	/Users/ronnyworks/code/agentic-spine/ops/commands/status.sh	control_plane_source
ops/commands/terminal-launch.sh	spine-source	Canonical control-plane source.	high	/Users/ronnyworks/code/agentic-spine/ops/commands/terminal-launch.sh	control_plane_source
ops/commands/tests/test-preflight-gate-domain-banner.sh	spine-source	Canonical control-plane source.	high	/Users/ronnyworks/code/agentic-spine/ops/commands/tests/test-preflight-gate-domain-banner.sh	control_plane_source
ops/commands/tests/test-terminal-launch-view-defaults.sh	spine-source	Canonical control-plane source.	high	/Users/ronnyworks/code/agentic-spine/ops/commands/tests/test-terminal-launch-view-defaults.sh	control_plane_source
ops/commands/verify.sh	spine-source	Canonical control-plane source.	high	/Users/ronnyworks/code/agentic-spine/ops/commands/verify.sh	control_plane_source
ops/commands/wave.sh	spine-source	Canonical control-plane source.	high	/Users/ronnyworks/code/agentic-spine/ops/commands/wave.sh	control_plane_source
ops/data/vaultwarden/canonical_hosts.yaml	foundation-source	Domain data/ruleset source outside core control plane.	medium	/Users/ronnyworks/code/agentic-foundation/ops/data/vaultwarden/canonical_hosts.yaml	domain_ruleset
ops/data/vaultwarden/folder_taxonomy.yaml	foundation-source	Domain data/ruleset source outside core control plane.	medium	/Users/ronnyworks/code/agentic-foundation/ops/data/vaultwarden/folder_taxonomy.yaml	domain_ruleset
ops/data/vaultwarden/reconcile_rules.yaml	foundation-source	Domain data/ruleset source outside core control plane.	medium	/Users/ronnyworks/code/agentic-foundation/ops/data/vaultwarden/reconcile_rules.yaml	domain_ruleset
ops/engine/claude.sh	foundation-source	Runtime implementation source, not boring control plane.	medium	/Users/ronnyworks/code/agentic-foundation/ops/engine/claude.sh	runtime_impl
ops/engine/local_echo.sh	foundation-source	Runtime implementation source, not boring control plane.	medium	/Users/ronnyworks/code/agentic-foundation/ops/engine/local_echo.sh	runtime_impl
ops/engine/openai.sh	foundation-source	Runtime implementation source, not boring control plane.	medium	/Users/ronnyworks/code/agentic-foundation/ops/engine/openai.sh	runtime_impl
ops/engine/run.sh	foundation-source	Runtime implementation source, not boring control plane.	medium	/Users/ronnyworks/code/agentic-foundation/ops/engine/run.sh	runtime_impl
ops/engine/zai.sh	foundation-source	Runtime implementation source, not boring control plane.	medium	/Users/ronnyworks/code/agentic-foundation/ops/engine/zai.sh	runtime_impl
ops/gates/D393-mint-status-consumer-projection-lock.sh	needs-operator-decision	Gate surface split away from canonical verify tree.	high	TBD (operator decision)	split_gate_surface
ops/gates/D395-quote-to-pay-normalization-lock.sh	needs-operator-decision	Gate surface split away from canonical verify tree.	high	TBD (operator decision)	split_gate_surface
ops/hooks/session-entry-hook.sh	spine-source	Canonical control-plane source.	medium	/Users/ronnyworks/code/agentic-spine/ops/hooks/session-entry-hook.sh	control_plane_source
ops/lib/git-lock.sh	spine-source	Canonical control-plane source.	medium	/Users/ronnyworks/code/agentic-spine/ops/lib/git-lock.sh	control_plane_source
ops/lib/governance.sh	spine-source	Canonical control-plane source.	medium	/Users/ronnyworks/code/agentic-spine/ops/lib/governance.sh	control_plane_source
ops/lib/governed-write-transaction.sh	spine-source	Canonical control-plane source.	medium	/Users/ronnyworks/code/agentic-spine/ops/lib/governed-write-transaction.sh	control_plane_source
ops/lib/mint-health-surface.sh	spine-source	Canonical control-plane source.	medium	/Users/ronnyworks/code/agentic-spine/ops/lib/mint-health-surface.sh	control_plane_source
ops/lib/platform-control-surface.sh	spine-source	Canonical control-plane source.	medium	/Users/ronnyworks/code/agentic-spine/ops/lib/platform-control-surface.sh	control_plane_source
ops/lib/receipt_stamps.sh	spine-source	Canonical control-plane source.	medium	/Users/ronnyworks/code/agentic-spine/ops/lib/receipt_stamps.sh	control_plane_source
ops/lib/registry.sh	spine-source	Canonical control-plane source.	medium	/Users/ronnyworks/code/agentic-spine/ops/lib/registry.sh	control_plane_source
ops/lib/resolve-policy.sh	spine-source	Canonical control-plane source.	medium	/Users/ronnyworks/code/agentic-spine/ops/lib/resolve-policy.sh	control_plane_source
ops/lib/runtime-paths.sh	spine-source	Canonical control-plane source.	medium	/Users/ronnyworks/code/agentic-spine/ops/lib/runtime-paths.sh	control_plane_source
ops/lib/spine-log.sh	spine-source	Canonical control-plane source.	medium	/Users/ronnyworks/code/agentic-spine/ops/lib/spine-log.sh	control_plane_source
ops/lib/spine-paths.sh	spine-source	Canonical control-plane source.	medium	/Users/ronnyworks/code/agentic-spine/ops/lib/spine-paths.sh	control_plane_source
ops/lib/ssh-resolve.sh	spine-source	Canonical control-plane source.	medium	/Users/ronnyworks/code/agentic-spine/ops/lib/ssh-resolve.sh	control_plane_source
ops/lib/stateful-compose-guard.sh	spine-source	Canonical control-plane source.	medium	/Users/ronnyworks/code/agentic-spine/ops/lib/stateful-compose-guard.sh	control_plane_source
ops/lib/tests/policy-knobs-enforcement-test.sh	spine-source	Canonical control-plane source.	medium	/Users/ronnyworks/code/agentic-spine/ops/lib/tests/policy-knobs-enforcement-test.sh	control_plane_source
ops/lib/tests/resolve-policy-test.sh	spine-source	Canonical control-plane source.	medium	/Users/ronnyworks/code/agentic-spine/ops/lib/tests/resolve-policy-test.sh	control_plane_source
ops/lib/yaml.sh	spine-source	Canonical control-plane source.	medium	/Users/ronnyworks/code/agentic-spine/ops/lib/yaml.sh	control_plane_source
ops/plugins/MANIFEST.yaml	spine-source	Plugin governance contract surface.	medium	/Users/ronnyworks/code/agentic-spine/ops/plugins/MANIFEST.yaml	plugin_contract
ops/plugins/PLUGIN_LAYOUT.md	spine-source	Plugin governance contract surface.	medium	/Users/ronnyworks/code/agentic-spine/ops/plugins/PLUGIN_LAYOUT.md	plugin_contract
ops/plugins/SCRIPT_TEMPLATE.sh	spine-source	Plugin governance contract surface.	medium	/Users/ronnyworks/code/agentic-spine/ops/plugins/SCRIPT_TEMPLATE.sh	plugin_contract
ops/plugins/agent/bin/agent-health-check-all	spine-source	Core control-plane plugin surface.	medium	/Users/ronnyworks/code/agentic-spine/ops/plugins/agent/bin/agent-health-check-all	control_plane_plugin
ops/plugins/agent/bin/agent-info	spine-source	Core control-plane plugin surface.	medium	/Users/ronnyworks/code/agentic-spine/ops/plugins/agent/bin/agent-info	control_plane_plugin
ops/plugins/agent/bin/agent-route	spine-source	Core control-plane plugin surface.	medium	/Users/ronnyworks/code/agentic-spine/ops/plugins/agent/bin/agent-route	control_plane_plugin
ops/plugins/agent/bin/agent-tools	spine-source	Core control-plane plugin surface.	medium	/Users/ronnyworks/code/agentic-spine/ops/plugins/agent/bin/agent-tools	control_plane_plugin
ops/plugins/alerting/bin/alerting-dispatch	foundation-source	Extension/runtime plugin source outside boring spine core.	medium	/Users/ronnyworks/code/agentic-foundation/ops/plugins/alerting/bin/alerting-dispatch	extension_plugin
ops/plugins/alerting/bin/alerting-probe	foundation-source	Extension/runtime plugin source outside boring spine core.	medium	/Users/ronnyworks/code/agentic-foundation/ops/plugins/alerting/bin/alerting-probe	extension_plugin
ops/plugins/alerting/bin/alerting-status	foundation-source	Extension/runtime plugin source outside boring spine core.	medium	/Users/ronnyworks/code/agentic-foundation/ops/plugins/alerting/bin/alerting-status	extension_plugin
ops/plugins/alerting/lib/alert-channels.sh	foundation-source	Extension/runtime plugin source outside boring spine core.	medium	/Users/ronnyworks/code/agentic-foundation/ops/plugins/alerting/lib/alert-channels.sh	extension_plugin
ops/plugins/aof/bin/aof-policy-autotune.sh	foundation-source	Extension/runtime plugin source outside boring spine core.	medium	/Users/ronnyworks/code/agentic-foundation/ops/plugins/aof/bin/aof-policy-autotune.sh	extension_plugin
ops/plugins/aof/bin/aof-policy-show.sh	foundation-source	Extension/runtime plugin source outside boring spine core.	medium	/Users/ronnyworks/code/agentic-foundation/ops/plugins/aof/bin/aof-policy-show.sh	extension_plugin
ops/plugins/aof/bin/aof-status.sh	foundation-source	Extension/runtime plugin source outside boring spine core.	medium	/Users/ronnyworks/code/agentic-foundation/ops/plugins/aof/bin/aof-status.sh	extension_plugin
ops/plugins/aof/bin/aof-tenant-show.sh	foundation-source	Extension/runtime plugin source outside boring spine core.	medium	/Users/ronnyworks/code/agentic-foundation/ops/plugins/aof/bin/aof-tenant-show.sh	extension_plugin
ops/plugins/aof/bin/aof-verify.sh	foundation-source	Extension/runtime plugin source outside boring spine core.	medium	/Users/ronnyworks/code/agentic-foundation/ops/plugins/aof/bin/aof-verify.sh	extension_plugin
ops/plugins/aof/bin/aof-version.sh	foundation-source	Extension/runtime plugin source outside boring spine core.	medium	/Users/ronnyworks/code/agentic-foundation/ops/plugins/aof/bin/aof-version.sh	extension_plugin
ops/plugins/aof/bin/bootstrap-spine.sh	foundation-source	Extension/runtime plugin source outside boring spine core.	medium	/Users/ronnyworks/code/agentic-foundation/ops/plugins/aof/bin/bootstrap-spine.sh	extension_plugin
ops/plugins/aof/bin/contract-read-check.sh	foundation-source	Extension/runtime plugin source outside boring spine core.	medium	/Users/ronnyworks/code/agentic-foundation/ops/plugins/aof/bin/contract-read-check.sh	extension_plugin
ops/plugins/aof/bin/validate-environment.sh	foundation-source	Extension/runtime plugin source outside boring spine core.	medium	/Users/ronnyworks/code/agentic-foundation/ops/plugins/aof/bin/validate-environment.sh	extension_plugin
ops/plugins/aof/tests/aof-bridge-consumer-test.sh	foundation-source	Extension/runtime plugin source outside boring spine core.	medium	/Users/ronnyworks/code/agentic-foundation/ops/plugins/aof/tests/aof-bridge-consumer-test.sh	extension_plugin
ops/plugins/aof/tests/aof-cap-runner-integration-test.sh	foundation-source	Extension/runtime plugin source outside boring spine core.	medium	/Users/ronnyworks/code/agentic-foundation/ops/plugins/aof/tests/aof-cap-runner-integration-test.sh	extension_plugin
ops/plugins/aof/tests/aof-contract-flow-test.sh	foundation-source	Extension/runtime plugin source outside boring spine core.	medium	/Users/ronnyworks/code/agentic-foundation/ops/plugins/aof/tests/aof-contract-flow-test.sh	extension_plugin
ops/plugins/aof/tests/aof-json-contract-test.sh	foundation-source	Extension/runtime plugin source outside boring spine core.	medium	/Users/ronnyworks/code/agentic-foundation/ops/plugins/aof/tests/aof-json-contract-test.sh	extension_plugin
ops/plugins/aof/tests/aof-mint-pilot-test.sh	foundation-source	Extension/runtime plugin source outside boring spine core.	medium	/Users/ronnyworks/code/agentic-foundation/ops/plugins/aof/tests/aof-mint-pilot-test.sh	extension_plugin
ops/plugins/aof/tests/aof-operator-caps-test.sh	foundation-source	Extension/runtime plugin source outside boring spine core.	medium	/Users/ronnyworks/code/agentic-foundation/ops/plugins/aof/tests/aof-operator-caps-test.sh	extension_plugin
ops/plugins/aof/tests/aof-rollout-acceptance-test.sh	foundation-source	Extension/runtime plugin source outside boring spine core.	medium	/Users/ronnyworks/code/agentic-foundation/ops/plugins/aof/tests/aof-rollout-acceptance-test.sh	extension_plugin
ops/plugins/aof/tests/aof-scoped-gates-test.sh	foundation-source	Extension/runtime plugin source outside boring spine core.	medium	/Users/ronnyworks/code/agentic-foundation/ops/plugins/aof/tests/aof-scoped-gates-test.sh	extension_plugin
ops/plugins/audit/bin/__pycache__/audit-exportcpython-314.pyc	runtime-only	Generated bytecode cache.	low	/Users/ronnyworks/code/.runtime/spine-mailroom/caches/audit-exportcpython-314.pyc	generated_cache
ops/plugins/audit/bin/agent-session-closeout	spine-source	Core control-plane plugin surface.	medium	/Users/ronnyworks/code/agentic-spine/ops/plugins/audit/bin/agent-session-closeout	control_plane_plugin
ops/plugins/audit/bin/audit-export	spine-source	Core control-plane plugin surface.	medium	/Users/ronnyworks/code/agentic-spine/ops/plugins/audit/bin/audit-export	control_plane_plugin
ops/plugins/audit/bin/audit-triage	spine-source	Core control-plane plugin surface.	medium	/Users/ronnyworks/code/agentic-spine/ops/plugins/audit/bin/audit-triage	control_plane_plugin
ops/plugins/authority/bin/domain-inventory-refresh	spine-source	Core control-plane plugin surface.	medium	/Users/ronnyworks/code/agentic-spine/ops/plugins/authority/bin/domain-inventory-refresh	control_plane_plugin
ops/plugins/authority/bin/platform-control-surface-reconcile	spine-source	Core control-plane plugin surface.	medium	/Users/ronnyworks/code/agentic-spine/ops/plugins/authority/bin/platform-control-surface-reconcile	control_plane_plugin
ops/plugins/authority/bin/platform-control-surface-status	spine-source	Core control-plane plugin surface.	medium	/Users/ronnyworks/code/agentic-spine/ops/plugins/authority/bin/platform-control-surface-status	control_plane_plugin
ops/plugins/authority/bin/platform-extension-bind	spine-source	Core control-plane plugin surface.	medium	/Users/ronnyworks/code/agentic-spine/ops/plugins/authority/bin/platform-extension-bind	control_plane_plugin
ops/plugins/authority/bin/platform-extension-index-build	spine-source	Core control-plane plugin surface.	medium	/Users/ronnyworks/code/agentic-spine/ops/plugins/authority/bin/platform-extension-index-build	control_plane_plugin
ops/plugins/authority/bin/platform-extension-lint	spine-source	Core control-plane plugin surface.	medium	/Users/ronnyworks/code/agentic-spine/ops/plugins/authority/bin/platform-extension-lint	control_plane_plugin
ops/plugins/authority/bin/platform-extension-plan	spine-source	Core control-plane plugin surface.	medium	/Users/ronnyworks/code/agentic-spine/ops/plugins/authority/bin/platform-extension-plan	control_plane_plugin
ops/plugins/authority/bin/platform-extension-preflight	spine-source	Core control-plane plugin surface.	medium	/Users/ronnyworks/code/agentic-spine/ops/plugins/authority/bin/platform-extension-preflight	control_plane_plugin
ops/plugins/authority/bin/platform-extension-scaffold	spine-source	Core control-plane plugin surface.	medium	/Users/ronnyworks/code/agentic-spine/ops/plugins/authority/bin/platform-extension-scaffold	control_plane_plugin
ops/plugins/authority/bin/platform-extension-status	spine-source	Core control-plane plugin surface.	medium	/Users/ronnyworks/code/agentic-spine/ops/plugins/authority/bin/platform-extension-status	control_plane_plugin
ops/plugins/authority/bin/platform-extension-transition	spine-source	Core control-plane plugin surface.	medium	/Users/ronnyworks/code/agentic-spine/ops/plugins/authority/bin/platform-extension-transition	control_plane_plugin
ops/plugins/authority/bin/platform-inventory-intake	spine-source	Core control-plane plugin surface.	medium	/Users/ronnyworks/code/agentic-spine/ops/plugins/authority/bin/platform-inventory-intake	control_plane_plugin
ops/plugins/authority/bin/project-governance-bootstrap	spine-source	Core control-plane plugin surface.	medium	/Users/ronnyworks/code/agentic-spine/ops/plugins/authority/bin/project-governance-bootstrap	control_plane_plugin
ops/plugins/authority/bin/project-governance-status	spine-source	Core control-plane plugin surface.	medium	/Users/ronnyworks/code/agentic-spine/ops/plugins/authority/bin/project-governance-status	control_plane_plugin
ops/plugins/authority/out/authority.json	spine-source	Core control-plane plugin surface.	medium	/Users/ronnyworks/code/agentic-spine/ops/plugins/authority/out/authority.json	control_plane_plugin
ops/plugins/backup/bin/archive-smb-snapshot	foundation-source	Extension/runtime plugin source outside boring spine core.	medium	/Users/ronnyworks/code/agentic-foundation/ops/plugins/backup/bin/archive-smb-snapshot	extension_plugin
ops/plugins/backup/bin/backup-calendar-generate	foundation-source	Extension/runtime plugin source outside boring spine core.	medium	/Users/ronnyworks/code/agentic-foundation/ops/plugins/backup/bin/backup-calendar-generate	extension_plugin
ops/plugins/backup/bin/backup-home-restore-drill	foundation-source	Extension/runtime plugin source outside boring spine core.	medium	/Users/ronnyworks/code/agentic-foundation/ops/plugins/backup/bin/backup-home-restore-drill	extension_plugin
ops/plugins/backup/bin/backup-monitor	foundation-source	Extension/runtime plugin source outside boring spine core.	medium	/Users/ronnyworks/code/agentic-foundation/ops/plugins/backup/bin/backup-monitor	extension_plugin
ops/plugins/backup/bin/backup-posture-snapshot-build	foundation-source	Extension/runtime plugin source outside boring spine core.	medium	/Users/ronnyworks/code/agentic-foundation/ops/plugins/backup/bin/backup-posture-snapshot-build	extension_plugin
ops/plugins/backup/bin/backup-shopvm-restore-drill	foundation-source	Extension/runtime plugin source outside boring spine core.	medium	/Users/ronnyworks/code/agentic-foundation/ops/plugins/backup/bin/backup-shopvm-restore-drill	extension_plugin
ops/plugins/backup/bin/backup-status	foundation-source	Extension/runtime plugin source outside boring spine core.	medium	/Users/ronnyworks/code/agentic-foundation/ops/plugins/backup/bin/backup-status	extension_plugin
ops/plugins/backup/bin/backup-vzdump-mail-policy-set	foundation-source	Extension/runtime plugin source outside boring spine core.	medium	/Users/ronnyworks/code/agentic-foundation/ops/plugins/backup/bin/backup-vzdump-mail-policy-set	extension_plugin
ops/plugins/backup/bin/backup-vzdump-prune	foundation-source	Extension/runtime plugin source outside boring spine core.	medium	/Users/ronnyworks/code/agentic-foundation/ops/plugins/backup/bin/backup-vzdump-prune	extension_plugin
ops/plugins/backup/bin/backup-vzdump-run	foundation-source	Extension/runtime plugin source outside boring spine core.	medium	/Users/ronnyworks/code/agentic-foundation/ops/plugins/backup/bin/backup-vzdump-run	extension_plugin
ops/plugins/backup/bin/backup-vzdump-status	foundation-source	Extension/runtime plugin source outside boring spine core.	medium	/Users/ronnyworks/code/agentic-foundation/ops/plugins/backup/bin/backup-vzdump-status	extension_plugin
ops/plugins/backup/bin/backup-vzdump-vmid-set	foundation-source	Extension/runtime plugin source outside boring spine core.	medium	/Users/ronnyworks/code/agentic-foundation/ops/plugins/backup/bin/backup-vzdump-vmid-set	extension_plugin
ops/plugins/backup/bin/home-backup-vzdump-run	foundation-source	Extension/runtime plugin source outside boring spine core.	medium	/Users/ronnyworks/code/agentic-foundation/ops/plugins/backup/bin/home-backup-vzdump-run	extension_plugin
ops/plugins/briefing/bin/briefing-section-alerts	foundation-source	Extension/runtime plugin source outside boring spine core.	medium	/Users/ronnyworks/code/agentic-foundation/ops/plugins/briefing/bin/briefing-section-alerts	extension_plugin
ops/plugins/briefing/bin/briefing-section-calendar	foundation-source	Extension/runtime plugin source outside boring spine core.	medium	/Users/ronnyworks/code/agentic-foundation/ops/plugins/briefing/bin/briefing-section-calendar	extension_plugin
ops/plugins/briefing/bin/briefing-section-communications-incident	foundation-source	Extension/runtime plugin source outside boring spine core.	medium	/Users/ronnyworks/code/agentic-foundation/ops/plugins/briefing/bin/briefing-section-communications-incident	extension_plugin
ops/plugins/briefing/bin/briefing-section-friction	foundation-source	Extension/runtime plugin source outside boring spine core.	medium	/Users/ronnyworks/code/agentic-foundation/ops/plugins/briefing/bin/briefing-section-friction	extension_plugin
ops/plugins/briefing/bin/briefing-section-handoffs	foundation-source	Extension/runtime plugin source outside boring spine core.	medium	/Users/ronnyworks/code/agentic-foundation/ops/plugins/briefing/bin/briefing-section-handoffs	extension_plugin
ops/plugins/briefing/bin/briefing-section-scheduler	foundation-source	Extension/runtime plugin source outside boring spine core.	medium	/Users/ronnyworks/code/agentic-foundation/ops/plugins/briefing/bin/briefing-section-scheduler	extension_plugin
ops/plugins/briefing/bin/briefing-section-stability	foundation-source	Extension/runtime plugin source outside boring spine core.	medium	/Users/ronnyworks/code/agentic-foundation/ops/plugins/briefing/bin/briefing-section-stability	extension_plugin
ops/plugins/briefing/bin/briefing-section-verify	foundation-source	Extension/runtime plugin source outside boring spine core.	medium	/Users/ronnyworks/code/agentic-foundation/ops/plugins/briefing/bin/briefing-section-verify	extension_plugin
ops/plugins/briefing/bin/briefing-section-work	foundation-source	Extension/runtime plugin source outside boring spine core.	medium	/Users/ronnyworks/code/agentic-foundation/ops/plugins/briefing/bin/briefing-section-work	extension_plugin
ops/plugins/briefing/bin/spine-briefing	foundation-source	Extension/runtime plugin source outside boring spine core.	medium	/Users/ronnyworks/code/agentic-foundation/ops/plugins/briefing/bin/spine-briefing	extension_plugin
ops/plugins/briefing/lib/briefing-cache.sh	foundation-source	Extension/runtime plugin source outside boring spine core.	medium	/Users/ronnyworks/code/agentic-foundation/ops/plugins/briefing/lib/briefing-cache.sh	extension_plugin
ops/plugins/budget/bin/budget	spine-source	Core control-plane plugin surface.	medium	/Users/ronnyworks/code/agentic-spine/ops/plugins/budget/bin/budget	control_plane_plugin
ops/plugins/calendar/bin/__pycache__/calendar-external-ingest-refreshcpython-314.pyc	runtime-only	Generated bytecode cache.	low	/Users/ronnyworks/code/.runtime/spine-mailroom/caches/calendar-external-ingest-refreshcpython-314.pyc	generated_cache
ops/plugins/calendar/bin/__pycache__/calendar-external-secrets-statuscpython-314.pyc	runtime-only	Generated bytecode cache.	low	/Users/ronnyworks/code/.runtime/spine-mailroom/caches/calendar-external-secrets-statuscpython-314.pyc	generated_cache
ops/plugins/calendar/bin/__pycache__/calendar-external-statuscpython-314.pyc	runtime-only	Generated bytecode cache.	low	/Users/ronnyworks/code/.runtime/spine-mailroom/caches/calendar-external-statuscpython-314.pyc	generated_cache
ops/plugins/calendar/bin/__pycache__/calendar-generatecpython-314.pyc	runtime-only	Generated bytecode cache.	low	/Users/ronnyworks/code/.runtime/spine-mailroom/caches/calendar-generatecpython-314.pyc	generated_cache
ops/plugins/calendar/bin/__pycache__/calendar-google-snapshot-buildcpython-314.pyc	runtime-only	Generated bytecode cache.	low	/Users/ronnyworks/code/.runtime/spine-mailroom/caches/calendar-google-snapshot-buildcpython-314.pyc	generated_cache
ops/plugins/calendar/bin/__pycache__/calendar-home-statuscpython-314.pyc	runtime-only	Generated bytecode cache.	low	/Users/ronnyworks/code/.runtime/spine-mailroom/caches/calendar-home-statuscpython-314.pyc	generated_cache
ops/plugins/calendar/bin/__pycache__/calendar-icloud-snapshot-buildcpython-314.pyc	runtime-only	Generated bytecode cache.	low	/Users/ronnyworks/code/.runtime/spine-mailroom/caches/calendar-icloud-snapshot-buildcpython-314.pyc	generated_cache
ops/plugins/calendar/bin/__pycache__/calendar-statuscpython-314.pyc	runtime-only	Generated bytecode cache.	low	/Users/ronnyworks/code/.runtime/spine-mailroom/caches/calendar-statuscpython-314.pyc	generated_cache
ops/plugins/calendar/bin/__pycache__/calendar-sync-executecpython-314.pyc	runtime-only	Generated bytecode cache.	low	/Users/ronnyworks/code/.runtime/spine-mailroom/caches/calendar-sync-executecpython-314.pyc	generated_cache
ops/plugins/calendar/bin/__pycache__/calendar-sync-plancpython-314.pyc	runtime-only	Generated bytecode cache.	low	/Users/ronnyworks/code/.runtime/spine-mailroom/caches/calendar-sync-plancpython-314.pyc	generated_cache
ops/plugins/calendar/bin/calendar-external-ingest-refresh	foundation-source	Extension/runtime plugin source outside boring spine core.	medium	/Users/ronnyworks/code/agentic-foundation/ops/plugins/calendar/bin/calendar-external-ingest-refresh	extension_plugin
ops/plugins/calendar/bin/calendar-external-secrets-status	foundation-source	Extension/runtime plugin source outside boring spine core.	medium	/Users/ronnyworks/code/agentic-foundation/ops/plugins/calendar/bin/calendar-external-secrets-status	extension_plugin
ops/plugins/calendar/bin/calendar-external-status	foundation-source	Extension/runtime plugin source outside boring spine core.	medium	/Users/ronnyworks/code/agentic-foundation/ops/plugins/calendar/bin/calendar-external-status	extension_plugin
ops/plugins/calendar/bin/calendar-generate	foundation-source	Extension/runtime plugin source outside boring spine core.	medium	/Users/ronnyworks/code/agentic-foundation/ops/plugins/calendar/bin/calendar-generate	extension_plugin
ops/plugins/calendar/bin/calendar-google-snapshot-build	foundation-source	Extension/runtime plugin source outside boring spine core.	medium	/Users/ronnyworks/code/agentic-foundation/ops/plugins/calendar/bin/calendar-google-snapshot-build	extension_plugin
ops/plugins/calendar/bin/calendar-ha-ingest-refresh	foundation-source	Extension/runtime plugin source outside boring spine core.	medium	/Users/ronnyworks/code/agentic-foundation/ops/plugins/calendar/bin/calendar-ha-ingest-refresh	extension_plugin
ops/plugins/calendar/bin/calendar-ha-snapshot-build	foundation-source	Extension/runtime plugin source outside boring spine core.	medium	/Users/ronnyworks/code/agentic-foundation/ops/plugins/calendar/bin/calendar-ha-snapshot-build	extension_plugin
ops/plugins/calendar/bin/calendar-ha-status	foundation-source	Extension/runtime plugin source outside boring spine core.	medium	/Users/ronnyworks/code/agentic-foundation/ops/plugins/calendar/bin/calendar-ha-status	extension_plugin
ops/plugins/calendar/bin/calendar-home-event-create	foundation-source	Extension/runtime plugin source outside boring spine core.	medium	/Users/ronnyworks/code/agentic-foundation/ops/plugins/calendar/bin/calendar-home-event-create	extension_plugin
ops/plugins/calendar/bin/calendar-home-event-delete	foundation-source	Extension/runtime plugin source outside boring spine core.	medium	/Users/ronnyworks/code/agentic-foundation/ops/plugins/calendar/bin/calendar-home-event-delete	extension_plugin
ops/plugins/calendar/bin/calendar-home-event-get	foundation-source	Extension/runtime plugin source outside boring spine core.	medium	/Users/ronnyworks/code/agentic-foundation/ops/plugins/calendar/bin/calendar-home-event-get	extension_plugin
ops/plugins/calendar/bin/calendar-home-event-list	foundation-source	Extension/runtime plugin source outside boring spine core.	medium	/Users/ronnyworks/code/agentic-foundation/ops/plugins/calendar/bin/calendar-home-event-list	extension_plugin
ops/plugins/calendar/bin/calendar-home-event-update	foundation-source	Extension/runtime plugin source outside boring spine core.	medium	/Users/ronnyworks/code/agentic-foundation/ops/plugins/calendar/bin/calendar-home-event-update	extension_plugin
ops/plugins/calendar/bin/calendar-home-publish	foundation-source	Extension/runtime plugin source outside boring spine core.	medium	/Users/ronnyworks/code/agentic-foundation/ops/plugins/calendar/bin/calendar-home-publish	extension_plugin
ops/plugins/calendar/bin/calendar-home-status	foundation-source	Extension/runtime plugin source outside boring spine core.	medium	/Users/ronnyworks/code/agentic-foundation/ops/plugins/calendar/bin/calendar-home-status	extension_plugin
ops/plugins/calendar/bin/calendar-icloud-snapshot-build	foundation-source	Extension/runtime plugin source outside boring spine core.	medium	/Users/ronnyworks/code/agentic-foundation/ops/plugins/calendar/bin/calendar-icloud-snapshot-build	extension_plugin
ops/plugins/calendar/bin/calendar-operator-surface	foundation-source	Extension/runtime plugin source outside boring spine core.	medium	/Users/ronnyworks/code/agentic-foundation/ops/plugins/calendar/bin/calendar-operator-surface	extension_plugin
ops/plugins/calendar/bin/calendar-status	foundation-source	Extension/runtime plugin source outside boring spine core.	medium	/Users/ronnyworks/code/agentic-foundation/ops/plugins/calendar/bin/calendar-status	extension_plugin
ops/plugins/calendar/bin/calendar-sync-execute	foundation-source	Extension/runtime plugin source outside boring spine core.	medium	/Users/ronnyworks/code/agentic-foundation/ops/plugins/calendar/bin/calendar-sync-execute	extension_plugin
ops/plugins/calendar/bin/calendar-sync-plan	foundation-source	Extension/runtime plugin source outside boring spine core.	medium	/Users/ronnyworks/code/agentic-foundation/ops/plugins/calendar/bin/calendar-sync-plan	extension_plugin
ops/plugins/calendar/tests/test-calendar-generate.sh	foundation-source	Extension/runtime plugin source outside boring spine core.	medium	/Users/ronnyworks/code/agentic-foundation/ops/plugins/calendar/tests/test-calendar-generate.sh	extension_plugin
ops/plugins/calendar/tests/test-calendar-status.sh	foundation-source	Extension/runtime plugin source outside boring spine core.	medium	/Users/ronnyworks/code/agentic-foundation/ops/plugins/calendar/tests/test-calendar-status.sh	extension_plugin
ops/plugins/calendar/tests/test-calendar-sync-execute.sh	foundation-source	Extension/runtime plugin source outside boring spine core.	medium	/Users/ronnyworks/code/agentic-foundation/ops/plugins/calendar/tests/test-calendar-sync-execute.sh	extension_plugin
ops/plugins/calendar/tests/test-calendar-sync-plan.sh	foundation-source	Extension/runtime plugin source outside boring spine core.	medium	/Users/ronnyworks/code/agentic-foundation/ops/plugins/calendar/tests/test-calendar-sync-plan.sh	extension_plugin
ops/plugins/cloudflare/bin/cloudflare-dns-export	foundation-source	Extension/runtime plugin source outside boring spine core.	medium	/Users/ronnyworks/code/agentic-foundation/ops/plugins/cloudflare/bin/cloudflare-dns-export	extension_plugin
ops/plugins/cloudflare/bin/cloudflare-dns-record-delete	foundation-source	Extension/runtime plugin source outside boring spine core.	medium	/Users/ronnyworks/code/agentic-foundation/ops/plugins/cloudflare/bin/cloudflare-dns-record-delete	extension_plugin
ops/plugins/cloudflare/bin/cloudflare-dns-record-set	foundation-source	Extension/runtime plugin source outside boring spine core.	medium	/Users/ronnyworks/code/agentic-foundation/ops/plugins/cloudflare/bin/cloudflare-dns-record-set	extension_plugin
ops/plugins/cloudflare/bin/cloudflare-dns-status	foundation-source	Extension/runtime plugin source outside boring spine core.	medium	/Users/ronnyworks/code/agentic-foundation/ops/plugins/cloudflare/bin/cloudflare-dns-status	extension_plugin
ops/plugins/cloudflare/bin/cloudflare-domain-routing-diff	foundation-source	Extension/runtime plugin source outside boring spine core.	medium	/Users/ronnyworks/code/agentic-foundation/ops/plugins/cloudflare/bin/cloudflare-domain-routing-diff	extension_plugin
ops/plugins/cloudflare/bin/cloudflare-domains-portfolio-status	foundation-source	Extension/runtime plugin source outside boring spine core.	medium	/Users/ronnyworks/code/agentic-foundation/ops/plugins/cloudflare/bin/cloudflare-domains-portfolio-status	extension_plugin
ops/plugins/cloudflare/bin/cloudflare-inventory-sync	foundation-source	Extension/runtime plugin source outside boring spine core.	medium	/Users/ronnyworks/code/agentic-foundation/ops/plugins/cloudflare/bin/cloudflare-inventory-sync	extension_plugin
ops/plugins/cloudflare/bin/cloudflare-pages-list	foundation-source	Extension/runtime plugin source outside boring spine core.	medium	/Users/ronnyworks/code/agentic-foundation/ops/plugins/cloudflare/bin/cloudflare-pages-list	extension_plugin
ops/plugins/cloudflare/bin/cloudflare-r2-bucket-list	foundation-source	Extension/runtime plugin source outside boring spine core.	medium	/Users/ronnyworks/code/agentic-foundation/ops/plugins/cloudflare/bin/cloudflare-r2-bucket-list	extension_plugin
ops/plugins/cloudflare/bin/cloudflare-r2-object-list	foundation-source	Extension/runtime plugin source outside boring spine core.	medium	/Users/ronnyworks/code/agentic-foundation/ops/plugins/cloudflare/bin/cloudflare-r2-object-list	extension_plugin
ops/plugins/cloudflare/bin/cloudflare-registrar-renew	foundation-source	Extension/runtime plugin source outside boring spine core.	medium	/Users/ronnyworks/code/agentic-foundation/ops/plugins/cloudflare/bin/cloudflare-registrar-renew	extension_plugin
ops/plugins/cloudflare/bin/cloudflare-registrar-status	foundation-source	Extension/runtime plugin source outside boring spine core.	medium	/Users/ronnyworks/code/agentic-foundation/ops/plugins/cloudflare/bin/cloudflare-registrar-status	extension_plugin
ops/plugins/cloudflare/bin/cloudflare-registrar-transfer	foundation-source	Extension/runtime plugin source outside boring spine core.	medium	/Users/ronnyworks/code/agentic-foundation/ops/plugins/cloudflare/bin/cloudflare-registrar-transfer	extension_plugin
ops/plugins/cloudflare/bin/cloudflare-service-lifecycle-publish	foundation-source	Extension/runtime plugin source outside boring spine core.	medium	/Users/ronnyworks/code/agentic-foundation/ops/plugins/cloudflare/bin/cloudflare-service-lifecycle-publish	extension_plugin
ops/plugins/cloudflare/bin/cloudflare-service-publish	foundation-source	Extension/runtime plugin source outside boring spine core.	medium	/Users/ronnyworks/code/agentic-foundation/ops/plugins/cloudflare/bin/cloudflare-service-publish	extension_plugin
ops/plugins/cloudflare/bin/cloudflare-status	foundation-source	Extension/runtime plugin source outside boring spine core.	medium	/Users/ronnyworks/code/agentic-foundation/ops/plugins/cloudflare/bin/cloudflare-status	extension_plugin
ops/plugins/cloudflare/bin/cloudflare-token-health	foundation-source	Extension/runtime plugin source outside boring spine core.	medium	/Users/ronnyworks/code/agentic-foundation/ops/plugins/cloudflare/bin/cloudflare-token-health	extension_plugin
ops/plugins/cloudflare/bin/cloudflare-tunnel-ingress-set	foundation-source	Extension/runtime plugin source outside boring spine core.	medium	/Users/ronnyworks/code/agentic-foundation/ops/plugins/cloudflare/bin/cloudflare-tunnel-ingress-set	extension_plugin
ops/plugins/cloudflare/bin/cloudflare-tunnel-ingress-status	foundation-source	Extension/runtime plugin source outside boring spine core.	medium	/Users/ronnyworks/code/agentic-foundation/ops/plugins/cloudflare/bin/cloudflare-tunnel-ingress-status	extension_plugin
ops/plugins/cloudflare/bin/cloudflare-tunnel-status	foundation-source	Extension/runtime plugin source outside boring spine core.	medium	/Users/ronnyworks/code/agentic-foundation/ops/plugins/cloudflare/bin/cloudflare-tunnel-status	extension_plugin
ops/plugins/cloudflare/bin/cloudflare-workers-deploy	foundation-source	Extension/runtime plugin source outside boring spine core.	medium	/Users/ronnyworks/code/agentic-foundation/ops/plugins/cloudflare/bin/cloudflare-workers-deploy	extension_plugin
ops/plugins/cloudflare/bin/cloudflare-workers-list	foundation-source	Extension/runtime plugin source outside boring spine core.	medium	/Users/ronnyworks/code/agentic-foundation/ops/plugins/cloudflare/bin/cloudflare-workers-list	extension_plugin
ops/plugins/cloudflare/bin/cloudflare-zone-list	foundation-source	Extension/runtime plugin source outside boring spine core.	medium	/Users/ronnyworks/code/agentic-foundation/ops/plugins/cloudflare/bin/cloudflare-zone-list	extension_plugin
ops/plugins/cloudflare/lib/cloudflare-api.sh	foundation-source	Extension/runtime plugin source outside boring spine core.	medium	/Users/ronnyworks/code/agentic-foundation/ops/plugins/cloudflare/lib/cloudflare-api.sh	extension_plugin
ops/plugins/communications/bin/__pycache__/communications-mail-archiver-m365-bulk-backfillcpython-314.pyc	runtime-only	Generated bytecode cache.	low	/Users/ronnyworks/code/.runtime/spine-mailroom/caches/communications-mail-archiver-m365-bulk-backfillcpython-314.pyc	generated_cache
ops/plugins/communications/bin/__pycache__/communications-mail-archiver-searchcpython-314.pyc	runtime-only	Generated bytecode cache.	low	/Users/ronnyworks/code/.runtime/spine-mailroom/caches/communications-mail-archiver-searchcpython-314.pyc	generated_cache
ops/plugins/communications/bin/communications-alerts-deadletter-replay	foundation-source	Extension/runtime plugin source outside boring spine core.	medium	/Users/ronnyworks/code/agentic-foundation/ops/plugins/communications/bin/communications-alerts-deadletter-replay	extension_plugin
ops/plugins/communications/bin/communications-alerts-dispatcher-start	foundation-source	Extension/runtime plugin source outside boring spine core.	medium	/Users/ronnyworks/code/agentic-foundation/ops/plugins/communications/bin/communications-alerts-dispatcher-start	extension_plugin
ops/plugins/communications/bin/communications-alerts-dispatcher-status	foundation-source	Extension/runtime plugin source outside boring spine core.	medium	/Users/ronnyworks/code/agentic-foundation/ops/plugins/communications/bin/communications-alerts-dispatcher-status	extension_plugin
ops/plugins/communications/bin/communications-alerts-dispatcher-stop	foundation-source	Extension/runtime plugin source outside boring spine core.	medium	/Users/ronnyworks/code/agentic-foundation/ops/plugins/communications/bin/communications-alerts-dispatcher-stop	extension_plugin
ops/plugins/communications/bin/communications-alerts-dispatcher-worker	foundation-source	Extension/runtime plugin source outside boring spine core.	medium	/Users/ronnyworks/code/agentic-foundation/ops/plugins/communications/bin/communications-alerts-dispatcher-worker	extension_plugin
ops/plugins/communications/bin/communications-alerts-flush	foundation-source	Extension/runtime plugin source outside boring spine core.	medium	/Users/ronnyworks/code/agentic-foundation/ops/plugins/communications/bin/communications-alerts-flush	extension_plugin
ops/plugins/communications/bin/communications-alerts-incident-bundle-create	foundation-source	Extension/runtime plugin source outside boring spine core.	medium	/Users/ronnyworks/code/agentic-foundation/ops/plugins/communications/bin/communications-alerts-incident-bundle-create	extension_plugin
ops/plugins/communications/bin/communications-alerts-queue-escalate	foundation-source	Extension/runtime plugin source outside boring spine core.	medium	/Users/ronnyworks/code/agentic-foundation/ops/plugins/communications/bin/communications-alerts-queue-escalate	extension_plugin
ops/plugins/communications/bin/communications-alerts-queue-slo-status	foundation-source	Extension/runtime plugin source outside boring spine core.	medium	/Users/ronnyworks/code/agentic-foundation/ops/plugins/communications/bin/communications-alerts-queue-slo-status	extension_plugin
ops/plugins/communications/bin/communications-alerts-queue-status	foundation-source	Extension/runtime plugin source outside boring spine core.	medium	/Users/ronnyworks/code/agentic-foundation/ops/plugins/communications/bin/communications-alerts-queue-status	extension_plugin
ops/plugins/communications/bin/communications-alerts-runtime-status	foundation-source	Extension/runtime plugin source outside boring spine core.	medium	/Users/ronnyworks/code/agentic-foundation/ops/plugins/communications/bin/communications-alerts-runtime-status	extension_plugin
ops/plugins/communications/bin/communications-delivery-anomaly-dispatch	foundation-source	Extension/runtime plugin source outside boring spine core.	medium	/Users/ronnyworks/code/agentic-foundation/ops/plugins/communications/bin/communications-delivery-anomaly-dispatch	extension_plugin
ops/plugins/communications/bin/communications-delivery-anomaly-status	foundation-source	Extension/runtime plugin source outside boring spine core.	medium	/Users/ronnyworks/code/agentic-foundation/ops/plugins/communications/bin/communications-delivery-anomaly-status	extension_plugin
ops/plugins/communications/bin/communications-delivery-log	foundation-source	Extension/runtime plugin source outside boring spine core.	medium	/Users/ronnyworks/code/agentic-foundation/ops/plugins/communications/bin/communications-delivery-log	extension_plugin
ops/plugins/communications/bin/communications-inbox-poll	foundation-source	Extension/runtime plugin source outside boring spine core.	medium	/Users/ronnyworks/code/agentic-foundation/ops/plugins/communications/bin/communications-inbox-poll	extension_plugin
ops/plugins/communications/bin/communications-mail-archiver-backup-status	foundation-source	Extension/runtime plugin source outside boring spine core.	medium	/Users/ronnyworks/code/agentic-foundation/ops/plugins/communications/bin/communications-mail-archiver-backup-status	extension_plugin
ops/plugins/communications/bin/communications-mail-archiver-import-eml-remote	foundation-source	Extension/runtime plugin source outside boring spine core.	medium	/Users/ronnyworks/code/agentic-foundation/ops/plugins/communications/bin/communications-mail-archiver-import-eml-remote	extension_plugin
ops/plugins/communications/bin/communications-mail-archiver-import-eml-upload	foundation-source	Extension/runtime plugin source outside boring spine core.	medium	/Users/ronnyworks/code/agentic-foundation/ops/plugins/communications/bin/communications-mail-archiver-import-eml-upload	extension_plugin
ops/plugins/communications/bin/communications-mail-archiver-import-monitor	foundation-source	Extension/runtime plugin source outside boring spine core.	medium	/Users/ronnyworks/code/agentic-foundation/ops/plugins/communications/bin/communications-mail-archiver-import-monitor	extension_plugin
ops/plugins/communications/bin/communications-mail-archiver-import-status	foundation-source	Extension/runtime plugin source outside boring spine core.	medium	/Users/ronnyworks/code/agentic-foundation/ops/plugins/communications/bin/communications-mail-archiver-import-status	extension_plugin
ops/plugins/communications/bin/communications-mail-archiver-overlap-plan	foundation-source	Extension/runtime plugin source outside boring spine core.	medium	/Users/ronnyworks/code/agentic-foundation/ops/plugins/communications/bin/communications-mail-archiver-overlap-plan	extension_plugin
ops/plugins/communications/bin/communications-mail-archiver-restore-drill	foundation-source	Extension/runtime plugin source outside boring spine core.	medium	/Users/ronnyworks/code/agentic-foundation/ops/plugins/communications/bin/communications-mail-archiver-restore-drill	extension_plugin
ops/plugins/communications/bin/communications-mail-archiver-sync-status	foundation-source	Extension/runtime plugin source outside boring spine core.	medium	/Users/ronnyworks/code/agentic-foundation/ops/plugins/communications/bin/communications-mail-archiver-sync-status	extension_plugin
ops/plugins/communications/bin/communications-mail-search	foundation-source	Extension/runtime plugin source outside boring spine core.	medium	/Users/ronnyworks/code/agentic-foundation/ops/plugins/communications/bin/communications-mail-search	extension_plugin
ops/plugins/communications/bin/communications-mail-send-test	foundation-source	Extension/runtime plugin source outside boring spine core.	medium	/Users/ronnyworks/code/agentic-foundation/ops/plugins/communications/bin/communications-mail-send-test	extension_plugin
ops/plugins/communications/bin/communications-mailboxes-list	foundation-source	Extension/runtime plugin source outside boring spine core.	medium	/Users/ronnyworks/code/agentic-foundation/ops/plugins/communications/bin/communications-mailboxes-list	extension_plugin
ops/plugins/communications/bin/communications-policy-status	foundation-source	Extension/runtime plugin source outside boring spine core.	medium	/Users/ronnyworks/code/agentic-foundation/ops/plugins/communications/bin/communications-policy-status	extension_plugin
ops/plugins/communications/bin/communications-provider-status	foundation-source	Extension/runtime plugin source outside boring spine core.	medium	/Users/ronnyworks/code/agentic-foundation/ops/plugins/communications/bin/communications-provider-status	extension_plugin
ops/plugins/communications/bin/communications-send-execute	foundation-source	Extension/runtime plugin source outside boring spine core.	medium	/Users/ronnyworks/code/agentic-foundation/ops/plugins/communications/bin/communications-send-execute	extension_plugin
ops/plugins/communications/bin/communications-send-preview	foundation-source	Extension/runtime plugin source outside boring spine core.	medium	/Users/ronnyworks/code/agentic-foundation/ops/plugins/communications/bin/communications-send-preview	extension_plugin
ops/plugins/communications/bin/communications-stack-status	foundation-source	Extension/runtime plugin source outside boring spine core.	medium	/Users/ronnyworks/code/agentic-foundation/ops/plugins/communications/bin/communications-stack-status	extension_plugin
ops/plugins/communications/bin/communications-stalwart-send	foundation-source	Extension/runtime plugin source outside boring spine core.	medium	/Users/ronnyworks/code/agentic-foundation/ops/plugins/communications/bin/communications-stalwart-send	extension_plugin
ops/plugins/communications/bin/communications-templates-list	foundation-source	Extension/runtime plugin source outside boring spine core.	medium	/Users/ronnyworks/code/agentic-foundation/ops/plugins/communications/bin/communications-templates-list	extension_plugin
ops/plugins/communications/bin/communications-tls-status	foundation-source	Extension/runtime plugin source outside boring spine core.	medium	/Users/ronnyworks/code/agentic-foundation/ops/plugins/communications/bin/communications-tls-status	extension_plugin
ops/plugins/communications/lib/__pycache__/eml_import.cpython-314.pyc	runtime-only	Generated bytecode cache.	low	/Users/ronnyworks/code/.runtime/spine-mailroom/caches/eml_import.cpython-314.pyc	generated_cache
ops/plugins/communications/lib/__pycache__/m365_eml_export.cpython-314.pyc	runtime-only	Generated bytecode cache.	low	/Users/ronnyworks/code/.runtime/spine-mailroom/caches/m365_eml_export.cpython-314.pyc	generated_cache
ops/plugins/communications/lib/eml_import.py	foundation-source	Extension/runtime plugin source outside boring spine core.	medium	/Users/ronnyworks/code/agentic-foundation/ops/plugins/communications/lib/eml_import.py	extension_plugin
ops/plugins/communications/tests/test-communications-governance-hardening.sh	foundation-source	Extension/runtime plugin source outside boring spine core.	medium	/Users/ronnyworks/code/agentic-foundation/ops/plugins/communications/tests/test-communications-governance-hardening.sh	extension_plugin
ops/plugins/communications/tests/test-communications-live-pilot.sh	foundation-source	Extension/runtime plugin source outside boring spine core.	medium	/Users/ronnyworks/code/agentic-foundation/ops/plugins/communications/tests/test-communications-live-pilot.sh	extension_plugin
ops/plugins/communications/tests/test-communications-transactional.sh	foundation-source	Extension/runtime plugin source outside boring spine core.	medium	/Users/ronnyworks/code/agentic-foundation/ops/plugins/communications/tests/test-communications-transactional.sh	extension_plugin
ops/plugins/conflicts/README.md	foundation-source	Extension/runtime plugin source outside boring spine core.	medium	/Users/ronnyworks/code/agentic-foundation/ops/plugins/conflicts/README.md	extension_plugin
ops/plugins/context/bin/spine-context	foundation-source	Extension/runtime plugin source outside boring spine core.	medium	/Users/ronnyworks/code/agentic-foundation/ops/plugins/context/bin/spine-context	extension_plugin
ops/plugins/docker/bin/docker-compose-down	foundation-source	Extension/runtime plugin source outside boring spine core.	medium	/Users/ronnyworks/code/agentic-foundation/ops/plugins/docker/bin/docker-compose-down	extension_plugin
ops/plugins/docker/bin/docker-compose-logs	foundation-source	Extension/runtime plugin source outside boring spine core.	medium	/Users/ronnyworks/code/agentic-foundation/ops/plugins/docker/bin/docker-compose-logs	extension_plugin
ops/plugins/docker/bin/docker-compose-pull	foundation-source	Extension/runtime plugin source outside boring spine core.	medium	/Users/ronnyworks/code/agentic-foundation/ops/plugins/docker/bin/docker-compose-pull	extension_plugin
ops/plugins/docker/bin/docker-compose-status	foundation-source	Extension/runtime plugin source outside boring spine core.	medium	/Users/ronnyworks/code/agentic-foundation/ops/plugins/docker/bin/docker-compose-status	extension_plugin
ops/plugins/docker/bin/docker-compose-up	foundation-source	Extension/runtime plugin source outside boring spine core.	medium	/Users/ronnyworks/code/agentic-foundation/ops/plugins/docker/bin/docker-compose-up	extension_plugin
ops/plugins/docs/bin/catalog-domain-sync	spine-source	Core control-plane plugin surface.	medium	/Users/ronnyworks/code/agentic-spine/ops/plugins/docs/bin/catalog-domain-sync	control_plane_plugin
ops/plugins/docs/bin/docs-brain-freshness	spine-source	Core control-plane plugin surface.	medium	/Users/ronnyworks/code/agentic-spine/ops/plugins/docs/bin/docs-brain-freshness	control_plane_plugin
ops/plugins/docs/bin/docs-freshness-audit	spine-source	Core control-plane plugin surface.	medium	/Users/ronnyworks/code/agentic-spine/ops/plugins/docs/bin/docs-freshness-audit	control_plane_plugin
ops/plugins/docs/bin/docs-frontmatter-lint	spine-source	Core control-plane plugin surface.	medium	/Users/ronnyworks/code/agentic-spine/ops/plugins/docs/bin/docs-frontmatter-lint	control_plane_plugin
ops/plugins/docs/bin/docs-impact-note	spine-source	Core control-plane plugin surface.	medium	/Users/ronnyworks/code/agentic-spine/ops/plugins/docs/bin/docs-impact-note	control_plane_plugin
ops/plugins/docs/bin/docs-impact-status	spine-source	Core control-plane plugin surface.	medium	/Users/ronnyworks/code/agentic-spine/ops/plugins/docs/bin/docs-impact-status	control_plane_plugin
ops/plugins/docs/bin/docs-index-verify	spine-source	Core control-plane plugin surface.	medium	/Users/ronnyworks/code/agentic-spine/ops/plugins/docs/bin/docs-index-verify	control_plane_plugin
ops/plugins/docs/bin/docs-jd-status	spine-source	Core control-plane plugin surface.	medium	/Users/ronnyworks/code/agentic-spine/ops/plugins/docs/bin/docs-jd-status	control_plane_plugin
ops/plugins/docs/bin/docs-legacy-audit	spine-source	Core control-plane plugin surface.	medium	/Users/ronnyworks/code/agentic-spine/ops/plugins/docs/bin/docs-legacy-audit	control_plane_plugin
ops/plugins/docs/bin/docs-lint	spine-source	Core control-plane plugin surface.	medium	/Users/ronnyworks/code/agentic-spine/ops/plugins/docs/bin/docs-lint	control_plane_plugin
ops/plugins/docs/bin/docs-orphan-detect	spine-source	Core control-plane plugin surface.	medium	/Users/ronnyworks/code/agentic-spine/ops/plugins/docs/bin/docs-orphan-detect	control_plane_plugin
ops/plugins/docs/bin/docs-projection-sync	spine-source	Core control-plane plugin surface.	medium	/Users/ronnyworks/code/agentic-spine/ops/plugins/docs/bin/docs-projection-sync	control_plane_plugin
ops/plugins/docs/bin/docs-projection-verify	spine-source	Core control-plane plugin surface.	medium	/Users/ronnyworks/code/agentic-spine/ops/plugins/docs/bin/docs-projection-verify	control_plane_plugin
ops/plugins/docs/bin/docs-sprawl-detect	spine-source	Core control-plane plugin surface.	medium	/Users/ronnyworks/code/agentic-spine/ops/plugins/docs/bin/docs-sprawl-detect	control_plane_plugin
ops/plugins/docs/bin/docs-status	spine-source	Core control-plane plugin surface.	medium	/Users/ronnyworks/code/agentic-spine/ops/plugins/docs/bin/docs-status	control_plane_plugin
ops/plugins/docs/bin/infra-extraction-status	spine-source	Core control-plane plugin surface.	medium	/Users/ronnyworks/code/agentic-spine/ops/plugins/docs/bin/infra-extraction-status	control_plane_plugin
ops/plugins/docs/bin/projection-reconcile	spine-source	Core control-plane plugin surface.	medium	/Users/ronnyworks/code/agentic-spine/ops/plugins/docs/bin/projection-reconcile	control_plane_plugin
ops/plugins/docs/tests/docs-jd-status-test.sh	spine-source	Core control-plane plugin surface.	medium	/Users/ronnyworks/code/agentic-spine/ops/plugins/docs/tests/docs-jd-status-test.sh	control_plane_plugin
ops/plugins/domains/bin/domains-change-plan	foundation-source	Extension/runtime plugin source outside boring spine core.	medium	/Users/ronnyworks/code/agentic-foundation/ops/plugins/domains/bin/domains-change-plan	extension_plugin
ops/plugins/domains/bin/mintprints-cutover-soak-check	foundation-source	Extension/runtime plugin source outside boring spine core.	medium	/Users/ronnyworks/code/agentic-foundation/ops/plugins/domains/bin/mintprints-cutover-soak-check	extension_plugin
ops/plugins/domains/bin/namecheap-domains-status	foundation-source	Extension/runtime plugin source outside boring spine core.	medium	/Users/ronnyworks/code/agentic-foundation/ops/plugins/domains/bin/namecheap-domains-status	extension_plugin
ops/plugins/evidence/bin/__pycache__/spine-controlcpython-314.pyc	runtime-only	Generated bytecode cache.	low	/Users/ronnyworks/code/.runtime/spine-mailroom/caches/spine-controlcpython-314.pyc	generated_cache
ops/plugins/evidence/bin/evidence-export-plan	spine-source	Core control-plane plugin surface.	medium	/Users/ronnyworks/code/agentic-spine/ops/plugins/evidence/bin/evidence-export-plan	control_plane_plugin
ops/plugins/evidence/bin/prompt-registry-status	spine-source	Core control-plane plugin surface.	medium	/Users/ronnyworks/code/agentic-spine/ops/plugins/evidence/bin/prompt-registry-status	control_plane_plugin
ops/plugins/evidence/bin/receipts-checksum-parity-report	spine-source	Core control-plane plugin surface.	medium	/Users/ronnyworks/code/agentic-spine/ops/plugins/evidence/bin/receipts-checksum-parity-report	control_plane_plugin
ops/plugins/evidence/bin/receipts-exec-emit	spine-source	Core control-plane plugin surface.	medium	/Users/ronnyworks/code/agentic-spine/ops/plugins/evidence/bin/receipts-exec-emit	control_plane_plugin
ops/plugins/evidence/bin/receipts-index-build	spine-source	Core control-plane plugin surface.	medium	/Users/ronnyworks/code/agentic-spine/ops/plugins/evidence/bin/receipts-index-build	control_plane_plugin
ops/plugins/evidence/bin/receipts-index-coverage	spine-source	Core control-plane plugin surface.	medium	/Users/ronnyworks/code/agentic-spine/ops/plugins/evidence/bin/receipts-index-coverage	control_plane_plugin
ops/plugins/evidence/bin/receipts-rotate	spine-source	Core control-plane plugin surface.	medium	/Users/ronnyworks/code/agentic-spine/ops/plugins/evidence/bin/receipts-rotate	control_plane_plugin
ops/plugins/evidence/bin/receipts-search	spine-source	Core control-plane plugin surface.	medium	/Users/ronnyworks/code/agentic-spine/ops/plugins/evidence/bin/receipts-search	control_plane_plugin
ops/plugins/evidence/bin/receipts-summary	spine-source	Core control-plane plugin surface.	medium	/Users/ronnyworks/code/agentic-spine/ops/plugins/evidence/bin/receipts-summary	control_plane_plugin
ops/plugins/evidence/bin/receipts-trends	spine-source	Core control-plane plugin surface.	medium	/Users/ronnyworks/code/agentic-spine/ops/plugins/evidence/bin/receipts-trends	control_plane_plugin
ops/plugins/evidence/bin/spine-control	spine-source	Core control-plane plugin surface.	medium	/Users/ronnyworks/code/agentic-spine/ops/plugins/evidence/bin/spine-control	control_plane_plugin
ops/plugins/evidence/bin/spine-experiment-compare	spine-source	Core control-plane plugin surface.	medium	/Users/ronnyworks/code/agentic-spine/ops/plugins/evidence/bin/spine-experiment-compare	control_plane_plugin
ops/plugins/evidence/bin/spine-graph-show	spine-source	Core control-plane plugin surface.	medium	/Users/ronnyworks/code/agentic-spine/ops/plugins/evidence/bin/spine-graph-show	control_plane_plugin
ops/plugins/evidence/bin/spine-log-query	spine-source	Core control-plane plugin surface.	medium	/Users/ronnyworks/code/agentic-spine/ops/plugins/evidence/bin/spine-log-query	control_plane_plugin
ops/plugins/evidence/bin/spine-timeline-query	spine-source	Core control-plane plugin surface.	medium	/Users/ronnyworks/code/agentic-spine/ops/plugins/evidence/bin/spine-timeline-query	control_plane_plugin
ops/plugins/evidence/bin/spine-timeline-report	spine-source	Core control-plane plugin surface.	medium	/Users/ronnyworks/code/agentic-spine/ops/plugins/evidence/bin/spine-timeline-report	control_plane_plugin
ops/plugins/evidence/bin/weekly-execution-telemetry	spine-source	Core control-plane plugin surface.	medium	/Users/ronnyworks/code/agentic-spine/ops/plugins/evidence/bin/weekly-execution-telemetry	control_plane_plugin
ops/plugins/evidence/state/receipt-index.yaml	runtime-only	Plugin-generated state file.	medium	/Users/ronnyworks/code/.runtime/spine-mailroom/ops-plugin-state/evidence/state/receipt-index.yaml	plugin_generated_state
ops/plugins/evidence/tests/spine-control-smoke.sh	spine-source	Core control-plane plugin surface.	medium	/Users/ronnyworks/code/agentic-spine/ops/plugins/evidence/tests/spine-control-smoke.sh	control_plane_plugin
ops/plugins/evidence/tests/spine-control-verify-health-test.sh	spine-source	Core control-plane plugin surface.	medium	/Users/ronnyworks/code/agentic-spine/ops/plugins/evidence/tests/spine-control-verify-health-test.sh	control_plane_plugin
ops/plugins/evidence/tests/spine-timeline-report-test.sh	spine-source	Core control-plane plugin surface.	medium	/Users/ronnyworks/code/agentic-spine/ops/plugins/evidence/tests/spine-timeline-report-test.sh	control_plane_plugin
ops/plugins/finance/bin/finance-backup-run	foundation-source	Extension/runtime plugin source outside boring spine core.	medium	/Users/ronnyworks/code/agentic-foundation/ops/plugins/finance/bin/finance-backup-run	extension_plugin
ops/plugins/finance/bin/finance-backup-status	foundation-source	Extension/runtime plugin source outside boring spine core.	medium	/Users/ronnyworks/code/agentic-foundation/ops/plugins/finance/bin/finance-backup-status	extension_plugin
ops/plugins/github/bin/github-actions-status	foundation-source	Extension/runtime plugin source outside boring spine core.	medium	/Users/ronnyworks/code/agentic-foundation/ops/plugins/github/bin/github-actions-status	extension_plugin
ops/plugins/github/bin/github-labels-status	foundation-source	Extension/runtime plugin source outside boring spine core.	medium	/Users/ronnyworks/code/agentic-foundation/ops/plugins/github/bin/github-labels-status	extension_plugin
ops/plugins/github/bin/github-queue-status	foundation-source	Extension/runtime plugin source outside boring spine core.	medium	/Users/ronnyworks/code/agentic-foundation/ops/plugins/github/bin/github-queue-status	extension_plugin
ops/plugins/github/bin/github-status	foundation-source	Extension/runtime plugin source outside boring spine core.	medium	/Users/ronnyworks/code/agentic-foundation/ops/plugins/github/bin/github-status	extension_plugin
ops/plugins/ha/bin/ha-addon-restart	foundation-source	Extension/runtime plugin source outside boring spine core.	medium	/Users/ronnyworks/code/agentic-foundation/ops/plugins/ha/bin/ha-addon-restart	extension_plugin
ops/plugins/ha/bin/ha-addons-snapshot	foundation-source	Extension/runtime plugin source outside boring spine core.	medium	/Users/ronnyworks/code/agentic-foundation/ops/plugins/ha/bin/ha-addons-snapshot	extension_plugin
ops/plugins/ha/bin/ha-automation-create	foundation-source	Extension/runtime plugin source outside boring spine core.	medium	/Users/ronnyworks/code/agentic-foundation/ops/plugins/ha/bin/ha-automation-create	extension_plugin
ops/plugins/ha/bin/ha-automation-trigger	foundation-source	Extension/runtime plugin source outside boring spine core.	medium	/Users/ronnyworks/code/agentic-foundation/ops/plugins/ha/bin/ha-automation-trigger	extension_plugin
ops/plugins/ha/bin/ha-automations-snapshot	foundation-source	Extension/runtime plugin source outside boring spine core.	medium	/Users/ronnyworks/code/agentic-foundation/ops/plugins/ha/bin/ha-automations-snapshot	extension_plugin
ops/plugins/ha/bin/ha-backup-create	foundation-source	Extension/runtime plugin source outside boring spine core.	medium	/Users/ronnyworks/code/agentic-foundation/ops/plugins/ha/bin/ha-backup-create	extension_plugin
ops/plugins/ha/bin/ha-config-extract	foundation-source	Extension/runtime plugin source outside boring spine core.	medium	/Users/ronnyworks/code/agentic-foundation/ops/plugins/ha/bin/ha-config-extract	extension_plugin
ops/plugins/ha/bin/ha-dashboard-backup	foundation-source	Extension/runtime plugin source outside boring spine core.	medium	/Users/ronnyworks/code/agentic-foundation/ops/plugins/ha/bin/ha-dashboard-backup	extension_plugin
ops/plugins/ha/bin/ha-dashboard-snapshot	foundation-source	Extension/runtime plugin source outside boring spine core.	medium	/Users/ronnyworks/code/agentic-foundation/ops/plugins/ha/bin/ha-dashboard-snapshot	extension_plugin
ops/plugins/ha/bin/ha-device-map-build	foundation-source	Extension/runtime plugin source outside boring spine core.	medium	/Users/ronnyworks/code/agentic-foundation/ops/plugins/ha/bin/ha-device-map-build	extension_plugin
ops/plugins/ha/bin/ha-device-rename	foundation-source	Extension/runtime plugin source outside boring spine core.	medium	/Users/ronnyworks/code/agentic-foundation/ops/plugins/ha/bin/ha-device-rename	extension_plugin
ops/plugins/ha/bin/ha-entity-state-baseline	foundation-source	Extension/runtime plugin source outside boring spine core.	medium	/Users/ronnyworks/code/agentic-foundation/ops/plugins/ha/bin/ha-entity-state-baseline	extension_plugin
ops/plugins/ha/bin/ha-entity-status	foundation-source	Extension/runtime plugin source outside boring spine core.	medium	/Users/ronnyworks/code/agentic-foundation/ops/plugins/ha/bin/ha-entity-status	extension_plugin
ops/plugins/ha/bin/ha-hacs-snapshot	foundation-source	Extension/runtime plugin source outside boring spine core.	medium	/Users/ronnyworks/code/agentic-foundation/ops/plugins/ha/bin/ha-hacs-snapshot	extension_plugin
ops/plugins/ha/bin/ha-hacs-updates-check	foundation-source	Extension/runtime plugin source outside boring spine core.	medium	/Users/ronnyworks/code/agentic-foundation/ops/plugins/ha/bin/ha-hacs-updates-check	extension_plugin
ops/plugins/ha/bin/ha-health-status	foundation-source	Extension/runtime plugin source outside boring spine core.	medium	/Users/ronnyworks/code/agentic-foundation/ops/plugins/ha/bin/ha-health-status	extension_plugin
ops/plugins/ha/bin/ha-helpers-snapshot	foundation-source	Extension/runtime plugin source outside boring spine core.	medium	/Users/ronnyworks/code/agentic-foundation/ops/plugins/ha/bin/ha-helpers-snapshot	extension_plugin
ops/plugins/ha/bin/ha-integrations-snapshot	foundation-source	Extension/runtime plugin source outside boring spine core.	medium	/Users/ronnyworks/code/agentic-foundation/ops/plugins/ha/bin/ha-integrations-snapshot	extension_plugin
ops/plugins/ha/bin/ha-inventory-snapshot-build	foundation-source	Extension/runtime plugin source outside boring spine core.	medium	/Users/ronnyworks/code/agentic-foundation/ops/plugins/ha/bin/ha-inventory-snapshot-build	extension_plugin
ops/plugins/ha/bin/ha-light-toggle	foundation-source	Extension/runtime plugin source outside boring spine core.	medium	/Users/ronnyworks/code/agentic-foundation/ops/plugins/ha/bin/ha-light-toggle	extension_plugin
ops/plugins/ha/bin/ha-lock-control	foundation-source	Extension/runtime plugin source outside boring spine core.	medium	/Users/ronnyworks/code/agentic-foundation/ops/plugins/ha/bin/ha-lock-control	extension_plugin
ops/plugins/ha/bin/ha-mcp-status	foundation-source	Extension/runtime plugin source outside boring spine core.	medium	/Users/ronnyworks/code/agentic-foundation/ops/plugins/ha/bin/ha-mcp-status	extension_plugin
ops/plugins/ha/bin/ha-refresh	foundation-source	Extension/runtime plugin source outside boring spine core.	medium	/Users/ronnyworks/code/agentic-foundation/ops/plugins/ha/bin/ha-refresh	extension_plugin
ops/plugins/ha/bin/ha-scene-activate	foundation-source	Extension/runtime plugin source outside boring spine core.	medium	/Users/ronnyworks/code/agentic-foundation/ops/plugins/ha/bin/ha-scene-activate	extension_plugin
ops/plugins/ha/bin/ha-scenes-snapshot	foundation-source	Extension/runtime plugin source outside boring spine core.	medium	/Users/ronnyworks/code/agentic-foundation/ops/plugins/ha/bin/ha-scenes-snapshot	extension_plugin
ops/plugins/ha/bin/ha-script-run	foundation-source	Extension/runtime plugin source outside boring spine core.	medium	/Users/ronnyworks/code/agentic-foundation/ops/plugins/ha/bin/ha-script-run	extension_plugin
ops/plugins/ha/bin/ha-scripts-snapshot	foundation-source	Extension/runtime plugin source outside boring spine core.	medium	/Users/ronnyworks/code/agentic-foundation/ops/plugins/ha/bin/ha-scripts-snapshot	extension_plugin
ops/plugins/ha/bin/ha-service-call	foundation-source	Extension/runtime plugin source outside boring spine core.	medium	/Users/ronnyworks/code/agentic-foundation/ops/plugins/ha/bin/ha-service-call	extension_plugin
ops/plugins/ha/bin/ha-ssot-apply	foundation-source	Extension/runtime plugin source outside boring spine core.	medium	/Users/ronnyworks/code/agentic-foundation/ops/plugins/ha/bin/ha-ssot-apply	extension_plugin
ops/plugins/ha/bin/ha-ssot-baseline-build	foundation-source	Extension/runtime plugin source outside boring spine core.	medium	/Users/ronnyworks/code/agentic-foundation/ops/plugins/ha/bin/ha-ssot-baseline-build	extension_plugin
ops/plugins/ha/bin/ha-ssot-propose	foundation-source	Extension/runtime plugin source outside boring spine core.	medium	/Users/ronnyworks/code/agentic-foundation/ops/plugins/ha/bin/ha-ssot-propose	extension_plugin
ops/plugins/ha/bin/ha-status	foundation-source	Extension/runtime plugin source outside boring spine core.	medium	/Users/ronnyworks/code/agentic-foundation/ops/plugins/ha/bin/ha-status	extension_plugin
ops/plugins/ha/bin/ha-sync-agent	foundation-source	Extension/runtime plugin source outside boring spine core.	medium	/Users/ronnyworks/code/agentic-foundation/ops/plugins/ha/bin/ha-sync-agent	extension_plugin
ops/plugins/ha/bin/ha-sync-start	foundation-source	Extension/runtime plugin source outside boring spine core.	medium	/Users/ronnyworks/code/agentic-foundation/ops/plugins/ha/bin/ha-sync-start	extension_plugin
ops/plugins/ha/bin/ha-sync-status	foundation-source	Extension/runtime plugin source outside boring spine core.	medium	/Users/ronnyworks/code/agentic-foundation/ops/plugins/ha/bin/ha-sync-status	extension_plugin
ops/plugins/ha/bin/ha-sync-stop	foundation-source	Extension/runtime plugin source outside boring spine core.	medium	/Users/ronnyworks/code/agentic-foundation/ops/plugins/ha/bin/ha-sync-stop	extension_plugin
ops/plugins/ha/bin/ha-z2m-devices-snapshot	foundation-source	Extension/runtime plugin source outside boring spine core.	medium	/Users/ronnyworks/code/agentic-foundation/ops/plugins/ha/bin/ha-z2m-devices-snapshot	extension_plugin
ops/plugins/ha/bin/ha-z2m-health	foundation-source	Extension/runtime plugin source outside boring spine core.	medium	/Users/ronnyworks/code/agentic-foundation/ops/plugins/ha/bin/ha-z2m-health	extension_plugin
ops/plugins/ha/bin/ha-zwave-devices-snapshot	foundation-source	Extension/runtime plugin source outside boring spine core.	medium	/Users/ronnyworks/code/agentic-foundation/ops/plugins/ha/bin/ha-zwave-devices-snapshot	extension_plugin
ops/plugins/handoff/bin/session-handoff-close	spine-source	Core control-plane plugin surface.	medium	/Users/ronnyworks/code/agentic-spine/ops/plugins/handoff/bin/session-handoff-close	control_plane_plugin
ops/plugins/handoff/bin/session-handoff-create	spine-source	Core control-plane plugin surface.	medium	/Users/ronnyworks/code/agentic-spine/ops/plugins/handoff/bin/session-handoff-create	control_plane_plugin
ops/plugins/handoff/bin/session-handoff-expire	spine-source	Core control-plane plugin surface.	medium	/Users/ronnyworks/code/agentic-spine/ops/plugins/handoff/bin/session-handoff-expire	control_plane_plugin
ops/plugins/handoff/bin/session-handoff-get	spine-source	Core control-plane plugin surface.	medium	/Users/ronnyworks/code/agentic-spine/ops/plugins/handoff/bin/session-handoff-get	control_plane_plugin
ops/plugins/handoff/bin/session-handoff-list	spine-source	Core control-plane plugin surface.	medium	/Users/ronnyworks/code/agentic-spine/ops/plugins/handoff/bin/session-handoff-list	control_plane_plugin
ops/plugins/handoff/bin/session-handoff-status	spine-source	Core control-plane plugin surface.	medium	/Users/ronnyworks/code/agentic-spine/ops/plugins/handoff/bin/session-handoff-status	control_plane_plugin
ops/plugins/home/bin/ha-identity-mutation-contract-status	foundation-source	Extension/runtime plugin source outside boring spine core.	medium	/Users/ronnyworks/code/agentic-foundation/ops/plugins/home/bin/ha-identity-mutation-contract-status	extension_plugin
ops/plugins/home/bin/home-backup-status	foundation-source	Extension/runtime plugin source outside boring spine core.	medium	/Users/ronnyworks/code/agentic-foundation/ops/plugins/home/bin/home-backup-status	extension_plugin
ops/plugins/home/bin/home-health-alert	foundation-source	Extension/runtime plugin source outside boring spine core.	medium	/Users/ronnyworks/code/agentic-foundation/ops/plugins/home/bin/home-health-alert	extension_plugin
ops/plugins/home/bin/home-health-check	foundation-source	Extension/runtime plugin source outside boring spine core.	medium	/Users/ronnyworks/code/agentic-foundation/ops/plugins/home/bin/home-health-check	extension_plugin
ops/plugins/home/bin/home-vm-status	foundation-source	Extension/runtime plugin source outside boring spine core.	medium	/Users/ronnyworks/code/agentic-foundation/ops/plugins/home/bin/home-vm-status	extension_plugin
ops/plugins/home/bin/nas-shutdown	foundation-source	Extension/runtime plugin source outside boring spine core.	medium	/Users/ronnyworks/code/agentic-foundation/ops/plugins/home/bin/nas-shutdown	extension_plugin
ops/plugins/home/bin/nas-startup	foundation-source	Extension/runtime plugin source outside boring spine core.	medium	/Users/ronnyworks/code/agentic-foundation/ops/plugins/home/bin/nas-startup	extension_plugin
ops/plugins/host/bin/__pycache__/launchd-scheduler-health-statuscpython-314.pyc	runtime-only	Generated bytecode cache.	low	/Users/ronnyworks/code/.runtime/spine-mailroom/caches/launchd-scheduler-health-statuscpython-314.pyc	generated_cache
ops/plugins/host/bin/host-claude-entrypoint-lock	foundation-source	Extension/runtime plugin source outside boring spine core.	medium	/Users/ronnyworks/code/agentic-foundation/ops/plugins/host/bin/host-claude-entrypoint-lock	extension_plugin
ops/plugins/host/bin/host-drift-audit	foundation-source	Extension/runtime plugin source outside boring spine core.	medium	/Users/ronnyworks/code/agentic-foundation/ops/plugins/host/bin/host-drift-audit	extension_plugin
ops/plugins/host/bin/host-hidden-root-inventory	foundation-source	Extension/runtime plugin source outside boring spine core.	medium	/Users/ronnyworks/code/agentic-foundation/ops/plugins/host/bin/host-hidden-root-inventory	extension_plugin
ops/plugins/host/bin/host-launchagents-sync	foundation-source	Extension/runtime plugin source outside boring spine core.	medium	/Users/ronnyworks/code/agentic-foundation/ops/plugins/host/bin/host-launchagents-sync	extension_plugin
ops/plugins/host/bin/host-macbook-bootstrap	foundation-source	Extension/runtime plugin source outside boring spine core.	medium	/Users/ronnyworks/code/agentic-foundation/ops/plugins/host/bin/host-macbook-bootstrap	extension_plugin
ops/plugins/host/bin/host-macbook-drift-check	foundation-source	Extension/runtime plugin source outside boring spine core.	medium	/Users/ronnyworks/code/agentic-foundation/ops/plugins/host/bin/host-macbook-drift-check	extension_plugin
ops/plugins/host/bin/host-macbook-managed-configs-apply	foundation-source	Extension/runtime plugin source outside boring spine core.	medium	/Users/ronnyworks/code/agentic-foundation/ops/plugins/host/bin/host-macbook-managed-configs-apply	extension_plugin
ops/plugins/host/bin/host-streamdeck-reload	foundation-source	Extension/runtime plugin source outside boring spine core.	medium	/Users/ronnyworks/code/agentic-foundation/ops/plugins/host/bin/host-streamdeck-reload	extension_plugin
ops/plugins/host/bin/host-streamdeck-snapshot	foundation-source	Extension/runtime plugin source outside boring spine core.	medium	/Users/ronnyworks/code/agentic-foundation/ops/plugins/host/bin/host-streamdeck-snapshot	extension_plugin
ops/plugins/host/bin/host-streamdeck-status	foundation-source	Extension/runtime plugin source outside boring spine core.	medium	/Users/ronnyworks/code/agentic-foundation/ops/plugins/host/bin/host-streamdeck-status	extension_plugin
ops/plugins/host/bin/launchd-scheduler-calendar	foundation-source	Extension/runtime plugin source outside boring spine core.	medium	/Users/ronnyworks/code/agentic-foundation/ops/plugins/host/bin/launchd-scheduler-calendar	extension_plugin
ops/plugins/host/bin/launchd-scheduler-health-status	foundation-source	Extension/runtime plugin source outside boring spine core.	medium	/Users/ronnyworks/code/agentic-foundation/ops/plugins/host/bin/launchd-scheduler-health-status	extension_plugin
ops/plugins/immich/bin/immich-reconcile-apply	foundation-source	Extension/runtime plugin source outside boring spine core.	medium	/Users/ronnyworks/code/agentic-foundation/ops/plugins/immich/bin/immich-reconcile-apply	extension_plugin
ops/plugins/immich/bin/immich-reconcile-plan	foundation-source	Extension/runtime plugin source outside boring spine core.	medium	/Users/ronnyworks/code/agentic-foundation/ops/plugins/immich/bin/immich-reconcile-plan	extension_plugin
ops/plugins/immich/bin/immich-reconcile-review	foundation-source	Extension/runtime plugin source outside boring spine core.	medium	/Users/ronnyworks/code/agentic-foundation/ops/plugins/immich/bin/immich-reconcile-review	extension_plugin
ops/plugins/immich/bin/immich-reconcile-rollback	foundation-source	Extension/runtime plugin source outside boring spine core.	medium	/Users/ronnyworks/code/agentic-foundation/ops/plugins/immich/bin/immich-reconcile-rollback	extension_plugin
ops/plugins/immich/bin/immich-reconcile-scan	foundation-source	Extension/runtime plugin source outside boring spine core.	medium	/Users/ronnyworks/code/agentic-foundation/ops/plugins/immich/bin/immich-reconcile-scan	extension_plugin
ops/plugins/inbox-shield/bin/inbox-shield-status	foundation-source	Extension/runtime plugin source outside boring spine core.	medium	/Users/ronnyworks/code/agentic-foundation/ops/plugins/inbox-shield/bin/inbox-shield-status	extension_plugin
ops/plugins/infra/bin/infra-docker-host-status	foundation-source	Extension/runtime plugin source outside boring spine core.	medium	/Users/ronnyworks/code/agentic-foundation/ops/plugins/infra/bin/infra-docker-host-status	extension_plugin
ops/plugins/infra/bin/infra-docker-ps	foundation-source	Extension/runtime plugin source outside boring spine core.	medium	/Users/ronnyworks/code/agentic-foundation/ops/plugins/infra/bin/infra-docker-ps	extension_plugin
ops/plugins/infra/bin/infra-hypervisor-hostname-set	foundation-source	Extension/runtime plugin source outside boring spine core.	medium	/Users/ronnyworks/code/agentic-foundation/ops/plugins/infra/bin/infra-hypervisor-hostname-set	extension_plugin
ops/plugins/infra/bin/infra-hypervisor-identity-status	foundation-source	Extension/runtime plugin source outside boring spine core.	medium	/Users/ronnyworks/code/agentic-foundation/ops/plugins/infra/bin/infra-hypervisor-identity-status	extension_plugin
ops/plugins/infra/bin/infra-infisical-restore-drill	foundation-source	Extension/runtime plugin source outside boring spine core.	medium	/Users/ronnyworks/code/agentic-foundation/ops/plugins/infra/bin/infra-infisical-restore-drill	extension_plugin
ops/plugins/infra/bin/infra-maintenance-window	foundation-source	Extension/runtime plugin source outside boring spine core.	medium	/Users/ronnyworks/code/agentic-foundation/ops/plugins/infra/bin/infra-maintenance-window	extension_plugin
ops/plugins/infra/bin/infra-media-capacity-guard-reconcile	foundation-source	Extension/runtime plugin source outside boring spine core.	medium	/Users/ronnyworks/code/agentic-foundation/ops/plugins/infra/bin/infra-media-capacity-guard-reconcile	extension_plugin
ops/plugins/infra/bin/infra-placement-policy-check	foundation-source	Extension/runtime plugin source outside boring spine core.	medium	/Users/ronnyworks/code/agentic-foundation/ops/plugins/infra/bin/infra-placement-policy-check	extension_plugin
ops/plugins/infra/bin/infra-post-power-recovery	foundation-source	Extension/runtime plugin source outside boring spine core.	medium	/Users/ronnyworks/code/agentic-foundation/ops/plugins/infra/bin/infra-post-power-recovery	extension_plugin
ops/plugins/infra/bin/infra-proxmox-maintenance	foundation-source	Extension/runtime plugin source outside boring spine core.	medium	/Users/ronnyworks/code/agentic-foundation/ops/plugins/infra/bin/infra-proxmox-maintenance	extension_plugin
ops/plugins/infra/bin/infra-proxmox-node-path-migrate	foundation-source	Extension/runtime plugin source outside boring spine core.	medium	/Users/ronnyworks/code/agentic-foundation/ops/plugins/infra/bin/infra-proxmox-node-path-migrate	extension_plugin
ops/plugins/infra/bin/infra-relocation-impact	foundation-source	Extension/runtime plugin source outside boring spine core.	medium	/Users/ronnyworks/code/agentic-foundation/ops/plugins/infra/bin/infra-relocation-impact	extension_plugin
ops/plugins/infra/bin/infra-relocation-parity	foundation-source	Extension/runtime plugin source outside boring spine core.	medium	/Users/ronnyworks/code/agentic-foundation/ops/plugins/infra/bin/infra-relocation-parity	extension_plugin
ops/plugins/infra/bin/infra-relocation-preflight	foundation-source	Extension/runtime plugin source outside boring spine core.	medium	/Users/ronnyworks/code/agentic-foundation/ops/plugins/infra/bin/infra-relocation-preflight	extension_plugin
ops/plugins/infra/bin/infra-relocation-promote	foundation-source	Extension/runtime plugin source outside boring spine core.	medium	/Users/ronnyworks/code/agentic-foundation/ops/plugins/infra/bin/infra-relocation-promote	extension_plugin
ops/plugins/infra/bin/infra-relocation-rollback	foundation-source	Extension/runtime plugin source outside boring spine core.	medium	/Users/ronnyworks/code/agentic-foundation/ops/plugins/infra/bin/infra-relocation-rollback	extension_plugin
ops/plugins/infra/bin/infra-relocation-service-transition	foundation-source	Extension/runtime plugin source outside boring spine core.	medium	/Users/ronnyworks/code/agentic-foundation/ops/plugins/infra/bin/infra-relocation-service-transition	extension_plugin
ops/plugins/infra/bin/infra-relocation-state-transition	foundation-source	Extension/runtime plugin source outside boring spine core.	medium	/Users/ronnyworks/code/agentic-foundation/ops/plugins/infra/bin/infra-relocation-state-transition	extension_plugin
ops/plugins/infra/bin/infra-storage-audit-snapshot	foundation-source	Extension/runtime plugin source outside boring spine core.	medium	/Users/ronnyworks/code/agentic-foundation/ops/plugins/infra/bin/infra-storage-audit-snapshot	extension_plugin
ops/plugins/infra/bin/infra-timezone-set	foundation-source	Extension/runtime plugin source outside boring spine core.	medium	/Users/ronnyworks/code/agentic-foundation/ops/plugins/infra/bin/infra-timezone-set	extension_plugin
ops/plugins/infra/bin/infra-vm-bootstrap	foundation-source	Extension/runtime plugin source outside boring spine core.	medium	/Users/ronnyworks/code/agentic-foundation/ops/plugins/infra/bin/infra-vm-bootstrap	extension_plugin
ops/plugins/infra/bin/infra-vm-intake-scaffold	foundation-source	Extension/runtime plugin source outside boring spine core.	medium	/Users/ronnyworks/code/agentic-foundation/ops/plugins/infra/bin/infra-vm-intake-scaffold	extension_plugin
ops/plugins/infra/bin/infra-vm-provision	foundation-source	Extension/runtime plugin source outside boring spine core.	medium	/Users/ronnyworks/code/agentic-foundation/ops/plugins/infra/bin/infra-vm-provision	extension_plugin
ops/plugins/infra/bin/infra-vm-ready-status	foundation-source	Extension/runtime plugin source outside boring spine core.	medium	/Users/ronnyworks/code/agentic-foundation/ops/plugins/infra/bin/infra-vm-ready-status	extension_plugin
ops/plugins/infra/bin/internet-asset-compatibility-evaluate	foundation-source	Extension/runtime plugin source outside boring spine core.	medium	/Users/ronnyworks/code/agentic-foundation/ops/plugins/infra/bin/internet-asset-compatibility-evaluate	extension_plugin
ops/plugins/infra/bin/internet-asset-intake-diff	foundation-source	Extension/runtime plugin source outside boring spine core.	medium	/Users/ronnyworks/code/agentic-foundation/ops/plugins/infra/bin/internet-asset-intake-diff	extension_plugin
ops/plugins/infra/bin/internet-asset-registry-build	foundation-source	Extension/runtime plugin source outside boring spine core.	medium	/Users/ronnyworks/code/agentic-foundation/ops/plugins/infra/bin/internet-asset-registry-build	extension_plugin
ops/plugins/infra/bin/ripple-check	foundation-source	Extension/runtime plugin source outside boring spine core.	medium	/Users/ronnyworks/code/agentic-foundation/ops/plugins/infra/bin/ripple-check	extension_plugin
ops/plugins/lifecycle/bin/__pycache__/friction-baseline-capturecpython-314.pyc	runtime-only	Generated bytecode cache.	low	/Users/ronnyworks/code/.runtime/spine-mailroom/caches/friction-baseline-capturecpython-314.pyc	generated_cache
ops/plugins/lifecycle/bin/__pycache__/friction-baseline-verifycpython-314.pyc	runtime-only	Generated bytecode cache.	low	/Users/ronnyworks/code/.runtime/spine-mailroom/caches/friction-baseline-verifycpython-314.pyc	generated_cache
ops/plugins/lifecycle/bin/__pycache__/friction-ingestcpython-314.pyc	runtime-only	Generated bytecode cache.	low	/Users/ronnyworks/code/.runtime/spine-mailroom/caches/friction-ingestcpython-314.pyc	generated_cache
ops/plugins/lifecycle/bin/__pycache__/friction-queue-statuscpython-314.pyc	runtime-only	Generated bytecode cache.	low	/Users/ronnyworks/code/.runtime/spine-mailroom/caches/friction-queue-statuscpython-314.pyc	generated_cache
ops/plugins/lifecycle/bin/__pycache__/friction-reconcilecpython-314.pyc	runtime-only	Generated bytecode cache.	low	/Users/ronnyworks/code/.runtime/spine-mailroom/caches/friction-reconcilecpython-314.pyc	generated_cache
ops/plugins/lifecycle/bin/friction-baseline-capture	spine-source	Core control-plane plugin surface.	medium	/Users/ronnyworks/code/agentic-spine/ops/plugins/lifecycle/bin/friction-baseline-capture	control_plane_plugin
ops/plugins/lifecycle/bin/friction-baseline-verify	spine-source	Core control-plane plugin surface.	medium	/Users/ronnyworks/code/agentic-spine/ops/plugins/lifecycle/bin/friction-baseline-verify	control_plane_plugin
ops/plugins/lifecycle/bin/friction-ingest	spine-source	Core control-plane plugin surface.	medium	/Users/ronnyworks/code/agentic-spine/ops/plugins/lifecycle/bin/friction-ingest	control_plane_plugin
ops/plugins/lifecycle/bin/friction-queue-status	spine-source	Core control-plane plugin surface.	medium	/Users/ronnyworks/code/agentic-spine/ops/plugins/lifecycle/bin/friction-queue-status	control_plane_plugin
ops/plugins/lifecycle/bin/friction-reconcile	spine-source	Core control-plane plugin surface.	medium	/Users/ronnyworks/code/agentic-spine/ops/plugins/lifecycle/bin/friction-reconcile	control_plane_plugin
ops/plugins/lifecycle/bin/gaps-aging	spine-source	Core control-plane plugin surface.	medium	/Users/ronnyworks/code/agentic-spine/ops/plugins/lifecycle/bin/gaps-aging	control_plane_plugin
ops/plugins/lifecycle/bin/gaps-auto-close	spine-source	Core control-plane plugin surface.	medium	/Users/ronnyworks/code/agentic-spine/ops/plugins/lifecycle/bin/gaps-auto-close	control_plane_plugin
ops/plugins/lifecycle/bin/gaps-batch-close	spine-source	Core control-plane plugin surface.	medium	/Users/ronnyworks/code/agentic-spine/ops/plugins/lifecycle/bin/gaps-batch-close	control_plane_plugin
ops/plugins/lifecycle/bin/gaps-quick	spine-source	Core control-plane plugin surface.	medium	/Users/ronnyworks/code/agentic-spine/ops/plugins/lifecycle/bin/gaps-quick	control_plane_plugin
ops/plugins/lifecycle/bin/lane-standard-run	spine-source	Core control-plane plugin surface.	medium	/Users/ronnyworks/code/agentic-spine/ops/plugins/lifecycle/bin/lane-standard-run	control_plane_plugin
ops/plugins/lifecycle/bin/launchd-log-rotate	spine-source	Core control-plane plugin surface.	medium	/Users/ronnyworks/code/agentic-spine/ops/plugins/lifecycle/bin/launchd-log-rotate	control_plane_plugin
ops/plugins/lifecycle/bin/lifecycle-health	spine-source	Core control-plane plugin surface.	medium	/Users/ronnyworks/code/agentic-spine/ops/plugins/lifecycle/bin/lifecycle-health	control_plane_plugin
ops/plugins/lifecycle/bin/loops-auto-close	spine-source	Core control-plane plugin surface.	medium	/Users/ronnyworks/code/agentic-spine/ops/plugins/lifecycle/bin/loops-auto-close	control_plane_plugin
ops/plugins/lifecycle/bin/loops-background-start	spine-source	Core control-plane plugin surface.	medium	/Users/ronnyworks/code/agentic-spine/ops/plugins/lifecycle/bin/loops-background-start	control_plane_plugin
ops/plugins/lifecycle/bin/loops-background-stop	spine-source	Core control-plane plugin surface.	medium	/Users/ronnyworks/code/agentic-spine/ops/plugins/lifecycle/bin/loops-background-stop	control_plane_plugin
ops/plugins/lifecycle/bin/loops-create	spine-source	Core control-plane plugin surface.	medium	/Users/ronnyworks/code/agentic-spine/ops/plugins/lifecycle/bin/loops-create	control_plane_plugin
ops/plugins/lifecycle/bin/loops-progress	spine-source	Core control-plane plugin surface.	medium	/Users/ronnyworks/code/agentic-spine/ops/plugins/lifecycle/bin/loops-progress	control_plane_plugin
ops/plugins/lifecycle/bin/mailroom-log-rotate	spine-source	Core control-plane plugin surface.	medium	/Users/ronnyworks/code/agentic-spine/ops/plugins/lifecycle/bin/mailroom-log-rotate	control_plane_plugin
ops/plugins/lifecycle/bin/mailroom-scan	spine-source	Core control-plane plugin surface.	medium	/Users/ronnyworks/code/agentic-spine/ops/plugins/lifecycle/bin/mailroom-scan	control_plane_plugin
ops/plugins/lifecycle/bin/planning-horizon-promote-due	spine-source	Core control-plane plugin surface.	medium	/Users/ronnyworks/code/agentic-spine/ops/plugins/lifecycle/bin/planning-horizon-promote-due	control_plane_plugin
ops/plugins/lifecycle/bin/planning-horizon-set	spine-source	Core control-plane plugin surface.	medium	/Users/ronnyworks/code/agentic-spine/ops/plugins/lifecycle/bin/planning-horizon-set	control_plane_plugin
ops/plugins/lifecycle/bin/planning-horizon-status	spine-source	Core control-plane plugin surface.	medium	/Users/ronnyworks/code/agentic-spine/ops/plugins/lifecycle/bin/planning-horizon-status	control_plane_plugin
ops/plugins/lifecycle/bin/planning-plans-archive	spine-source	Core control-plane plugin surface.	medium	/Users/ronnyworks/code/agentic-spine/ops/plugins/lifecycle/bin/planning-plans-archive	control_plane_plugin
ops/plugins/lifecycle/bin/planning-plans-cancel	spine-source	Core control-plane plugin surface.	medium	/Users/ronnyworks/code/agentic-spine/ops/plugins/lifecycle/bin/planning-plans-cancel	control_plane_plugin
ops/plugins/lifecycle/bin/planning-plans-create	spine-source	Core control-plane plugin surface.	medium	/Users/ronnyworks/code/agentic-spine/ops/plugins/lifecycle/bin/planning-plans-create	control_plane_plugin
ops/plugins/lifecycle/bin/planning-plans-list	spine-source	Core control-plane plugin surface.	medium	/Users/ronnyworks/code/agentic-spine/ops/plugins/lifecycle/bin/planning-plans-list	control_plane_plugin
ops/plugins/lifecycle/bin/planning-plans-promote	spine-source	Core control-plane plugin surface.	medium	/Users/ronnyworks/code/agentic-spine/ops/plugins/lifecycle/bin/planning-plans-promote	control_plane_plugin
ops/plugins/lifecycle/bin/planning-plans-reconcile	spine-source	Core control-plane plugin surface.	medium	/Users/ronnyworks/code/agentic-spine/ops/plugins/lifecycle/bin/planning-plans-reconcile	control_plane_plugin
ops/plugins/lifecycle/bin/planning-plans-retire	spine-source	Core control-plane plugin surface.	medium	/Users/ronnyworks/code/agentic-spine/ops/plugins/lifecycle/bin/planning-plans-retire	control_plane_plugin
ops/plugins/lifecycle/bin/planning-plans-review-sweep	spine-source	Core control-plane plugin surface.	medium	/Users/ronnyworks/code/agentic-spine/ops/plugins/lifecycle/bin/planning-plans-review-sweep	control_plane_plugin
ops/plugins/lifecycle/bin/planning-plans-status	spine-source	Core control-plane plugin surface.	medium	/Users/ronnyworks/code/agentic-spine/ops/plugins/lifecycle/bin/planning-plans-status	control_plane_plugin
ops/plugins/lifecycle/bin/state-shared-reconcile	spine-source	Core control-plane plugin surface.	medium	/Users/ronnyworks/code/agentic-spine/ops/plugins/lifecycle/bin/state-shared-reconcile	control_plane_plugin
ops/plugins/lifecycle/lib/__pycache__/plans_sql_authority.cpython-314.pyc	runtime-only	Generated bytecode cache.	low	/Users/ronnyworks/code/.runtime/spine-mailroom/caches/plans_sql_authority.cpython-314.pyc	generated_cache
ops/plugins/lifecycle/lib/lifecycle-rules.sh	spine-source	Core control-plane plugin surface.	medium	/Users/ronnyworks/code/agentic-spine/ops/plugins/lifecycle/lib/lifecycle-rules.sh	control_plane_plugin
ops/plugins/lifecycle/lib/next-gap-id.sh	spine-source	Core control-plane plugin surface.	medium	/Users/ronnyworks/code/agentic-spine/ops/plugins/lifecycle/lib/next-gap-id.sh	control_plane_plugin
ops/plugins/lifecycle/lib/plans_sql_authority.py	spine-source	Core control-plane plugin surface.	medium	/Users/ronnyworks/code/agentic-spine/ops/plugins/lifecycle/lib/plans_sql_authority.py	control_plane_plugin
ops/plugins/lifecycle/templates/loop-scope.template.md	spine-source	Core control-plane plugin surface.	medium	/Users/ronnyworks/code/agentic-spine/ops/plugins/lifecycle/templates/loop-scope.template.md	control_plane_plugin
ops/plugins/loops/bin/gaps-claim	spine-source	Core control-plane plugin surface.	medium	/Users/ronnyworks/code/agentic-spine/ops/plugins/loops/bin/gaps-claim	control_plane_plugin
ops/plugins/loops/bin/gaps-close	spine-source	Core control-plane plugin surface.	medium	/Users/ronnyworks/code/agentic-spine/ops/plugins/loops/bin/gaps-close	control_plane_plugin
ops/plugins/loops/bin/gaps-dedupe	spine-source	Core control-plane plugin surface.	medium	/Users/ronnyworks/code/agentic-spine/ops/plugins/loops/bin/gaps-dedupe	control_plane_plugin
ops/plugins/loops/bin/gaps-file	spine-source	Core control-plane plugin surface.	medium	/Users/ronnyworks/code/agentic-spine/ops/plugins/loops/bin/gaps-file	control_plane_plugin
ops/plugins/loops/bin/gaps-next-id	spine-source	Core control-plane plugin surface.	medium	/Users/ronnyworks/code/agentic-spine/ops/plugins/loops/bin/gaps-next-id	control_plane_plugin
ops/plugins/loops/bin/gaps-reparent	spine-source	Core control-plane plugin surface.	medium	/Users/ronnyworks/code/agentic-spine/ops/plugins/loops/bin/gaps-reparent	control_plane_plugin
ops/plugins/loops/bin/gaps-status	spine-source	Core control-plane plugin surface.	medium	/Users/ronnyworks/code/agentic-spine/ops/plugins/loops/bin/gaps-status	control_plane_plugin
ops/plugins/loops/bin/gaps-unclaim	spine-source	Core control-plane plugin surface.	medium	/Users/ronnyworks/code/agentic-spine/ops/plugins/loops/bin/gaps-unclaim	control_plane_plugin
ops/plugins/loops/bin/loop-closeout-finalize	spine-source	Core control-plane plugin surface.	medium	/Users/ronnyworks/code/agentic-spine/ops/plugins/loops/bin/loop-closeout-finalize	control_plane_plugin
ops/plugins/loops/bin/loops-ledger-reduce	spine-source	Core control-plane plugin surface.	medium	/Users/ronnyworks/code/agentic-spine/ops/plugins/loops/bin/loops-ledger-reduce	control_plane_plugin
ops/plugins/loops/bin/loops-list	spine-source	Core control-plane plugin surface.	medium	/Users/ronnyworks/code/agentic-spine/ops/plugins/loops/bin/loops-list	control_plane_plugin
ops/plugins/loops/bin/loops-reconcile	spine-source	Core control-plane plugin surface.	medium	/Users/ronnyworks/code/agentic-spine/ops/plugins/loops/bin/loops-reconcile	control_plane_plugin
ops/plugins/loops/bin/loops-status	spine-source	Core control-plane plugin surface.	medium	/Users/ronnyworks/code/agentic-spine/ops/plugins/loops/bin/loops-status	control_plane_plugin
ops/plugins/loops/lib/gap-claims.sh	spine-source	Core control-plane plugin surface.	medium	/Users/ronnyworks/code/agentic-spine/ops/plugins/loops/lib/gap-claims.sh	control_plane_plugin
ops/plugins/loops/tests/test-gap-mutations.sh	spine-source	Core control-plane plugin surface.	medium	/Users/ronnyworks/code/agentic-spine/ops/plugins/loops/tests/test-gap-mutations.sh	control_plane_plugin
ops/plugins/mailroom-bridge/bin/__pycache__/mailroom-bridge-servecpython-314.pyc	runtime-only	Generated bytecode cache.	low	/Users/ronnyworks/code/.runtime/spine-mailroom/caches/mailroom-bridge-servecpython-314.pyc	generated_cache
ops/plugins/mailroom-bridge/bin/__pycache__/mailroom-task-workercpython-314.pyc	runtime-only	Generated bytecode cache.	low	/Users/ronnyworks/code/.runtime/spine-mailroom/caches/mailroom-task-workercpython-314.pyc	generated_cache
ops/plugins/mailroom-bridge/bin/mailroom-bridge-consumers-sync	foundation-source	Extension/runtime plugin source outside boring spine core.	medium	/Users/ronnyworks/code/agentic-foundation/ops/plugins/mailroom-bridge/bin/mailroom-bridge-consumers-sync	extension_plugin
ops/plugins/mailroom-bridge/bin/mailroom-bridge-expose-disable	foundation-source	Extension/runtime plugin source outside boring spine core.	medium	/Users/ronnyworks/code/agentic-foundation/ops/plugins/mailroom-bridge/bin/mailroom-bridge-expose-disable	extension_plugin
ops/plugins/mailroom-bridge/bin/mailroom-bridge-expose-enable	foundation-source	Extension/runtime plugin source outside boring spine core.	medium	/Users/ronnyworks/code/agentic-foundation/ops/plugins/mailroom-bridge/bin/mailroom-bridge-expose-enable	extension_plugin
ops/plugins/mailroom-bridge/bin/mailroom-bridge-expose-status	foundation-source	Extension/runtime plugin source outside boring spine core.	medium	/Users/ronnyworks/code/agentic-foundation/ops/plugins/mailroom-bridge/bin/mailroom-bridge-expose-status	extension_plugin
ops/plugins/mailroom-bridge/bin/mailroom-bridge-serve	foundation-source	Extension/runtime plugin source outside boring spine core.	medium	/Users/ronnyworks/code/agentic-foundation/ops/plugins/mailroom-bridge/bin/mailroom-bridge-serve	extension_plugin
ops/plugins/mailroom-bridge/bin/mailroom-bridge-start	foundation-source	Extension/runtime plugin source outside boring spine core.	medium	/Users/ronnyworks/code/agentic-foundation/ops/plugins/mailroom-bridge/bin/mailroom-bridge-start	extension_plugin
ops/plugins/mailroom-bridge/bin/mailroom-bridge-status	foundation-source	Extension/runtime plugin source outside boring spine core.	medium	/Users/ronnyworks/code/agentic-foundation/ops/plugins/mailroom-bridge/bin/mailroom-bridge-status	extension_plugin
ops/plugins/mailroom-bridge/bin/mailroom-bridge-stop	foundation-source	Extension/runtime plugin source outside boring spine core.	medium	/Users/ronnyworks/code/agentic-foundation/ops/plugins/mailroom-bridge/bin/mailroom-bridge-stop	extension_plugin
ops/plugins/mailroom-bridge/bin/mailroom-outbox-retention	foundation-source	Extension/runtime plugin source outside boring spine core.	medium	/Users/ronnyworks/code/agentic-foundation/ops/plugins/mailroom-bridge/bin/mailroom-outbox-retention	extension_plugin
ops/plugins/mailroom-bridge/bin/mailroom-runtime-migrate	foundation-source	Extension/runtime plugin source outside boring spine core.	medium	/Users/ronnyworks/code/agentic-foundation/ops/plugins/mailroom-bridge/bin/mailroom-runtime-migrate	extension_plugin
ops/plugins/mailroom-bridge/bin/mailroom-task-claim	foundation-source	Extension/runtime plugin source outside boring spine core.	medium	/Users/ronnyworks/code/agentic-foundation/ops/plugins/mailroom-bridge/bin/mailroom-task-claim	extension_plugin
ops/plugins/mailroom-bridge/bin/mailroom-task-complete	foundation-source	Extension/runtime plugin source outside boring spine core.	medium	/Users/ronnyworks/code/agentic-foundation/ops/plugins/mailroom-bridge/bin/mailroom-task-complete	extension_plugin
ops/plugins/mailroom-bridge/bin/mailroom-task-enqueue	foundation-source	Extension/runtime plugin source outside boring spine core.	medium	/Users/ronnyworks/code/agentic-foundation/ops/plugins/mailroom-bridge/bin/mailroom-task-enqueue	extension_plugin
ops/plugins/mailroom-bridge/bin/mailroom-task-fail	foundation-source	Extension/runtime plugin source outside boring spine core.	medium	/Users/ronnyworks/code/agentic-foundation/ops/plugins/mailroom-bridge/bin/mailroom-task-fail	extension_plugin
ops/plugins/mailroom-bridge/bin/mailroom-task-heartbeat	foundation-source	Extension/runtime plugin source outside boring spine core.	medium	/Users/ronnyworks/code/agentic-foundation/ops/plugins/mailroom-bridge/bin/mailroom-task-heartbeat	extension_plugin
ops/plugins/mailroom-bridge/bin/mailroom-task-worker	foundation-source	Extension/runtime plugin source outside boring spine core.	medium	/Users/ronnyworks/code/agentic-foundation/ops/plugins/mailroom-bridge/bin/mailroom-task-worker	extension_plugin
ops/plugins/mailroom-bridge/lib/task-common.sh	foundation-source	Extension/runtime plugin source outside boring spine core.	medium	/Users/ronnyworks/code/agentic-foundation/ops/plugins/mailroom-bridge/lib/task-common.sh	extension_plugin
ops/plugins/mailroom-bridge/tests/test-cap-run.sh	foundation-source	Extension/runtime plugin source outside boring spine core.	medium	/Users/ronnyworks/code/agentic-foundation/ops/plugins/mailroom-bridge/tests/test-cap-run.sh	extension_plugin
ops/plugins/mailroom-bridge/tests/test-cf-access-auth.sh	foundation-source	Extension/runtime plugin source outside boring spine core.	medium	/Users/ronnyworks/code/agentic-foundation/ops/plugins/mailroom-bridge/tests/test-cf-access-auth.sh	extension_plugin
ops/plugins/mailroom-bridge/tests/test-consumers-registry.sh	foundation-source	Extension/runtime plugin source outside boring spine core.	medium	/Users/ronnyworks/code/agentic-foundation/ops/plugins/mailroom-bridge/tests/test-consumers-registry.sh	extension_plugin
ops/plugins/mailroom-bridge/tests/test-rag-output-contract.sh	foundation-source	Extension/runtime plugin source outside boring spine core.	medium	/Users/ronnyworks/code/agentic-foundation/ops/plugins/mailroom-bridge/tests/test-rag-output-contract.sh	extension_plugin
ops/plugins/mailroom-bridge/tests/test-task-worker.sh	foundation-source	Extension/runtime plugin source outside boring spine core.	medium	/Users/ronnyworks/code/agentic-foundation/ops/plugins/mailroom-bridge/tests/test-task-worker.sh	extension_plugin
ops/plugins/maker/bin/maker-label-print	foundation-source	Extension/runtime plugin source outside boring spine core.	medium	/Users/ronnyworks/code/agentic-foundation/ops/plugins/maker/bin/maker-label-print	extension_plugin
ops/plugins/maker/bin/maker-qr-generate	foundation-source	Extension/runtime plugin source outside boring spine core.	medium	/Users/ronnyworks/code/agentic-foundation/ops/plugins/maker/bin/maker-qr-generate	extension_plugin
ops/plugins/maker/bin/maker-tools-status	foundation-source	Extension/runtime plugin source outside boring spine core.	medium	/Users/ronnyworks/code/agentic-foundation/ops/plugins/maker/bin/maker-tools-status	extension_plugin
ops/plugins/mcp/bin/mcp-config-generate	foundation-source	Extension/runtime plugin source outside boring spine core.	medium	/Users/ronnyworks/code/agentic-foundation/ops/plugins/mcp/bin/mcp-config-generate	extension_plugin
ops/plugins/mcp/bin/mcp-health-probe	foundation-source	Extension/runtime plugin source outside boring spine core.	medium	/Users/ronnyworks/code/agentic-foundation/ops/plugins/mcp/bin/mcp-health-probe	extension_plugin
ops/plugins/mcp/bin/mcp-inventory-status	foundation-source	Extension/runtime plugin source outside boring spine core.	medium	/Users/ronnyworks/code/agentic-foundation/ops/plugins/mcp/bin/mcp-inventory-status	extension_plugin
ops/plugins/mcp/bin/mcp-runtime-status	foundation-source	Extension/runtime plugin source outside boring spine core.	medium	/Users/ronnyworks/code/agentic-foundation/ops/plugins/mcp/bin/mcp-runtime-status	extension_plugin
ops/plugins/mcp-gateway/bin/__pycache__/spine-mcp-servecpython-314.pyc	runtime-only	Generated bytecode cache.	low	/Users/ronnyworks/code/.runtime/spine-mailroom/caches/spine-mcp-servecpython-314.pyc	generated_cache
ops/plugins/mcp-gateway/bin/spine-mcp-serve	foundation-source	Extension/runtime plugin source outside boring spine core.	medium	/Users/ronnyworks/code/agentic-foundation/ops/plugins/mcp-gateway/bin/spine-mcp-serve	extension_plugin
ops/plugins/media/bin/homarr-config-generate	foundation-source	Extension/runtime plugin source outside boring spine core.	medium	/Users/ronnyworks/code/agentic-foundation/ops/plugins/media/bin/homarr-config-generate	extension_plugin
ops/plugins/media/bin/media-backup-create	foundation-source	Extension/runtime plugin source outside boring spine core.	medium	/Users/ronnyworks/code/agentic-foundation/ops/plugins/media/bin/media-backup-create	extension_plugin
ops/plugins/media/bin/media-backup-restore	foundation-source	Extension/runtime plugin source outside boring spine core.	medium	/Users/ronnyworks/code/agentic-foundation/ops/plugins/media/bin/media-backup-restore	extension_plugin
ops/plugins/media/bin/media-capacity-runway-status	foundation-source	Extension/runtime plugin source outside boring spine core.	medium	/Users/ronnyworks/code/agentic-foundation/ops/plugins/media/bin/media-capacity-runway-status	extension_plugin
ops/plugins/media/bin/media-capacity-snapshot-build	foundation-source	Extension/runtime plugin source outside boring spine core.	medium	/Users/ronnyworks/code/agentic-foundation/ops/plugins/media/bin/media-capacity-snapshot-build	extension_plugin
ops/plugins/media/bin/media-config-restore-drill	foundation-source	Extension/runtime plugin source outside boring spine core.	medium	/Users/ronnyworks/code/agentic-foundation/ops/plugins/media/bin/media-config-restore-drill	extension_plugin
ops/plugins/media/bin/media-content-snapshot-refresh	foundation-source	Extension/runtime plugin source outside boring spine core.	medium	/Users/ronnyworks/code/agentic-foundation/ops/plugins/media/bin/media-content-snapshot-refresh	extension_plugin
ops/plugins/media/bin/media-e2e-verify	foundation-source	Extension/runtime plugin source outside boring spine core.	medium	/Users/ronnyworks/code/agentic-foundation/ops/plugins/media/bin/media-e2e-verify	extension_plugin
ops/plugins/media/bin/media-health-check	foundation-source	Extension/runtime plugin source outside boring spine core.	medium	/Users/ronnyworks/code/agentic-foundation/ops/plugins/media/bin/media-health-check	extension_plugin
ops/plugins/media/bin/media-metrics-today	foundation-source	Extension/runtime plugin source outside boring spine core.	medium	/Users/ronnyworks/code/agentic-foundation/ops/plugins/media/bin/media-metrics-today	extension_plugin
ops/plugins/media/bin/media-music-metrics-today	foundation-source	Extension/runtime plugin source outside boring spine core.	medium	/Users/ronnyworks/code/agentic-foundation/ops/plugins/media/bin/media-music-metrics-today	extension_plugin
ops/plugins/media/bin/media-nfs-verify	foundation-source	Extension/runtime plugin source outside boring spine core.	medium	/Users/ronnyworks/code/agentic-foundation/ops/plugins/media/bin/media-nfs-verify	extension_plugin
ops/plugins/media/bin/media-pipeline-trace	foundation-source	Extension/runtime plugin source outside boring spine core.	medium	/Users/ronnyworks/code/agentic-foundation/ops/plugins/media/bin/media-pipeline-trace	extension_plugin
ops/plugins/media/bin/media-qbittorrent-status	foundation-source	Extension/runtime plugin source outside boring spine core.	medium	/Users/ronnyworks/code/agentic-foundation/ops/plugins/media/bin/media-qbittorrent-status	extension_plugin
ops/plugins/media/bin/media-queue-reconcile	foundation-source	Extension/runtime plugin source outside boring spine core.	medium	/Users/ronnyworks/code/agentic-foundation/ops/plugins/media/bin/media-queue-reconcile	extension_plugin
ops/plugins/media/bin/media-service-status	foundation-source	Extension/runtime plugin source outside boring spine core.	medium	/Users/ronnyworks/code/agentic-foundation/ops/plugins/media/bin/media-service-status	extension_plugin
ops/plugins/media/bin/media-slskd-status	foundation-source	Extension/runtime plugin source outside boring spine core.	medium	/Users/ronnyworks/code/agentic-foundation/ops/plugins/media/bin/media-slskd-status	extension_plugin
ops/plugins/media/bin/media-sonarr-metrics-today	foundation-source	Extension/runtime plugin source outside boring spine core.	medium	/Users/ronnyworks/code/agentic-foundation/ops/plugins/media/bin/media-sonarr-metrics-today	extension_plugin
ops/plugins/media/bin/media-soularr-status	foundation-source	Extension/runtime plugin source outside boring spine core.	medium	/Users/ronnyworks/code/agentic-foundation/ops/plugins/media/bin/media-soularr-status	extension_plugin
ops/plugins/media/bin/media-stack-restart	foundation-source	Extension/runtime plugin source outside boring spine core.	medium	/Users/ronnyworks/code/agentic-foundation/ops/plugins/media/bin/media-stack-restart	extension_plugin
ops/plugins/media/bin/media-status	foundation-source	Extension/runtime plugin source outside boring spine core.	medium	/Users/ronnyworks/code/agentic-foundation/ops/plugins/media/bin/media-status	extension_plugin
ops/plugins/media/bin/media-storage-status	foundation-source	Extension/runtime plugin source outside boring spine core.	medium	/Users/ronnyworks/code/agentic-foundation/ops/plugins/media/bin/media-storage-status	extension_plugin
ops/plugins/media/bin/media-vpn-health	foundation-source	Extension/runtime plugin source outside boring spine core.	medium	/Users/ronnyworks/code/agentic-foundation/ops/plugins/media/bin/media-vpn-health	extension_plugin
ops/plugins/media/bin/recyclarr-sync	foundation-source	Extension/runtime plugin source outside boring spine core.	medium	/Users/ronnyworks/code/agentic-foundation/ops/plugins/media/bin/recyclarr-sync	extension_plugin
ops/plugins/media/tests/media-bridge-consumer-test.sh	foundation-source	Extension/runtime plugin source outside boring spine core.	medium	/Users/ronnyworks/code/agentic-foundation/ops/plugins/media/tests/media-bridge-consumer-test.sh	extension_plugin
ops/plugins/media/tests/media-json-contract-test.sh	foundation-source	Extension/runtime plugin source outside boring spine core.	medium	/Users/ronnyworks/code/agentic-foundation/ops/plugins/media/tests/media-json-contract-test.sh	extension_plugin
ops/plugins/microsoft/bin/microsoft-cap-exec	foundation-source	Extension/runtime plugin source outside boring spine core.	medium	/Users/ronnyworks/code/agentic-foundation/ops/plugins/microsoft/bin/microsoft-cap-exec	extension_plugin
ops/plugins/microsoft/bin/microsoft-decode-roles	foundation-source	Extension/runtime plugin source outside boring spine core.	medium	/Users/ronnyworks/code/agentic-foundation/ops/plugins/microsoft/bin/microsoft-decode-roles	extension_plugin
ops/plugins/microsoft/bin/microsoft-token-exec	foundation-source	Extension/runtime plugin source outside boring spine core.	medium	/Users/ronnyworks/code/agentic-foundation/ops/plugins/microsoft/bin/microsoft-token-exec	extension_plugin
ops/plugins/mint/bin/__pycache__/module-status-projection-buildcpython-314.pyc	runtime-only	Generated bytecode cache.	low	/Users/ronnyworks/code/.runtime/spine-mailroom/caches/module-status-projection-buildcpython-314.pyc	generated_cache
ops/plugins/mint/bin/auth-deploy-infisical	foundation-source	Extension/runtime plugin source outside boring spine core.	medium	/Users/ronnyworks/code/agentic-foundation/ops/plugins/mint/bin/auth-deploy-infisical	extension_plugin
ops/plugins/mint/bin/deploy-promote-image	foundation-source	Extension/runtime plugin source outside boring spine core.	medium	/Users/ronnyworks/code/agentic-foundation/ops/plugins/mint/bin/deploy-promote-image	extension_plugin
ops/plugins/mint/bin/deploy-status	foundation-source	Extension/runtime plugin source outside boring spine core.	medium	/Users/ronnyworks/code/agentic-foundation/ops/plugins/mint/bin/deploy-status	extension_plugin
ops/plugins/mint/bin/deploy-sync-from-main	foundation-source	Extension/runtime plugin source outside boring spine core.	medium	/Users/ronnyworks/code/agentic-foundation/ops/plugins/mint/bin/deploy-sync-from-main	extension_plugin
ops/plugins/mint/bin/intake-validate	foundation-source	Extension/runtime plugin source outside boring spine core.	medium	/Users/ronnyworks/code/agentic-foundation/ops/plugins/mint/bin/intake-validate	extension_plugin
ops/plugins/mint/bin/loop-daily	foundation-source	Extension/runtime plugin source outside boring spine core.	medium	/Users/ronnyworks/code/agentic-foundation/ops/plugins/mint/bin/loop-daily	extension_plugin
ops/plugins/mint/bin/migrate-dryrun	foundation-source	Extension/runtime plugin source outside boring spine core.	medium	/Users/ronnyworks/code/agentic-foundation/ops/plugins/mint/bin/migrate-dryrun	extension_plugin
ops/plugins/mint/bin/mint-auth-deploy	foundation-source	Extension/runtime plugin source outside boring spine core.	medium	/Users/ronnyworks/code/agentic-foundation/ops/plugins/mint/bin/mint-auth-deploy	extension_plugin
ops/plugins/mint/bin/mint-auth-secrets-sync	foundation-source	Extension/runtime plugin source outside boring spine core.	medium	/Users/ronnyworks/code/agentic-foundation/ops/plugins/mint/bin/mint-auth-secrets-sync	extension_plugin
ops/plugins/mint/bin/mint-live-baseline-status	foundation-source	Extension/runtime plugin source outside boring spine core.	medium	/Users/ronnyworks/code/agentic-foundation/ops/plugins/mint/bin/mint-live-baseline-status	extension_plugin
ops/plugins/mint/bin/module-status-projection-build	foundation-source	Extension/runtime plugin source outside boring spine core.	medium	/Users/ronnyworks/code/agentic-foundation/ops/plugins/mint/bin/module-status-projection-build	extension_plugin
ops/plugins/mint/bin/module-status-show	foundation-source	Extension/runtime plugin source outside boring spine core.	medium	/Users/ronnyworks/code/agentic-foundation/ops/plugins/mint/bin/module-status-show	extension_plugin
ops/plugins/mint/bin/modules-health	foundation-source	Extension/runtime plugin source outside boring spine core.	medium	/Users/ronnyworks/code/agentic-foundation/ops/plugins/mint/bin/modules-health	extension_plugin
ops/plugins/mint/bin/payment-stripe-test-canary	foundation-source	Extension/runtime plugin source outside boring spine core.	medium	/Users/ronnyworks/code/agentic-foundation/ops/plugins/mint/bin/payment-stripe-test-canary	extension_plugin
ops/plugins/mint/bin/payment-stripe-test-canary-inner	foundation-source	Extension/runtime plugin source outside boring spine core.	medium	/Users/ronnyworks/code/agentic-foundation/ops/plugins/mint/bin/payment-stripe-test-canary-inner	extension_plugin
ops/plugins/mint/bin/provider-canary	foundation-source	Extension/runtime plugin source outside boring spine core.	medium	/Users/ronnyworks/code/agentic-foundation/ops/plugins/mint/bin/provider-canary	extension_plugin
ops/plugins/mint/bin/public-canary	foundation-source	Extension/runtime plugin source outside boring spine core.	medium	/Users/ronnyworks/code/agentic-foundation/ops/plugins/mint/bin/public-canary	extension_plugin
ops/plugins/mint/bin/public-ingress-proof	foundation-source	Extension/runtime plugin source outside boring spine core.	medium	/Users/ronnyworks/code/agentic-foundation/ops/plugins/mint/bin/public-ingress-proof	extension_plugin
ops/plugins/mint/bin/public-ingress-reconcile	foundation-source	Extension/runtime plugin source outside boring spine core.	medium	/Users/ronnyworks/code/agentic-foundation/ops/plugins/mint/bin/public-ingress-reconcile	extension_plugin
ops/plugins/mint/bin/public-providers-reconcile	foundation-source	Extension/runtime plugin source outside boring spine core.	medium	/Users/ronnyworks/code/agentic-foundation/ops/plugins/mint/bin/public-providers-reconcile	extension_plugin
ops/plugins/mint/bin/quote-edge-protection-reconcile	foundation-source	Extension/runtime plugin source outside boring spine core.	medium	/Users/ronnyworks/code/agentic-foundation/ops/plugins/mint/bin/quote-edge-protection-reconcile	extension_plugin
ops/plugins/mint/bin/quote-generate-payment-link	foundation-source	Extension/runtime plugin source outside boring spine core.	medium	/Users/ronnyworks/code/agentic-foundation/ops/plugins/mint/bin/quote-generate-payment-link	extension_plugin
ops/plugins/mint/bin/quote-prepare	foundation-source	Extension/runtime plugin source outside boring spine core.	medium	/Users/ronnyworks/code/agentic-foundation/ops/plugins/mint/bin/quote-prepare	extension_plugin
ops/plugins/mint/bin/quote-price	foundation-source	Extension/runtime plugin source outside boring spine core.	medium	/Users/ronnyworks/code/agentic-foundation/ops/plugins/mint/bin/quote-price	extension_plugin
ops/plugins/mint/bin/quote-promote	foundation-source	Extension/runtime plugin source outside boring spine core.	medium	/Users/ronnyworks/code/agentic-foundation/ops/plugins/mint/bin/quote-promote	extension_plugin
ops/plugins/mint/bin/quote-reconcile-payment	foundation-source	Extension/runtime plugin source outside boring spine core.	medium	/Users/ronnyworks/code/agentic-foundation/ops/plugins/mint/bin/quote-reconcile-payment	extension_plugin
ops/plugins/mint/bin/quote-render	foundation-source	Extension/runtime plugin source outside boring spine core.	medium	/Users/ronnyworks/code/agentic-foundation/ops/plugins/mint/bin/quote-render	extension_plugin
ops/plugins/mint/bin/quote-send	foundation-source	Extension/runtime plugin source outside boring spine core.	medium	/Users/ronnyworks/code/agentic-foundation/ops/plugins/mint/bin/quote-send	extension_plugin
ops/plugins/mint/bin/quote-show	foundation-source	Extension/runtime plugin source outside boring spine core.	medium	/Users/ronnyworks/code/agentic-foundation/ops/plugins/mint/bin/quote-show	extension_plugin
ops/plugins/mint/bin/quote-source	foundation-source	Extension/runtime plugin source outside boring spine core.	medium	/Users/ronnyworks/code/agentic-foundation/ops/plugins/mint/bin/quote-source	extension_plugin
ops/plugins/mint/bin/quote-turnstile-reconcile	foundation-source	Extension/runtime plugin source outside boring spine core.	medium	/Users/ronnyworks/code/agentic-foundation/ops/plugins/mint/bin/quote-turnstile-reconcile	extension_plugin
ops/plugins/mint/bin/runtime-proof	foundation-source	Extension/runtime plugin source outside boring spine core.	medium	/Users/ronnyworks/code/agentic-foundation/ops/plugins/mint/bin/runtime-proof	extension_plugin
ops/plugins/mint/bin/seeds-query	foundation-source	Extension/runtime plugin source outside boring spine core.	medium	/Users/ronnyworks/code/agentic-foundation/ops/plugins/mint/bin/seeds-query	extension_plugin
ops/plugins/mint/docs/GAP_LIFECYCLE_CHANGES.md	foundation-source	Extension/runtime plugin source outside boring spine core.	medium	/Users/ronnyworks/code/agentic-foundation/ops/plugins/mint/docs/GAP_LIFECYCLE_CHANGES.md	extension_plugin
ops/plugins/mint/lib/__pycache__/quote_packet_normalize.cpython-314.pyc	runtime-only	Generated bytecode cache.	low	/Users/ronnyworks/code/.runtime/spine-mailroom/caches/quote_packet_normalize.cpython-314.pyc	generated_cache
ops/plugins/mint/lib/__pycache__/quote_packet_payment_link.cpython-314.pyc	runtime-only	Generated bytecode cache.	low	/Users/ronnyworks/code/.runtime/spine-mailroom/caches/quote_packet_payment_link.cpython-314.pyc	generated_cache
ops/plugins/mint/lib/__pycache__/quote_packet_price.cpython-314.pyc	runtime-only	Generated bytecode cache.	low	/Users/ronnyworks/code/.runtime/spine-mailroom/caches/quote_packet_price.cpython-314.pyc	generated_cache
ops/plugins/mint/lib/__pycache__/quote_packet_promote.cpython-314.pyc	runtime-only	Generated bytecode cache.	low	/Users/ronnyworks/code/.runtime/spine-mailroom/caches/quote_packet_promote.cpython-314.pyc	generated_cache
ops/plugins/mint/lib/__pycache__/quote_packet_render.cpython-314.pyc	runtime-only	Generated bytecode cache.	low	/Users/ronnyworks/code/.runtime/spine-mailroom/caches/quote_packet_render.cpython-314.pyc	generated_cache
ops/plugins/mint/lib/__pycache__/quote_packet_source.cpython-314.pyc	runtime-only	Generated bytecode cache.	low	/Users/ronnyworks/code/.runtime/spine-mailroom/caches/quote_packet_source.cpython-314.pyc	generated_cache
ops/plugins/mint/lib/quote_packet_normalize.py	foundation-source	Extension/runtime plugin source outside boring spine core.	medium	/Users/ronnyworks/code/agentic-foundation/ops/plugins/mint/lib/quote_packet_normalize.py	extension_plugin
ops/plugins/mint/lib/quote_packet_payment_link.py	foundation-source	Extension/runtime plugin source outside boring spine core.	medium	/Users/ronnyworks/code/agentic-foundation/ops/plugins/mint/lib/quote_packet_payment_link.py	extension_plugin
ops/plugins/mint/lib/quote_packet_payment_reconcile.py	foundation-source	Extension/runtime plugin source outside boring spine core.	medium	/Users/ronnyworks/code/agentic-foundation/ops/plugins/mint/lib/quote_packet_payment_reconcile.py	extension_plugin
ops/plugins/mint/lib/quote_packet_price.py	foundation-source	Extension/runtime plugin source outside boring spine core.	medium	/Users/ronnyworks/code/agentic-foundation/ops/plugins/mint/lib/quote_packet_price.py	extension_plugin
ops/plugins/mint/lib/quote_packet_promote.py	foundation-source	Extension/runtime plugin source outside boring spine core.	medium	/Users/ronnyworks/code/agentic-foundation/ops/plugins/mint/lib/quote_packet_promote.py	extension_plugin
ops/plugins/mint/lib/quote_packet_render.py	foundation-source	Extension/runtime plugin source outside boring spine core.	medium	/Users/ronnyworks/code/agentic-foundation/ops/plugins/mint/lib/quote_packet_render.py	extension_plugin
ops/plugins/mint/lib/quote_packet_send.py	foundation-source	Extension/runtime plugin source outside boring spine core.	medium	/Users/ronnyworks/code/agentic-foundation/ops/plugins/mint/lib/quote_packet_send.py	extension_plugin
ops/plugins/mint/lib/quote_packet_source.py	foundation-source	Extension/runtime plugin source outside boring spine core.	medium	/Users/ronnyworks/code/agentic-foundation/ops/plugins/mint/lib/quote_packet_source.py	extension_plugin
ops/plugins/mint/tests/fixtures/quote-flow-e2e/acme-screenprint.evidence.yaml	foundation-source	Extension/runtime plugin source outside boring spine core.	medium	/Users/ronnyworks/code/agentic-foundation/ops/plugins/mint/tests/fixtures/quote-flow-e2e/acme-screenprint.evidence.yaml	extension_plugin
ops/plugins/mint/tests/fixtures/quote-packet-normalize/kennedy.evidence.yaml	foundation-source	Extension/runtime plugin source outside boring spine core.	medium	/Users/ronnyworks/code/agentic-foundation/ops/plugins/mint/tests/fixtures/quote-packet-normalize/kennedy.evidence.yaml	extension_plugin
ops/plugins/mint/tests/fixtures/quote-packet-normalize/lisa-peirce.evidence.yaml	foundation-source	Extension/runtime plugin source outside boring spine core.	medium	/Users/ronnyworks/code/agentic-foundation/ops/plugins/mint/tests/fixtures/quote-packet-normalize/lisa-peirce.evidence.yaml	extension_plugin
ops/plugins/mint/tests/fixtures/quote-packet-normalize/moe-humble-religion.evidence.yaml	foundation-source	Extension/runtime plugin source outside boring spine core.	medium	/Users/ronnyworks/code/agentic-foundation/ops/plugins/mint/tests/fixtures/quote-packet-normalize/moe-humble-religion.evidence.yaml	extension_plugin
ops/plugins/mint/tests/fixtures/quote-price/blocked-clarification.packet.yaml	foundation-source	Extension/runtime plugin source outside boring spine core.	medium	/Users/ronnyworks/code/agentic-foundation/ops/plugins/mint/tests/fixtures/quote-price/blocked-clarification.packet.yaml	extension_plugin
ops/plugins/mint/tests/fixtures/quote-price/blocked-missing-method.packet.yaml	foundation-source	Extension/runtime plugin source outside boring spine core.	medium	/Users/ronnyworks/code/agentic-foundation/ops/plugins/mint/tests/fixtures/quote-price/blocked-missing-method.packet.yaml	extension_plugin
ops/plugins/mint/tests/fixtures/quote-price/ready-warning-shipping.packet.yaml	foundation-source	Extension/runtime plugin source outside boring spine core.	medium	/Users/ronnyworks/code/agentic-foundation/ops/plugins/mint/tests/fixtures/quote-price/ready-warning-shipping.packet.yaml	extension_plugin
ops/plugins/mint/tests/fixtures/quote-promote/approved.packet.yaml	foundation-source	Extension/runtime plugin source outside boring spine core.	medium	/Users/ronnyworks/code/agentic-foundation/ops/plugins/mint/tests/fixtures/quote-promote/approved.packet.yaml	extension_plugin
ops/plugins/mint/tests/fixtures/quote-promote/missing-seed.packet.yaml	foundation-source	Extension/runtime plugin source outside boring spine core.	medium	/Users/ronnyworks/code/agentic-foundation/ops/plugins/mint/tests/fixtures/quote-promote/missing-seed.packet.yaml	extension_plugin
ops/plugins/mint/tests/fixtures/quote-render/blocked-clarification.packet.yaml	foundation-source	Extension/runtime plugin source outside boring spine core.	medium	/Users/ronnyworks/code/agentic-foundation/ops/plugins/mint/tests/fixtures/quote-render/blocked-clarification.packet.yaml	extension_plugin
ops/plugins/mint/tests/fixtures/quote-render/ready-warning-shipping.packet.yaml	foundation-source	Extension/runtime plugin source outside boring spine core.	medium	/Users/ronnyworks/code/agentic-foundation/ops/plugins/mint/tests/fixtures/quote-render/ready-warning-shipping.packet.yaml	extension_plugin
ops/plugins/mint/tests/fixtures/quote-source/blocked-generic.packet.yaml	foundation-source	Extension/runtime plugin source outside boring spine core.	medium	/Users/ronnyworks/code/agentic-foundation/ops/plugins/mint/tests/fixtures/quote-source/blocked-generic.packet.yaml	extension_plugin
ops/plugins/mint/tests/test-quote-generate-payment-link.sh	foundation-source	Extension/runtime plugin source outside boring spine core.	medium	/Users/ronnyworks/code/agentic-foundation/ops/plugins/mint/tests/test-quote-generate-payment-link.sh	extension_plugin
ops/plugins/mint/tests/test-quote-packet-normalize.sh	foundation-source	Extension/runtime plugin source outside boring spine core.	medium	/Users/ronnyworks/code/agentic-foundation/ops/plugins/mint/tests/test-quote-packet-normalize.sh	extension_plugin
ops/plugins/mint/tests/test-quote-price.sh	foundation-source	Extension/runtime plugin source outside boring spine core.	medium	/Users/ronnyworks/code/agentic-foundation/ops/plugins/mint/tests/test-quote-price.sh	extension_plugin
ops/plugins/mint/tests/test-quote-promote.sh	foundation-source	Extension/runtime plugin source outside boring spine core.	medium	/Users/ronnyworks/code/agentic-foundation/ops/plugins/mint/tests/test-quote-promote.sh	extension_plugin
ops/plugins/mint/tests/test-quote-reconcile-payment.sh	foundation-source	Extension/runtime plugin source outside boring spine core.	medium	/Users/ronnyworks/code/agentic-foundation/ops/plugins/mint/tests/test-quote-reconcile-payment.sh	extension_plugin
ops/plugins/mint/tests/test-quote-render.sh	foundation-source	Extension/runtime plugin source outside boring spine core.	medium	/Users/ronnyworks/code/agentic-foundation/ops/plugins/mint/tests/test-quote-render.sh	extension_plugin
ops/plugins/mint/tests/test-quote-resumability.sh	foundation-source	Extension/runtime plugin source outside boring spine core.	medium	/Users/ronnyworks/code/agentic-foundation/ops/plugins/mint/tests/test-quote-resumability.sh	extension_plugin
ops/plugins/mint/tests/test-quote-send.sh	foundation-source	Extension/runtime plugin source outside boring spine core.	medium	/Users/ronnyworks/code/agentic-foundation/ops/plugins/mint/tests/test-quote-send.sh	extension_plugin
ops/plugins/mint/tests/test-quote-source.sh	foundation-source	Extension/runtime plugin source outside boring spine core.	medium	/Users/ronnyworks/code/agentic-foundation/ops/plugins/mint/tests/test-quote-source.sh	extension_plugin
ops/plugins/monolith/bin/monolith-git-status	foundation-source	Extension/runtime plugin source outside boring spine core.	medium	/Users/ronnyworks/code/agentic-foundation/ops/plugins/monolith/bin/monolith-git-status	extension_plugin
ops/plugins/monolith/bin/monolith-search	foundation-source	Extension/runtime plugin source outside boring spine core.	medium	/Users/ronnyworks/code/agentic-foundation/ops/plugins/monolith/bin/monolith-search	extension_plugin
ops/plugins/n8n/bin/n8n-infra-health	foundation-source	Extension/runtime plugin source outside boring spine core.	medium	/Users/ronnyworks/code/agentic-foundation/ops/plugins/n8n/bin/n8n-infra-health	extension_plugin
ops/plugins/n8n/bin/n8n-snapshot-cron	foundation-source	Extension/runtime plugin source outside boring spine core.	medium	/Users/ronnyworks/code/agentic-foundation/ops/plugins/n8n/bin/n8n-snapshot-cron	extension_plugin
ops/plugins/n8n/bin/n8n-snapshot-status	foundation-source	Extension/runtime plugin source outside boring spine core.	medium	/Users/ronnyworks/code/agentic-foundation/ops/plugins/n8n/bin/n8n-snapshot-status	extension_plugin
ops/plugins/n8n/bin/n8n-workflows	foundation-source	Extension/runtime plugin source outside boring spine core.	medium	/Users/ronnyworks/code/agentic-foundation/ops/plugins/n8n/bin/n8n-workflows	extension_plugin
ops/plugins/network/bin/network-ap-facts-capture	foundation-source	Extension/runtime plugin source outside boring spine core.	medium	/Users/ronnyworks/code/agentic-foundation/ops/plugins/network/bin/network-ap-facts-capture	extension_plugin
ops/plugins/network/bin/network-crowdsec-status	foundation-source	Extension/runtime plugin source outside boring spine core.	medium	/Users/ronnyworks/code/agentic-foundation/ops/plugins/network/bin/network-crowdsec-status	extension_plugin
ops/plugins/network/bin/network-cutover-preflight	foundation-source	Extension/runtime plugin source outside boring spine core.	medium	/Users/ronnyworks/code/agentic-foundation/ops/plugins/network/bin/network-cutover-preflight	extension_plugin
ops/plugins/network/bin/network-dns-authority-status	foundation-source	Extension/runtime plugin source outside boring spine core.	medium	/Users/ronnyworks/code/agentic-foundation/ops/plugins/network/bin/network-dns-authority-status	extension_plugin
ops/plugins/network/bin/network-dns-bypass-test	foundation-source	Extension/runtime plugin source outside boring spine core.	medium	/Users/ronnyworks/code/agentic-foundation/ops/plugins/network/bin/network-dns-bypass-test	extension_plugin
ops/plugins/network/bin/network-firewall-audit	foundation-source	Extension/runtime plugin source outside boring spine core.	medium	/Users/ronnyworks/code/agentic-foundation/ops/plugins/network/bin/network-firewall-audit	extension_plugin
ops/plugins/network/bin/network-home-dhcp-audit	foundation-source	Extension/runtime plugin source outside boring spine core.	medium	/Users/ronnyworks/code/agentic-foundation/ops/plugins/network/bin/network-home-dhcp-audit	extension_plugin
ops/plugins/network/bin/network-home-dhcp-dns-set	foundation-source	Extension/runtime plugin source outside boring spine core.	medium	/Users/ronnyworks/code/agentic-foundation/ops/plugins/network/bin/network-home-dhcp-dns-set	extension_plugin
ops/plugins/network/bin/network-home-dhcp-reservation-create	foundation-source	Extension/runtime plugin source outside boring spine core.	medium	/Users/ronnyworks/code/agentic-foundation/ops/plugins/network/bin/network-home-dhcp-reservation-create	extension_plugin
ops/plugins/network/bin/network-home-unifi-clients-snapshot	foundation-source	Extension/runtime plugin source outside boring spine core.	medium	/Users/ronnyworks/code/agentic-foundation/ops/plugins/network/bin/network-home-unifi-clients-snapshot	extension_plugin
ops/plugins/network/bin/network-home-wifi-create	foundation-source	Extension/runtime plugin source outside boring spine core.	medium	/Users/ronnyworks/code/agentic-foundation/ops/plugins/network/bin/network-home-wifi-create	extension_plugin
ops/plugins/network/bin/network-honeypot-status	foundation-source	Extension/runtime plugin source outside boring spine core.	medium	/Users/ronnyworks/code/agentic-foundation/ops/plugins/network/bin/network-honeypot-status	extension_plugin
ops/plugins/network/bin/network-ids-status	foundation-source	Extension/runtime plugin source outside boring spine core.	medium	/Users/ronnyworks/code/agentic-foundation/ops/plugins/network/bin/network-ids-status	extension_plugin
ops/plugins/network/bin/network-inventory-snapshot-build	foundation-source	Extension/runtime plugin source outside boring spine core.	medium	/Users/ronnyworks/code/agentic-foundation/ops/plugins/network/bin/network-inventory-snapshot-build	extension_plugin
ops/plugins/network/bin/network-lan-device-status	foundation-source	Extension/runtime plugin source outside boring spine core.	medium	/Users/ronnyworks/code/agentic-foundation/ops/plugins/network/bin/network-lan-device-status	extension_plugin
ops/plugins/network/bin/network-lan-host-identify	foundation-source	Extension/runtime plugin source outside boring spine core.	medium	/Users/ronnyworks/code/agentic-foundation/ops/plugins/network/bin/network-lan-host-identify	extension_plugin
ops/plugins/network/bin/network-md1400-bind-test	foundation-source	Extension/runtime plugin source outside boring spine core.	medium	/Users/ronnyworks/code/agentic-foundation/ops/plugins/network/bin/network-md1400-bind-test	extension_plugin
ops/plugins/network/bin/network-md1400-pm8072-stage	foundation-source	Extension/runtime plugin source outside boring spine core.	medium	/Users/ronnyworks/code/agentic-foundation/ops/plugins/network/bin/network-md1400-pm8072-stage	extension_plugin
ops/plugins/network/bin/network-nvr-reip-canonical	foundation-source	Extension/runtime plugin source outside boring spine core.	medium	/Users/ronnyworks/code/agentic-foundation/ops/plugins/network/bin/network-nvr-reip-canonical	extension_plugin
ops/plugins/network/bin/network-oob-guard-status	foundation-source	Extension/runtime plugin source outside boring spine core.	medium	/Users/ronnyworks/code/agentic-foundation/ops/plugins/network/bin/network-oob-guard-status	extension_plugin
ops/plugins/network/bin/network-pihole-blocklist-sync	foundation-source	Extension/runtime plugin source outside boring spine core.	medium	/Users/ronnyworks/code/agentic-foundation/ops/plugins/network/bin/network-pihole-blocklist-sync	extension_plugin
ops/plugins/network/bin/network-pve-post-cutover-harden	foundation-source	Extension/runtime plugin source outside boring spine core.	medium	/Users/ronnyworks/code/agentic-foundation/ops/plugins/network/bin/network-pve-post-cutover-harden	extension_plugin
ops/plugins/network/bin/network-shop-audit-canonical	foundation-source	Extension/runtime plugin source outside boring spine core.	medium	/Users/ronnyworks/code/agentic-foundation/ops/plugins/network/bin/network-shop-audit-canonical	extension_plugin
ops/plugins/network/bin/network-shop-audit-status	foundation-source	Extension/runtime plugin source outside boring spine core.	medium	/Users/ronnyworks/code/agentic-foundation/ops/plugins/network/bin/network-shop-audit-status	extension_plugin
ops/plugins/network/bin/network-shop-pihole-normalize	foundation-source	Extension/runtime plugin source outside boring spine core.	medium	/Users/ronnyworks/code/agentic-foundation/ops/plugins/network/bin/network-shop-pihole-normalize	extension_plugin
ops/plugins/network/bin/network-unifi-clients-snapshot	foundation-source	Extension/runtime plugin source outside boring spine core.	medium	/Users/ronnyworks/code/agentic-foundation/ops/plugins/network/bin/network-unifi-clients-snapshot	extension_plugin
ops/plugins/network/bin/network-vlan-status	foundation-source	Extension/runtime plugin source outside boring spine core.	medium	/Users/ronnyworks/code/agentic-foundation/ops/plugins/network/bin/network-vlan-status	extension_plugin
ops/plugins/network/bin/stack-discovery-query	foundation-source	Extension/runtime plugin source outside boring spine core.	medium	/Users/ronnyworks/code/agentic-foundation/ops/plugins/network/bin/stack-discovery-query	extension_plugin
ops/plugins/network/bin/stack-discovery-refresh	foundation-source	Extension/runtime plugin source outside boring spine core.	medium	/Users/ronnyworks/code/agentic-foundation/ops/plugins/network/bin/stack-discovery-refresh	extension_plugin
ops/plugins/network/bin/stack-discovery-sources-add	foundation-source	Extension/runtime plugin source outside boring spine core.	medium	/Users/ronnyworks/code/agentic-foundation/ops/plugins/network/bin/stack-discovery-sources-add	extension_plugin
ops/plugins/observability/bin/__pycache__/finance-ronny-action-queuecpython-314.pyc	runtime-only	Generated bytecode cache.	low	/Users/ronnyworks/code/.runtime/spine-mailroom/caches/finance-ronny-action-queuecpython-314.pyc	generated_cache
ops/plugins/observability/bin/__pycache__/finance-simplefin-sync-statuscpython-314.pyc	runtime-only	Generated bytecode cache.	low	/Users/ronnyworks/code/.runtime/spine-mailroom/caches/finance-simplefin-sync-statuscpython-314.pyc	generated_cache
ops/plugins/observability/bin/automation-stack-latency-status	foundation-source	Extension/runtime plugin source outside boring spine core.	medium	/Users/ronnyworks/code/agentic-foundation/ops/plugins/observability/bin/automation-stack-latency-status	extension_plugin
ops/plugins/observability/bin/finance-cc-benefits-queue-status	foundation-source	Extension/runtime plugin source outside boring spine core.	medium	/Users/ronnyworks/code/agentic-foundation/ops/plugins/observability/bin/finance-cc-benefits-queue-status	extension_plugin
ops/plugins/observability/bin/finance-cc-benefits-refresh	foundation-source	Extension/runtime plugin source outside boring spine core.	medium	/Users/ronnyworks/code/agentic-foundation/ops/plugins/observability/bin/finance-cc-benefits-refresh	extension_plugin
ops/plugins/observability/bin/finance-cc-benefits-reminder-dispatch	foundation-source	Extension/runtime plugin source outside boring spine core.	medium	/Users/ronnyworks/code/agentic-foundation/ops/plugins/observability/bin/finance-cc-benefits-reminder-dispatch	extension_plugin
ops/plugins/observability/bin/finance-cc-benefits-status	foundation-source	Extension/runtime plugin source outside boring spine core.	medium	/Users/ronnyworks/code/agentic-foundation/ops/plugins/observability/bin/finance-cc-benefits-status	extension_plugin
ops/plugins/observability/bin/finance-ronny-action-queue	foundation-source	Extension/runtime plugin source outside boring spine core.	medium	/Users/ronnyworks/code/agentic-foundation/ops/plugins/observability/bin/finance-ronny-action-queue	extension_plugin
ops/plugins/observability/bin/finance-simplefin-sync-status	foundation-source	Extension/runtime plugin source outside boring spine core.	medium	/Users/ronnyworks/code/agentic-foundation/ops/plugins/observability/bin/finance-simplefin-sync-status	extension_plugin
ops/plugins/observability/bin/finance-stack-status	foundation-source	Extension/runtime plugin source outside boring spine core.	medium	/Users/ronnyworks/code/agentic-foundation/ops/plugins/observability/bin/finance-stack-status	extension_plugin
ops/plugins/observability/bin/ghostfolio-portfolio-status	foundation-source	Extension/runtime plugin source outside boring spine core.	medium	/Users/ronnyworks/code/agentic-foundation/ops/plugins/observability/bin/ghostfolio-portfolio-status	extension_plugin
ops/plugins/observability/bin/gitea-status	foundation-source	Extension/runtime plugin source outside boring spine core.	medium	/Users/ronnyworks/code/agentic-foundation/ops/plugins/observability/bin/gitea-status	extension_plugin
ops/plugins/observability/bin/idrac-health-status	foundation-source	Extension/runtime plugin source outside boring spine core.	medium	/Users/ronnyworks/code/agentic-foundation/ops/plugins/observability/bin/idrac-health-status	extension_plugin
ops/plugins/observability/bin/immich-ingest-watch	foundation-source	Extension/runtime plugin source outside boring spine core.	medium	/Users/ronnyworks/code/agentic-foundation/ops/plugins/observability/bin/immich-ingest-watch	extension_plugin
ops/plugins/observability/bin/immich-status	foundation-source	Extension/runtime plugin source outside boring spine core.	medium	/Users/ronnyworks/code/agentic-foundation/ops/plugins/observability/bin/immich-status	extension_plugin
ops/plugins/observability/bin/infra-core-slo-status	foundation-source	Extension/runtime plugin source outside boring spine core.	medium	/Users/ronnyworks/code/agentic-foundation/ops/plugins/observability/bin/infra-core-slo-status	extension_plugin
ops/plugins/observability/bin/nas-health-status	foundation-source	Extension/runtime plugin source outside boring spine core.	medium	/Users/ronnyworks/code/agentic-foundation/ops/plugins/observability/bin/nas-health-status	extension_plugin
ops/plugins/observability/bin/observability-stack-status	foundation-source	Extension/runtime plugin source outside boring spine core.	medium	/Users/ronnyworks/code/agentic-foundation/ops/plugins/observability/bin/observability-stack-status	extension_plugin
ops/plugins/observability/bin/prometheus-targets-status	foundation-source	Extension/runtime plugin source outside boring spine core.	medium	/Users/ronnyworks/code/agentic-foundation/ops/plugins/observability/bin/prometheus-targets-status	extension_plugin
ops/plugins/observability/bin/stability-control-reconcile	foundation-source	Extension/runtime plugin source outside boring spine core.	medium	/Users/ronnyworks/code/agentic-foundation/ops/plugins/observability/bin/stability-control-reconcile	extension_plugin
ops/plugins/observability/bin/stability-control-snapshot	foundation-source	Extension/runtime plugin source outside boring spine core.	medium	/Users/ronnyworks/code/agentic-foundation/ops/plugins/observability/bin/stability-control-snapshot	extension_plugin
ops/plugins/observability/bin/switch-health-status	foundation-source	Extension/runtime plugin source outside boring spine core.	medium	/Users/ronnyworks/code/agentic-foundation/ops/plugins/observability/bin/switch-health-status	extension_plugin
ops/plugins/observability/bin/uptime-kuma-monitors-sync	foundation-source	Extension/runtime plugin source outside boring spine core.	medium	/Users/ronnyworks/code/agentic-foundation/ops/plugins/observability/bin/uptime-kuma-monitors-sync	extension_plugin
ops/plugins/observability/tests/immich-ingest-watch-test.sh	foundation-source	Extension/runtime plugin source outside boring spine core.	medium	/Users/ronnyworks/code/agentic-foundation/ops/plugins/observability/tests/immich-ingest-watch-test.sh	extension_plugin
ops/plugins/observability/tests/observability-smoke-test.sh	foundation-source	Extension/runtime plugin source outside boring spine core.	medium	/Users/ronnyworks/code/agentic-foundation/ops/plugins/observability/tests/observability-smoke-test.sh	extension_plugin
ops/plugins/ops/bin/capability-register	spine-source	Core control-plane plugin surface.	medium	/Users/ronnyworks/code/agentic-spine/ops/plugins/ops/bin/capability-register	control_plane_plugin
ops/plugins/ops/bin/coordinator-lane-closeout	spine-source	Core control-plane plugin surface.	medium	/Users/ronnyworks/code/agentic-spine/ops/plugins/ops/bin/coordinator-lane-closeout	control_plane_plugin
ops/plugins/ops/bin/git-merge-safe	spine-source	Core control-plane plugin surface.	medium	/Users/ronnyworks/code/agentic-spine/ops/plugins/ops/bin/git-merge-safe	control_plane_plugin
ops/plugins/ops/bin/git-stage-commit-scoped	spine-source	Core control-plane plugin surface.	medium	/Users/ronnyworks/code/agentic-spine/ops/plugins/ops/bin/git-stage-commit-scoped	control_plane_plugin
ops/plugins/ops/bin/wave-closeout-finalize	spine-source	Core control-plane plugin surface.	medium	/Users/ronnyworks/code/agentic-spine/ops/plugins/ops/bin/wave-closeout-finalize	control_plane_plugin
ops/plugins/ops/bin/worktree-lease-heartbeat	spine-source	Core control-plane plugin surface.	medium	/Users/ronnyworks/code/agentic-spine/ops/plugins/ops/bin/worktree-lease-heartbeat	control_plane_plugin
ops/plugins/ops/bin/worktree-lifecycle-cleanup	spine-source	Core control-plane plugin surface.	medium	/Users/ronnyworks/code/agentic-spine/ops/plugins/ops/bin/worktree-lifecycle-cleanup	control_plane_plugin
ops/plugins/ops/bin/worktree-lifecycle-reconcile	spine-source	Core control-plane plugin surface.	medium	/Users/ronnyworks/code/agentic-spine/ops/plugins/ops/bin/worktree-lifecycle-reconcile	control_plane_plugin
ops/plugins/ops/bin/worktree-lifecycle-rehydrate	spine-source	Core control-plane plugin surface.	medium	/Users/ronnyworks/code/agentic-spine/ops/plugins/ops/bin/worktree-lifecycle-rehydrate	control_plane_plugin
ops/plugins/ops/bin/worktree-session-status	spine-source	Core control-plane plugin surface.	medium	/Users/ronnyworks/code/agentic-spine/ops/plugins/ops/bin/worktree-session-status	control_plane_plugin
ops/plugins/orchestration/bin/_orchestration-common	spine-source	Core control-plane plugin surface.	medium	/Users/ronnyworks/code/agentic-spine/ops/plugins/orchestration/bin/_orchestration-common	control_plane_plugin
ops/plugins/orchestration/bin/orchestration-handoff-validate	spine-source	Core control-plane plugin surface.	medium	/Users/ronnyworks/code/agentic-spine/ops/plugins/orchestration/bin/orchestration-handoff-validate	control_plane_plugin
ops/plugins/orchestration/bin/orchestration-integrate	spine-source	Core control-plane plugin surface.	medium	/Users/ronnyworks/code/agentic-spine/ops/plugins/orchestration/bin/orchestration-integrate	control_plane_plugin
ops/plugins/orchestration/bin/orchestration-lane	spine-source	Core control-plane plugin surface.	medium	/Users/ronnyworks/code/agentic-spine/ops/plugins/orchestration/bin/orchestration-lane	control_plane_plugin
ops/plugins/orchestration/bin/orchestration-loop-close	spine-source	Core control-plane plugin surface.	medium	/Users/ronnyworks/code/agentic-spine/ops/plugins/orchestration/bin/orchestration-loop-close	control_plane_plugin
ops/plugins/orchestration/bin/orchestration-loop-open	spine-source	Core control-plane plugin surface.	medium	/Users/ronnyworks/code/agentic-spine/ops/plugins/orchestration/bin/orchestration-loop-open	control_plane_plugin
ops/plugins/orchestration/bin/orchestration-preflight-fast	spine-source	Core control-plane plugin surface.	medium	/Users/ronnyworks/code/agentic-spine/ops/plugins/orchestration/bin/orchestration-preflight-fast	control_plane_plugin
ops/plugins/orchestration/bin/orchestration-status	spine-source	Core control-plane plugin surface.	medium	/Users/ronnyworks/code/agentic-spine/ops/plugins/orchestration/bin/orchestration-status	control_plane_plugin
ops/plugins/orchestration/bin/orchestration-terminal-entry	spine-source	Core control-plane plugin surface.	medium	/Users/ronnyworks/code/agentic-spine/ops/plugins/orchestration/bin/orchestration-terminal-entry	control_plane_plugin
ops/plugins/orchestration/bin/orchestration-ticket-issue	spine-source	Core control-plane plugin surface.	medium	/Users/ronnyworks/code/agentic-spine/ops/plugins/orchestration/bin/orchestration-ticket-issue	control_plane_plugin
ops/plugins/orchestration/bin/orchestration-watcher	spine-source	Core control-plane plugin surface.	medium	/Users/ronnyworks/code/agentic-spine/ops/plugins/orchestration/bin/orchestration-watcher	control_plane_plugin
ops/plugins/orchestration/bin/orchestration-wave	spine-source	Core control-plane plugin surface.	medium	/Users/ronnyworks/code/agentic-spine/ops/plugins/orchestration/bin/orchestration-wave	control_plane_plugin
ops/plugins/orchestration/bin/orchestration-wave-kickoff	spine-source	Core control-plane plugin surface.	medium	/Users/ronnyworks/code/agentic-spine/ops/plugins/orchestration/bin/orchestration-wave-kickoff	control_plane_plugin
ops/plugins/orchestration/manifest.schema.yaml	spine-source	Core control-plane plugin surface.	medium	/Users/ronnyworks/code/agentic-spine/ops/plugins/orchestration/manifest.schema.yaml	control_plane_plugin
ops/plugins/orchestration/tests/orchestration-smoke.sh	spine-source	Core control-plane plugin surface.	medium	/Users/ronnyworks/code/agentic-spine/ops/plugins/orchestration/tests/orchestration-smoke.sh	control_plane_plugin
ops/plugins/policy/bin/policy-runtime-audit	foundation-source	Extension/runtime plugin source outside boring spine core.	medium	/Users/ronnyworks/code/agentic-foundation/ops/plugins/policy/bin/policy-runtime-audit	extension_plugin
ops/plugins/proposals/QUICK_START.md	spine-source	Core control-plane plugin surface.	medium	/Users/ronnyworks/code/agentic-spine/ops/plugins/proposals/QUICK_START.md	control_plane_plugin
ops/plugins/proposals/bin/proposals-apply	spine-source	Core control-plane plugin surface.	medium	/Users/ronnyworks/code/agentic-spine/ops/plugins/proposals/bin/proposals-apply	control_plane_plugin
ops/plugins/proposals/bin/proposals-archive	spine-source	Core control-plane plugin surface.	medium	/Users/ronnyworks/code/agentic-spine/ops/plugins/proposals/bin/proposals-archive	control_plane_plugin
ops/plugins/proposals/bin/proposals-list	spine-source	Core control-plane plugin surface.	medium	/Users/ronnyworks/code/agentic-spine/ops/plugins/proposals/bin/proposals-list	control_plane_plugin
ops/plugins/proposals/bin/proposals-reconcile	spine-source	Core control-plane plugin surface.	medium	/Users/ronnyworks/code/agentic-spine/ops/plugins/proposals/bin/proposals-reconcile	control_plane_plugin
ops/plugins/proposals/bin/proposals-status	spine-source	Core control-plane plugin surface.	medium	/Users/ronnyworks/code/agentic-spine/ops/plugins/proposals/bin/proposals-status	control_plane_plugin
ops/plugins/proposals/bin/proposals-submit	spine-source	Core control-plane plugin surface.	medium	/Users/ronnyworks/code/agentic-spine/ops/plugins/proposals/bin/proposals-submit	control_plane_plugin
ops/plugins/proposals/bin/proposals-supersede	spine-source	Core control-plane plugin surface.	medium	/Users/ronnyworks/code/agentic-spine/ops/plugins/proposals/bin/proposals-supersede	control_plane_plugin
ops/plugins/providers/README.md	foundation-source	Extension/runtime plugin source outside boring spine core.	medium	/Users/ronnyworks/code/agentic-foundation/ops/plugins/providers/README.md	extension_plugin
ops/plugins/providers/bin/__pycache__/providers-sync-managed-configscpython-314.pyc	runtime-only	Generated bytecode cache.	low	/Users/ronnyworks/code/.runtime/spine-mailroom/caches/providers-sync-managed-configscpython-314.pyc	generated_cache
ops/plugins/providers/bin/providers-launch-env	foundation-source	Extension/runtime plugin source outside boring spine core.	medium	/Users/ronnyworks/code/agentic-foundation/ops/plugins/providers/bin/providers-launch-env	extension_plugin
ops/plugins/providers/bin/providers-status	foundation-source	Extension/runtime plugin source outside boring spine core.	medium	/Users/ronnyworks/code/agentic-foundation/ops/plugins/providers/bin/providers-status	extension_plugin
ops/plugins/providers/bin/providers-sync-managed-configs	foundation-source	Extension/runtime plugin source outside boring spine core.	medium	/Users/ronnyworks/code/agentic-foundation/ops/plugins/providers/bin/providers-sync-managed-configs	extension_plugin
ops/plugins/providers/lib/__pycache__/provider_orchestration.cpython-314.pyc	runtime-only	Generated bytecode cache.	low	/Users/ronnyworks/code/.runtime/spine-mailroom/caches/provider_orchestration.cpython-314.pyc	generated_cache
ops/plugins/providers/lib/provider_orchestration.py	foundation-source	Extension/runtime plugin source outside boring spine core.	medium	/Users/ronnyworks/code/agentic-foundation/ops/plugins/providers/lib/provider_orchestration.py	extension_plugin
ops/plugins/providers/tests/providers-smoke.sh	foundation-source	Extension/runtime plugin source outside boring spine core.	medium	/Users/ronnyworks/code/agentic-foundation/ops/plugins/providers/tests/providers-smoke.sh	extension_plugin
ops/plugins/rag/bin/anythingllm-tune	foundation-source	Extension/runtime plugin source outside boring spine core.	medium	/Users/ronnyworks/code/agentic-foundation/ops/plugins/rag/bin/anythingllm-tune	extension_plugin
ops/plugins/rag/bin/rag	foundation-source	Extension/runtime plugin source outside boring spine core.	medium	/Users/ronnyworks/code/agentic-foundation/ops/plugins/rag/bin/rag	extension_plugin
ops/plugins/rag/bin/rag-embedding-probe	foundation-source	Extension/runtime plugin source outside boring spine core.	medium	/Users/ronnyworks/code/agentic-foundation/ops/plugins/rag/bin/rag-embedding-probe	extension_plugin
ops/plugins/rag/bin/rag-index-audit	foundation-source	Extension/runtime plugin source outside boring spine core.	medium	/Users/ronnyworks/code/agentic-foundation/ops/plugins/rag/bin/rag-index-audit	extension_plugin
ops/plugins/rag/bin/rag-index-audit-report.py	foundation-source	Extension/runtime plugin source outside boring spine core.	medium	/Users/ronnyworks/code/agentic-foundation/ops/plugins/rag/bin/rag-index-audit-report.py	extension_plugin
ops/plugins/rag/bin/rag-mcp-server	foundation-source	Extension/runtime plugin source outside boring spine core.	medium	/Users/ronnyworks/code/agentic-foundation/ops/plugins/rag/bin/rag-mcp-server	extension_plugin
ops/plugins/rag/bin/rag-reindex-remote-start	foundation-source	Extension/runtime plugin source outside boring spine core.	medium	/Users/ronnyworks/code/agentic-foundation/ops/plugins/rag/bin/rag-reindex-remote-start	extension_plugin
ops/plugins/rag/bin/rag-reindex-remote-status	foundation-source	Extension/runtime plugin source outside boring spine core.	medium	/Users/ronnyworks/code/agentic-foundation/ops/plugins/rag/bin/rag-reindex-remote-status	extension_plugin
ops/plugins/rag/bin/rag-reindex-remote-stop	foundation-source	Extension/runtime plugin source outside boring spine core.	medium	/Users/ronnyworks/code/agentic-foundation/ops/plugins/rag/bin/rag-reindex-remote-stop	extension_plugin
ops/plugins/rag/bin/rag-reindex-remote-verify	foundation-source	Extension/runtime plugin source outside boring spine core.	medium	/Users/ronnyworks/code/agentic-foundation/ops/plugins/rag/bin/rag-reindex-remote-verify	extension_plugin
ops/plugins/rag/bin/rag-reindex-smoke	foundation-source	Extension/runtime plugin source outside boring spine core.	medium	/Users/ronnyworks/code/agentic-foundation/ops/plugins/rag/bin/rag-reindex-smoke	extension_plugin
ops/plugins/rag/bin/rag-remote-dependency-probe	foundation-source	Extension/runtime plugin source outside boring spine core.	medium	/Users/ronnyworks/code/agentic-foundation/ops/plugins/rag/bin/rag-remote-dependency-probe	extension_plugin
ops/plugins/rag/tests/rag-load-shaping-test.sh	foundation-source	Extension/runtime plugin source outside boring spine core.	medium	/Users/ronnyworks/code/agentic-foundation/ops/plugins/rag/tests/rag-load-shaping-test.sh	extension_plugin
ops/plugins/recovery/bin/recovery-capability-commit	foundation-source	Extension/runtime plugin source outside boring spine core.	medium	/Users/ronnyworks/code/agentic-foundation/ops/plugins/recovery/bin/recovery-capability-commit	extension_plugin
ops/plugins/recovery/bin/recovery-capability-retry	foundation-source	Extension/runtime plugin source outside boring spine core.	medium	/Users/ronnyworks/code/agentic-foundation/ops/plugins/recovery/bin/recovery-capability-retry	extension_plugin
ops/plugins/recovery/bin/recovery-dispatch	foundation-source	Extension/runtime plugin source outside boring spine core.	medium	/Users/ronnyworks/code/agentic-foundation/ops/plugins/recovery/bin/recovery-dispatch	extension_plugin
ops/plugins/recovery/bin/recovery-docker-restart	foundation-source	Extension/runtime plugin source outside boring spine core.	medium	/Users/ronnyworks/code/agentic-foundation/ops/plugins/recovery/bin/recovery-docker-restart	extension_plugin
ops/plugins/recovery/bin/recovery-launchd-restart	foundation-source	Extension/runtime plugin source outside boring spine core.	medium	/Users/ronnyworks/code/agentic-foundation/ops/plugins/recovery/bin/recovery-launchd-restart	extension_plugin
ops/plugins/recovery/bin/recovery-status	foundation-source	Extension/runtime plugin source outside boring spine core.	medium	/Users/ronnyworks/code/agentic-foundation/ops/plugins/recovery/bin/recovery-status	extension_plugin
ops/plugins/recovery/lib/recovery-safety.sh	foundation-source	Extension/runtime plugin source outside boring spine core.	medium	/Users/ronnyworks/code/agentic-foundation/ops/plugins/recovery/lib/recovery-safety.sh	extension_plugin
ops/plugins/recovery/state/.gitkeep	runtime-only	Plugin-generated runtime state.	medium	/Users/ronnyworks/code/.runtime/spine-mailroom/ops-plugin-state/recovery/state/.gitkeep	plugin_generated_state
ops/plugins/release/bin/spine-release-zip	foundation-source	Extension/runtime plugin source outside boring spine core.	medium	/Users/ronnyworks/code/agentic-foundation/ops/plugins/release/bin/spine-release-zip	extension_plugin
ops/plugins/secrets/bin/secrets-auth-load	foundation-source	Extension/runtime plugin source outside boring spine core.	medium	/Users/ronnyworks/code/agentic-foundation/ops/plugins/secrets/bin/secrets-auth-load	extension_plugin
ops/plugins/secrets/bin/secrets-auth-status	foundation-source	Extension/runtime plugin source outside boring spine core.	medium	/Users/ronnyworks/code/agentic-foundation/ops/plugins/secrets/bin/secrets-auth-status	extension_plugin
ops/plugins/secrets/bin/secrets-binding	foundation-source	Extension/runtime plugin source outside boring spine core.	medium	/Users/ronnyworks/code/agentic-foundation/ops/plugins/secrets/bin/secrets-binding	extension_plugin
ops/plugins/secrets/bin/secrets-bundle-apply	foundation-source	Extension/runtime plugin source outside boring spine core.	medium	/Users/ronnyworks/code/agentic-foundation/ops/plugins/secrets/bin/secrets-bundle-apply	extension_plugin
ops/plugins/secrets/bin/secrets-cli-status	foundation-source	Extension/runtime plugin source outside boring spine core.	medium	/Users/ronnyworks/code/agentic-foundation/ops/plugins/secrets/bin/secrets-cli-status	extension_plugin
ops/plugins/secrets/bin/secrets-cohort-copy-first	foundation-source	Extension/runtime plugin source outside boring spine core.	medium	/Users/ronnyworks/code/agentic-foundation/ops/plugins/secrets/bin/secrets-cohort-copy-first	extension_plugin
ops/plugins/secrets/bin/secrets-credentials-parity	foundation-source	Extension/runtime plugin source outside boring spine core.	medium	/Users/ronnyworks/code/agentic-foundation/ops/plugins/secrets/bin/secrets-credentials-parity	extension_plugin
ops/plugins/secrets/bin/secrets-enforcement-status	foundation-source	Extension/runtime plugin source outside boring spine core.	medium	/Users/ronnyworks/code/agentic-foundation/ops/plugins/secrets/bin/secrets-enforcement-status	extension_plugin
ops/plugins/secrets/bin/secrets-exec	foundation-source	Extension/runtime plugin source outside boring spine core.	medium	/Users/ronnyworks/code/agentic-foundation/ops/plugins/secrets/bin/secrets-exec	extension_plugin
ops/plugins/secrets/bin/secrets-identity-rbac-lock	foundation-source	Extension/runtime plugin source outside boring spine core.	medium	/Users/ronnyworks/code/agentic-foundation/ops/plugins/secrets/bin/secrets-identity-rbac-lock	extension_plugin
ops/plugins/secrets/bin/secrets-identity-rbac-status	foundation-source	Extension/runtime plugin source outside boring spine core.	medium	/Users/ronnyworks/code/agentic-foundation/ops/plugins/secrets/bin/secrets-identity-rbac-status	extension_plugin
ops/plugins/secrets/bin/secrets-inventory-status	foundation-source	Extension/runtime plugin source outside boring spine core.	medium	/Users/ronnyworks/code/agentic-foundation/ops/plugins/secrets/bin/secrets-inventory-status	extension_plugin
ops/plugins/secrets/bin/secrets-namespace-status	foundation-source	Extension/runtime plugin source outside boring spine core.	medium	/Users/ronnyworks/code/agentic-foundation/ops/plugins/secrets/bin/secrets-namespace-status	extension_plugin
ops/plugins/secrets/bin/secrets-p1-root-cleanup	foundation-source	Extension/runtime plugin source outside boring spine core.	medium	/Users/ronnyworks/code/agentic-foundation/ops/plugins/secrets/bin/secrets-p1-root-cleanup	extension_plugin
ops/plugins/secrets/bin/secrets-projects-status	foundation-source	Extension/runtime plugin source outside boring spine core.	medium	/Users/ronnyworks/code/agentic-foundation/ops/plugins/secrets/bin/secrets-projects-status	extension_plugin
ops/plugins/secrets/bin/secrets-runway-status	foundation-source	Extension/runtime plugin source outside boring spine core.	medium	/Users/ronnyworks/code/agentic-foundation/ops/plugins/secrets/bin/secrets-runway-status	extension_plugin
ops/plugins/secrets/bin/secrets-set-interactive	foundation-source	Extension/runtime plugin source outside boring spine core.	medium	/Users/ronnyworks/code/agentic-foundation/ops/plugins/secrets/bin/secrets-set-interactive	extension_plugin
ops/plugins/secrets/bin/secrets-status	foundation-source	Extension/runtime plugin source outside boring spine core.	medium	/Users/ronnyworks/code/agentic-foundation/ops/plugins/secrets/bin/secrets-status	extension_plugin
ops/plugins/secrets/bin/secrets-tier1-writeproof-status	foundation-source	Extension/runtime plugin source outside boring spine core.	medium	/Users/ronnyworks/code/agentic-foundation/ops/plugins/secrets/bin/secrets-tier1-writeproof-status	extension_plugin
ops/plugins/secrets/bin/secrets-writeproof-gitea	foundation-source	Extension/runtime plugin source outside boring spine core.	medium	/Users/ronnyworks/code/agentic-foundation/ops/plugins/secrets/bin/secrets-writeproof-gitea	extension_plugin
ops/plugins/secrets/bin/secrets-writeproof-ha	foundation-source	Extension/runtime plugin source outside boring spine core.	medium	/Users/ronnyworks/code/agentic-foundation/ops/plugins/secrets/bin/secrets-writeproof-ha	extension_plugin
ops/plugins/secrets/bin/secrets-writeproof-paperless	foundation-source	Extension/runtime plugin source outside boring spine core.	medium	/Users/ronnyworks/code/agentic-foundation/ops/plugins/secrets/bin/secrets-writeproof-paperless	extension_plugin
ops/plugins/secrets/bin/secrets-writeproof-tailscale	foundation-source	Extension/runtime plugin source outside boring spine core.	medium	/Users/ronnyworks/code/agentic-foundation/ops/plugins/secrets/bin/secrets-writeproof-tailscale	extension_plugin
ops/plugins/services/bin/services-health-status	foundation-source	Extension/runtime plugin source outside boring spine core.	medium	/Users/ronnyworks/code/agentic-foundation/ops/plugins/services/bin/services-health-status	extension_plugin
ops/plugins/session/bin/session-role-override	spine-source	Core control-plane plugin surface.	medium	/Users/ronnyworks/code/agentic-spine/ops/plugins/session/bin/session-role-override	control_plane_plugin
ops/plugins/session/bin/session-start	spine-source	Core control-plane plugin surface.	medium	/Users/ronnyworks/code/agentic-spine/ops/plugins/session/bin/session-start	control_plane_plugin
ops/plugins/session/bin/spine-doctor	spine-source	Core control-plane plugin surface.	medium	/Users/ronnyworks/code/agentic-spine/ops/plugins/session/bin/spine-doctor	control_plane_plugin
ops/plugins/session/bin/spine-init	spine-source	Core control-plane plugin surface.	medium	/Users/ronnyworks/code/agentic-spine/ops/plugins/session/bin/spine-init	control_plane_plugin
ops/plugins/session/bin/terminal-contract-status	spine-source	Core control-plane plugin surface.	medium	/Users/ronnyworks/code/agentic-spine/ops/plugins/session/bin/terminal-contract-status	control_plane_plugin
ops/plugins/session/bin/terminal-heartbeat-post	spine-source	Core control-plane plugin surface.	medium	/Users/ronnyworks/code/agentic-spine/ops/plugins/session/bin/terminal-heartbeat-post	control_plane_plugin
ops/plugins/session/bin/terminal-scope-status	spine-source	Core control-plane plugin surface.	medium	/Users/ronnyworks/code/agentic-spine/ops/plugins/session/bin/terminal-scope-status	control_plane_plugin
ops/plugins/share/bin/share-publish-apply	foundation-source	Extension/runtime plugin source outside boring spine core.	medium	/Users/ronnyworks/code/agentic-foundation/ops/plugins/share/bin/share-publish-apply	extension_plugin
ops/plugins/share/bin/share-publish-preflight	foundation-source	Extension/runtime plugin source outside boring spine core.	medium	/Users/ronnyworks/code/agentic-foundation/ops/plugins/share/bin/share-publish-preflight	extension_plugin
ops/plugins/share/bin/share-publish-preview	foundation-source	Extension/runtime plugin source outside boring spine core.	medium	/Users/ronnyworks/code/agentic-foundation/ops/plugins/share/bin/share-publish-preview	extension_plugin
ops/plugins/share/bin/share-publish-status	foundation-source	Extension/runtime plugin source outside boring spine core.	medium	/Users/ronnyworks/code/agentic-foundation/ops/plugins/share/bin/share-publish-status	extension_plugin
ops/plugins/slo/bin/slo-evidence-daily	foundation-source	Extension/runtime plugin source outside boring spine core.	medium	/Users/ronnyworks/code/agentic-foundation/ops/plugins/slo/bin/slo-evidence-daily	extension_plugin
ops/plugins/snapshot/bin/snapshot-projection-apply	foundation-source	Extension/runtime plugin source outside boring spine core.	medium	/Users/ronnyworks/code/agentic-foundation/ops/plugins/snapshot/bin/snapshot-projection-apply	extension_plugin
ops/plugins/ssh/bin/ssh-target-status	foundation-source	Extension/runtime plugin source outside boring spine core.	medium	/Users/ronnyworks/code/agentic-foundation/ops/plugins/ssh/bin/ssh-target-status	extension_plugin
ops/plugins/surface/bin/surface-boundary-audit	spine-source	Core control-plane plugin surface.	medium	/Users/ronnyworks/code/agentic-spine/ops/plugins/surface/bin/surface-boundary-audit	control_plane_plugin
ops/plugins/surface/bin/surface-boundary-reconcile-plan	spine-source	Core control-plane plugin surface.	medium	/Users/ronnyworks/code/agentic-spine/ops/plugins/surface/bin/surface-boundary-reconcile-plan	control_plane_plugin
ops/plugins/surface/bin/surface-readonly-audit	spine-source	Core control-plane plugin surface.	medium	/Users/ronnyworks/code/agentic-spine/ops/plugins/surface/bin/surface-readonly-audit	control_plane_plugin
ops/plugins/surveillance/bin/ha-surveillance-status	foundation-source	Extension/runtime plugin source outside boring spine core.	medium	/Users/ronnyworks/code/agentic-foundation/ops/plugins/surveillance/bin/ha-surveillance-status	extension_plugin
ops/plugins/surveillance/bin/surveillance-event-query	foundation-source	Extension/runtime plugin source outside boring spine core.	medium	/Users/ronnyworks/code/agentic-foundation/ops/plugins/surveillance/bin/surveillance-event-query	extension_plugin
ops/plugins/surveillance/bin/surveillance-stack-status	foundation-source	Extension/runtime plugin source outside boring spine core.	medium	/Users/ronnyworks/code/agentic-foundation/ops/plugins/surveillance/bin/surveillance-stack-status	extension_plugin
ops/plugins/tailscale/bin/tailscale-acl-apply	foundation-source	Extension/runtime plugin source outside boring spine core.	medium	/Users/ronnyworks/code/agentic-foundation/ops/plugins/tailscale/bin/tailscale-acl-apply	extension_plugin
ops/plugins/tailscale/bin/tailscale-acl-debug	foundation-source	Extension/runtime plugin source outside boring spine core.	medium	/Users/ronnyworks/code/agentic-foundation/ops/plugins/tailscale/bin/tailscale-acl-debug	extension_plugin
ops/plugins/tailscale/bin/tailscale-acl-status	foundation-source	Extension/runtime plugin source outside boring spine core.	medium	/Users/ronnyworks/code/agentic-foundation/ops/plugins/tailscale/bin/tailscale-acl-status	extension_plugin
ops/plugins/tailscale/bin/tailscale-acl-validate	foundation-source	Extension/runtime plugin source outside boring spine core.	medium	/Users/ronnyworks/code/agentic-foundation/ops/plugins/tailscale/bin/tailscale-acl-validate	extension_plugin
ops/plugins/tailscale/bin/tailscale-audit-status	foundation-source	Extension/runtime plugin source outside boring spine core.	medium	/Users/ronnyworks/code/agentic-foundation/ops/plugins/tailscale/bin/tailscale-audit-status	extension_plugin
ops/plugins/tailscale/bin/tailscale-integration-status	foundation-source	Extension/runtime plugin source outside boring spine core.	medium	/Users/ronnyworks/code/agentic-foundation/ops/plugins/tailscale/bin/tailscale-integration-status	extension_plugin
ops/plugins/tailscale/bin/tailscale-tag-apply	foundation-source	Extension/runtime plugin source outside boring spine core.	medium	/Users/ronnyworks/code/agentic-foundation/ops/plugins/tailscale/bin/tailscale-tag-apply	extension_plugin
ops/plugins/tailscale/bin/tailscale-webhook-subscribe	foundation-source	Extension/runtime plugin source outside boring spine core.	medium	/Users/ronnyworks/code/agentic-foundation/ops/plugins/tailscale/bin/tailscale-webhook-subscribe	extension_plugin
ops/plugins/taxlegal/bin/taxlegal-case-intake	foundation-source	Extension/runtime plugin source outside boring spine core.	medium	/Users/ronnyworks/code/agentic-foundation/ops/plugins/taxlegal/bin/taxlegal-case-intake	extension_plugin
ops/plugins/taxlegal/bin/taxlegal-case-status	foundation-source	Extension/runtime plugin source outside boring spine core.	medium	/Users/ronnyworks/code/agentic-foundation/ops/plugins/taxlegal/bin/taxlegal-case-status	extension_plugin
ops/plugins/taxlegal/bin/taxlegal-deadlines-refresh	foundation-source	Extension/runtime plugin source outside boring spine core.	medium	/Users/ronnyworks/code/agentic-foundation/ops/plugins/taxlegal/bin/taxlegal-deadlines-refresh	extension_plugin
ops/plugins/taxlegal/bin/taxlegal-deadlines-status	foundation-source	Extension/runtime plugin source outside boring spine core.	medium	/Users/ronnyworks/code/agentic-foundation/ops/plugins/taxlegal/bin/taxlegal-deadlines-status	extension_plugin
ops/plugins/taxlegal/bin/taxlegal-packet-generate	foundation-source	Extension/runtime plugin source outside boring spine core.	medium	/Users/ronnyworks/code/agentic-foundation/ops/plugins/taxlegal/bin/taxlegal-packet-generate	extension_plugin
ops/plugins/taxlegal/bin/taxlegal-research-answer	foundation-source	Extension/runtime plugin source outside boring spine core.	medium	/Users/ronnyworks/code/agentic-foundation/ops/plugins/taxlegal/bin/taxlegal-research-answer	extension_plugin
ops/plugins/taxlegal/bin/taxlegal-source-ingest	foundation-source	Extension/runtime plugin source outside boring spine core.	medium	/Users/ronnyworks/code/agentic-foundation/ops/plugins/taxlegal/bin/taxlegal-source-ingest	extension_plugin
ops/plugins/taxlegal/bin/taxlegal-source-recall	foundation-source	Extension/runtime plugin source outside boring spine core.	medium	/Users/ronnyworks/code/agentic-foundation/ops/plugins/taxlegal/bin/taxlegal-source-recall	extension_plugin
ops/plugins/tenant/bin/stabilization-mode-status	foundation-source	Extension/runtime plugin source outside boring spine core.	medium	/Users/ronnyworks/code/agentic-foundation/ops/plugins/tenant/bin/stabilization-mode-status	extension_plugin
ops/plugins/tenant/bin/tenant-profile-validate	foundation-source	Extension/runtime plugin source outside boring spine core.	medium	/Users/ronnyworks/code/agentic-foundation/ops/plugins/tenant/bin/tenant-profile-validate	extension_plugin
ops/plugins/tenant/bin/tenant-provision-dry-run	foundation-source	Extension/runtime plugin source outside boring spine core.	medium	/Users/ronnyworks/code/agentic-foundation/ops/plugins/tenant/bin/tenant-provision-dry-run	extension_plugin
ops/plugins/tenant/bin/tenant-storage-audit	foundation-source	Extension/runtime plugin source outside boring spine core.	medium	/Users/ronnyworks/code/agentic-foundation/ops/plugins/tenant/bin/tenant-storage-audit	extension_plugin
ops/plugins/tenant/tests/tenant-profile-validate-test.sh	foundation-source	Extension/runtime plugin source outside boring spine core.	medium	/Users/ronnyworks/code/agentic-foundation/ops/plugins/tenant/tests/tenant-profile-validate-test.sh	extension_plugin
ops/plugins/vaultwarden/bin/vaultwarden-backup-verify	foundation-source	Extension/runtime plugin source outside boring spine core.	medium	/Users/ronnyworks/code/agentic-foundation/ops/plugins/vaultwarden/bin/vaultwarden-backup-verify	extension_plugin
ops/plugins/vaultwarden/bin/vaultwarden-bw	foundation-source	Extension/runtime plugin source outside boring spine core.	medium	/Users/ronnyworks/code/agentic-foundation/ops/plugins/vaultwarden/bin/vaultwarden-bw	extension_plugin
ops/plugins/vaultwarden/bin/vaultwarden-cleanup-window	foundation-source	Extension/runtime plugin source outside boring spine core.	medium	/Users/ronnyworks/code/agentic-foundation/ops/plugins/vaultwarden/bin/vaultwarden-cleanup-window	extension_plugin
ops/plugins/vaultwarden/bin/vaultwarden-cli-auth-bootstrap	foundation-source	Extension/runtime plugin source outside boring spine core.	medium	/Users/ronnyworks/code/agentic-foundation/ops/plugins/vaultwarden/bin/vaultwarden-cli-auth-bootstrap	extension_plugin
ops/plugins/vaultwarden/bin/vaultwarden-cli-auth-status	foundation-source	Extension/runtime plugin source outside boring spine core.	medium	/Users/ronnyworks/code/agentic-foundation/ops/plugins/vaultwarden/bin/vaultwarden-cli-auth-status	extension_plugin
ops/plugins/vaultwarden/bin/vaultwarden-hygiene-weekly	foundation-source	Extension/runtime plugin source outside boring spine core.	medium	/Users/ronnyworks/code/agentic-foundation/ops/plugins/vaultwarden/bin/vaultwarden-hygiene-weekly	extension_plugin
ops/plugins/vaultwarden/bin/vaultwarden-item-list	foundation-source	Extension/runtime plugin source outside boring spine core.	medium	/Users/ronnyworks/code/agentic-foundation/ops/plugins/vaultwarden/bin/vaultwarden-item-list	extension_plugin
ops/plugins/vaultwarden/bin/vaultwarden-reconcile-apply	foundation-source	Extension/runtime plugin source outside boring spine core.	medium	/Users/ronnyworks/code/agentic-foundation/ops/plugins/vaultwarden/bin/vaultwarden-reconcile-apply	extension_plugin
ops/plugins/vaultwarden/bin/vaultwarden-reconcile-report	foundation-source	Extension/runtime plugin source outside boring spine core.	medium	/Users/ronnyworks/code/agentic-foundation/ops/plugins/vaultwarden/bin/vaultwarden-reconcile-report	extension_plugin
ops/plugins/vaultwarden/bin/vaultwarden-uri-audit	foundation-source	Extension/runtime plugin source outside boring spine core.	medium	/Users/ronnyworks/code/agentic-foundation/ops/plugins/vaultwarden/bin/vaultwarden-uri-audit	extension_plugin
ops/plugins/vaultwarden/bin/vaultwarden-uri-healthcheck	foundation-source	Extension/runtime plugin source outside boring spine core.	medium	/Users/ronnyworks/code/agentic-foundation/ops/plugins/vaultwarden/bin/vaultwarden-uri-healthcheck	extension_plugin
ops/plugins/vaultwarden/bin/vaultwarden-vault-audit	foundation-source	Extension/runtime plugin source outside boring spine core.	medium	/Users/ronnyworks/code/agentic-foundation/ops/plugins/vaultwarden/bin/vaultwarden-vault-audit	extension_plugin
ops/plugins/vaultwarden/lib/proxy-session.sh	foundation-source	Extension/runtime plugin source outside boring spine core.	medium	/Users/ronnyworks/code/agentic-foundation/ops/plugins/vaultwarden/lib/proxy-session.sh	extension_plugin
ops/plugins/vaultwarden/lib/scope-proxy.py	foundation-source	Extension/runtime plugin source outside boring spine core.	medium	/Users/ronnyworks/code/agentic-foundation/ops/plugins/vaultwarden/lib/scope-proxy.py	extension_plugin
ops/plugins/verify/bin/__pycache__/gate-budget-add-one-retire-one-reportcpython-314.pyc	runtime-only	Generated bytecode cache.	low	/Users/ronnyworks/code/.runtime/spine-mailroom/caches/gate-budget-add-one-retire-one-reportcpython-314.pyc	generated_cache
ops/plugins/verify/bin/__pycache__/gate-portfolio-recommendationscpython-314.pyc	runtime-only	Generated bytecode cache.	low	/Users/ronnyworks/code/.runtime/spine-mailroom/caches/gate-portfolio-recommendationscpython-314.pyc	generated_cache
ops/plugins/verify/bin/__pycache__/gate-quality-scorecardcpython-314.pyc	runtime-only	Generated bytecode cache.	low	/Users/ronnyworks/code/.runtime/spine-mailroom/caches/gate-quality-scorecardcpython-314.pyc	generated_cache
ops/plugins/verify/bin/__pycache__/outcome-slo-reportcpython-314.pyc	runtime-only	Generated bytecode cache.	low	/Users/ronnyworks/code/.runtime/spine-mailroom/caches/outcome-slo-reportcpython-314.pyc	generated_cache
ops/plugins/verify/bin/__pycache__/slo-reportcpython-314.pyc	runtime-only	Generated bytecode cache.	low	/Users/ronnyworks/code/.runtime/spine-mailroom/caches/slo-reportcpython-314.pyc	generated_cache
ops/plugins/verify/bin/__pycache__/verify-freshness-reconcilecpython-314.pyc	runtime-only	Generated bytecode cache.	low	/Users/ronnyworks/code/.runtime/spine-mailroom/caches/verify-freshness-reconcilecpython-314.pyc	generated_cache
ops/plugins/verify/bin/bash-mapfile-compat.sh	spine-source	Core control-plane plugin surface.	medium	/Users/ronnyworks/code/agentic-spine/ops/plugins/verify/bin/bash-mapfile-compat.sh	control_plane_plugin
ops/plugins/verify/bin/calendar-surface-audit	spine-source	Core control-plane plugin surface.	medium	/Users/ronnyworks/code/agentic-spine/ops/plugins/verify/bin/calendar-surface-audit	control_plane_plugin
ops/plugins/verify/bin/domain-onboard-new	spine-source	Core control-plane plugin surface.	medium	/Users/ronnyworks/code/agentic-spine/ops/plugins/verify/bin/domain-onboard-new	control_plane_plugin
ops/plugins/verify/bin/drift-gates-certify	spine-source	Core control-plane plugin surface.	medium	/Users/ronnyworks/code/agentic-spine/ops/plugins/verify/bin/drift-gates-certify	control_plane_plugin
ops/plugins/verify/bin/drift-gates-failure-stats	spine-source	Core control-plane plugin surface.	medium	/Users/ronnyworks/code/agentic-spine/ops/plugins/verify/bin/drift-gates-failure-stats	control_plane_plugin
ops/plugins/verify/bin/gate-budget-add-one-retire-one-report	spine-source	Core control-plane plugin surface.	medium	/Users/ronnyworks/code/agentic-spine/ops/plugins/verify/bin/gate-budget-add-one-retire-one-report	control_plane_plugin
ops/plugins/verify/bin/gate-id-allocate	spine-source	Core control-plane plugin surface.	medium	/Users/ronnyworks/code/agentic-spine/ops/plugins/verify/bin/gate-id-allocate	control_plane_plugin
ops/plugins/verify/bin/gate-mutation-trailers	spine-source	Core control-plane plugin surface.	medium	/Users/ronnyworks/code/agentic-spine/ops/plugins/verify/bin/gate-mutation-trailers	control_plane_plugin
ops/plugins/verify/bin/gate-portfolio-budget-report	spine-source	Core control-plane plugin surface.	medium	/Users/ronnyworks/code/agentic-spine/ops/plugins/verify/bin/gate-portfolio-budget-report	control_plane_plugin
ops/plugins/verify/bin/gate-portfolio-recommendations	spine-source	Core control-plane plugin surface.	medium	/Users/ronnyworks/code/agentic-spine/ops/plugins/verify/bin/gate-portfolio-recommendations	control_plane_plugin
ops/plugins/verify/bin/gate-quality-scorecard	spine-source	Core control-plane plugin surface.	medium	/Users/ronnyworks/code/agentic-spine/ops/plugins/verify/bin/gate-quality-scorecard	control_plane_plugin
ops/plugins/verify/bin/gate-registry-add	spine-source	Core control-plane plugin surface.	medium	/Users/ronnyworks/code/agentic-spine/ops/plugins/verify/bin/gate-registry-add	control_plane_plugin
ops/plugins/verify/bin/gate-registry-update	spine-source	Core control-plane plugin surface.	medium	/Users/ronnyworks/code/agentic-spine/ops/plugins/verify/bin/gate-registry-update	control_plane_plugin
ops/plugins/verify/bin/gate-topology-assign	spine-source	Core control-plane plugin surface.	medium	/Users/ronnyworks/code/agentic-spine/ops/plugins/verify/bin/gate-topology-assign	control_plane_plugin
ops/plugins/verify/bin/gate-topology-validate	spine-source	Core control-plane plugin surface.	medium	/Users/ronnyworks/code/agentic-spine/ops/plugins/verify/bin/gate-topology-validate	control_plane_plugin
ops/plugins/verify/bin/lean-budget-check	spine-source	Core control-plane plugin surface.	medium	/Users/ronnyworks/code/agentic-spine/ops/plugins/verify/bin/lean-budget-check	control_plane_plugin
ops/plugins/verify/bin/lean-scorecard	spine-source	Core control-plane plugin surface.	medium	/Users/ronnyworks/code/agentic-spine/ops/plugins/verify/bin/lean-scorecard	control_plane_plugin
ops/plugins/verify/bin/outcome-slo-report	spine-source	Core control-plane plugin surface.	medium	/Users/ronnyworks/code/agentic-spine/ops/plugins/verify/bin/outcome-slo-report	control_plane_plugin
ops/plugins/verify/bin/policy-autotune-propose	spine-source	Core control-plane plugin surface.	medium	/Users/ronnyworks/code/agentic-spine/ops/plugins/verify/bin/policy-autotune-propose	control_plane_plugin
ops/plugins/verify/bin/policy-autotune-weekly	spine-source	Core control-plane plugin surface.	medium	/Users/ronnyworks/code/agentic-spine/ops/plugins/verify/bin/policy-autotune-weekly	control_plane_plugin
ops/plugins/verify/bin/schema-conventions-audit	spine-source	Core control-plane plugin surface.	medium	/Users/ronnyworks/code/agentic-spine/ops/plugins/verify/bin/schema-conventions-audit	control_plane_plugin
ops/plugins/verify/bin/slo-report	spine-source	Core control-plane plugin surface.	medium	/Users/ronnyworks/code/agentic-spine/ops/plugins/verify/bin/slo-report	control_plane_plugin
ops/plugins/verify/bin/surface-audit-full	spine-source	Core control-plane plugin surface.	medium	/Users/ronnyworks/code/agentic-spine/ops/plugins/verify/bin/surface-audit-full	control_plane_plugin
ops/plugins/verify/bin/verify-failure-classify	spine-source	Core control-plane plugin surface.	medium	/Users/ronnyworks/code/agentic-spine/ops/plugins/verify/bin/verify-failure-classify	control_plane_plugin
ops/plugins/verify/bin/verify-freshness-reconcile	spine-source	Core control-plane plugin surface.	medium	/Users/ronnyworks/code/agentic-spine/ops/plugins/verify/bin/verify-freshness-reconcile	control_plane_plugin
ops/plugins/verify/bin/verify-pack	spine-source	Core control-plane plugin surface.	medium	/Users/ronnyworks/code/agentic-spine/ops/plugins/verify/bin/verify-pack	control_plane_plugin
ops/plugins/verify/bin/verify-response-loop	spine-source	Core control-plane plugin surface.	medium	/Users/ronnyworks/code/agentic-spine/ops/plugins/verify/bin/verify-response-loop	control_plane_plugin
ops/plugins/verify/bin/verify-run	spine-source	Core control-plane plugin surface.	medium	/Users/ronnyworks/code/agentic-spine/ops/plugins/verify/bin/verify-run	control_plane_plugin
ops/plugins/verify/bin/verify-topology	spine-source	Core control-plane plugin surface.	medium	/Users/ronnyworks/code/agentic-spine/ops/plugins/verify/bin/verify-topology	control_plane_plugin
ops/plugins/verify/bin/vertical-integration-parity-status	spine-source	Core control-plane plugin surface.	medium	/Users/ronnyworks/code/agentic-spine/ops/plugins/verify/bin/vertical-integration-parity-status	control_plane_plugin
ops/plugins/verify/bin/workbench-budget-regression-lock	spine-source	Core control-plane plugin surface.	medium	/Users/ronnyworks/code/agentic-spine/ops/plugins/verify/bin/workbench-budget-regression-lock	control_plane_plugin
ops/plugins/verify/bin/workbench-impl-audit	spine-source	Core control-plane plugin surface.	medium	/Users/ronnyworks/code/agentic-spine/ops/plugins/verify/bin/workbench-impl-audit	control_plane_plugin
ops/plugins/verify/state/.keep	runtime-only	Plugin-generated state file.	medium	/Users/ronnyworks/code/.runtime/spine-mailroom/ops-plugin-state/verify/state/.keep	plugin_generated_state
ops/plugins/verify/state/gate-pass-streak.json	runtime-only	Plugin-generated state file.	medium	/Users/ronnyworks/code/.runtime/spine-mailroom/ops-plugin-state/verify/state/gate-pass-streak.json	plugin_generated_state
ops/plugins/verify/state/verify-failure-class-history.ndjson	runtime-only	Plugin-generated state file.	medium	/Users/ronnyworks/code/.runtime/spine-mailroom/ops-plugin-state/verify/state/verify-failure-class-history.ndjson	plugin_generated_state
ops/plugins/verify/tests/test-drift-gates-certify-domain.sh	spine-source	Core control-plane plugin surface.	medium	/Users/ronnyworks/code/agentic-spine/ops/plugins/verify/tests/test-drift-gates-certify-domain.sh	control_plane_plugin
ops/plugins/verify/tests/test-gate-mutation-trailers.sh	spine-source	Core control-plane plugin surface.	medium	/Users/ronnyworks/code/agentic-spine/ops/plugins/verify/tests/test-gate-mutation-trailers.sh	control_plane_plugin
ops/plugins/verify/tests/test-verify-topology-recommend.sh	spine-source	Core control-plane plugin surface.	medium	/Users/ronnyworks/code/agentic-spine/ops/plugins/verify/tests/test-verify-topology-recommend.sh	control_plane_plugin
ops/plugins/version/bin/version-compat-verify	spine-source	Core control-plane plugin surface.	medium	/Users/ronnyworks/code/agentic-spine/ops/plugins/version/bin/version-compat-verify	control_plane_plugin
ops/plugins/vm/bin/vm-governance-audit	foundation-source	Extension/runtime plugin source outside boring spine core.	medium	/Users/ronnyworks/code/agentic-foundation/ops/plugins/vm/bin/vm-governance-audit	extension_plugin
ops/plugins/vm/bin/vm-lifecycle-derived-check	foundation-source	Extension/runtime plugin source outside boring spine core.	medium	/Users/ronnyworks/code/agentic-foundation/ops/plugins/vm/bin/vm-lifecycle-derived-check	extension_plugin
ops/plugins/vm/bin/vm-profile-audit	foundation-source	Extension/runtime plugin source outside boring spine core.	medium	/Users/ronnyworks/code/agentic-foundation/ops/plugins/vm/bin/vm-profile-audit	extension_plugin
ops/plugins/work-index/bin/work-index	spine-source	Core control-plane plugin surface.	medium	/Users/ronnyworks/code/agentic-spine/ops/plugins/work-index/bin/work-index	control_plane_plugin
ops/profiles/minimal.yaml	spine-source	Product profile contract.	medium	/Users/ronnyworks/code/agentic-spine/ops/profiles/minimal.yaml	tenant_profile
ops/profiles/product.yaml	spine-source	Product profile contract.	medium	/Users/ronnyworks/code/agentic-spine/ops/profiles/product.yaml	tenant_profile
ops/profiles/production.yaml	spine-source	Product profile contract.	medium	/Users/ronnyworks/code/agentic-spine/ops/profiles/production.yaml	tenant_profile
ops/runbooks/cloudflare-token-rotation.md	foundation-source	Operational runbook source belongs with extracted foundation.	medium	/Users/ronnyworks/code/agentic-foundation/ops/runbooks/cloudflare-token-rotation.md	runbook_outside_docs
ops/runbooks/vaultwarden-uri-policy.md	foundation-source	Operational runbook source belongs with extracted foundation.	medium	/Users/ronnyworks/code/agentic-foundation/ops/runbooks/vaultwarden-uri-policy.md	runbook_outside_docs
ops/runtime/alerting-probe-cycle.sh	foundation-source	Runtime implementation source, not boring control plane.	high	/Users/ronnyworks/code/agentic-foundation/ops/runtime/alerting-probe-cycle.sh	runtime_impl
ops/runtime/backup-monitor-hourly.sh	foundation-source	Runtime implementation source, not boring control plane.	high	/Users/ronnyworks/code/agentic-foundation/ops/runtime/backup-monitor-hourly.sh	runtime_impl
ops/runtime/cc-benefits-refresh-daily.sh	foundation-source	Runtime implementation source, not boring control plane.	high	/Users/ronnyworks/code/agentic-foundation/ops/runtime/cc-benefits-refresh-daily.sh	runtime_impl
ops/runtime/cc-benefits-reminder-dispatch-daily.sh	foundation-source	Runtime implementation source, not boring control plane.	high	/Users/ronnyworks/code/agentic-foundation/ops/runtime/cc-benefits-reminder-dispatch-daily.sh	runtime_impl
ops/runtime/domain-inventory-refresh-daily.sh	foundation-source	Runtime implementation source, not boring control plane.	high	/Users/ronnyworks/code/agentic-foundation/ops/runtime/domain-inventory-refresh-daily.sh	runtime_impl
ops/runtime/extension-index-refresh-daily.sh	foundation-source	Runtime implementation source, not boring control plane.	high	/Users/ronnyworks/code/agentic-foundation/ops/runtime/extension-index-refresh-daily.sh	runtime_impl
ops/runtime/finance-action-queue-monthly.sh	foundation-source	Runtime implementation source, not boring control plane.	high	/Users/ronnyworks/code/agentic-foundation/ops/runtime/finance-action-queue-monthly.sh	runtime_impl
ops/runtime/freshness-critical-daily.sh	foundation-source	Runtime implementation source, not boring control plane.	high	/Users/ronnyworks/code/agentic-foundation/ops/runtime/freshness-critical-daily.sh	runtime_impl
ops/runtime/friction-reconcile.sh	foundation-source	Runtime implementation source, not boring control plane.	high	/Users/ronnyworks/code/agentic-foundation/ops/runtime/friction-reconcile.sh	runtime_impl
ops/runtime/ha-baseline-refresh.sh	foundation-source	Runtime implementation source, not boring control plane.	high	/Users/ronnyworks/code/agentic-foundation/ops/runtime/ha-baseline-refresh.sh	runtime_impl
ops/runtime/immich-reconcile-weekly.sh	foundation-source	Runtime implementation source, not boring control plane.	high	/Users/ronnyworks/code/agentic-foundation/ops/runtime/immich-reconcile-weekly.sh	runtime_impl
ops/runtime/inbox/agent-enqueue.sh	foundation-source	Runtime implementation source, not boring control plane.	high	/Users/ronnyworks/code/agentic-foundation/ops/runtime/inbox/agent-enqueue.sh	runtime_impl
ops/runtime/inbox/agent-latest.sh	foundation-source	Runtime implementation source, not boring control plane.	high	/Users/ronnyworks/code/agentic-foundation/ops/runtime/inbox/agent-latest.sh	runtime_impl
ops/runtime/inbox/agent-park-inbox.sh	foundation-source	Runtime implementation source, not boring control plane.	high	/Users/ronnyworks/code/agentic-foundation/ops/runtime/inbox/agent-park-inbox.sh	runtime_impl
ops/runtime/inbox/agent-restart.sh	foundation-source	Runtime implementation source, not boring control plane.	high	/Users/ronnyworks/code/agentic-foundation/ops/runtime/inbox/agent-restart.sh	runtime_impl
ops/runtime/inbox/agent-status.sh	foundation-source	Runtime implementation source, not boring control plane.	high	/Users/ronnyworks/code/agentic-foundation/ops/runtime/inbox/agent-status.sh	runtime_impl
ops/runtime/inbox/agent-summary.sh	foundation-source	Runtime implementation source, not boring control plane.	high	/Users/ronnyworks/code/agentic-foundation/ops/runtime/inbox/agent-summary.sh	runtime_impl
ops/runtime/inbox/agent-watchdog.sh	foundation-source	Runtime implementation source, not boring control plane.	high	/Users/ronnyworks/code/agentic-foundation/ops/runtime/inbox/agent-watchdog.sh	runtime_impl
ops/runtime/inbox/close-session.sh	foundation-source	Runtime implementation source, not boring control plane.	high	/Users/ronnyworks/code/agentic-foundation/ops/runtime/inbox/close-session.sh	runtime_impl
ops/runtime/inbox/hot-folder-watcher.sh	foundation-source	Runtime implementation source, not boring control plane.	high	/Users/ronnyworks/code/agentic-foundation/ops/runtime/inbox/hot-folder-watcher.sh	runtime_impl
ops/runtime/inbox/launch-agent.sh	foundation-source	Runtime implementation source, not boring control plane.	high	/Users/ronnyworks/code/agentic-foundation/ops/runtime/inbox/launch-agent.sh	runtime_impl
ops/runtime/infra-core-smoke.sh	foundation-source	Runtime implementation source, not boring control plane.	high	/Users/ronnyworks/code/agentic-foundation/ops/runtime/infra-core-smoke.sh	runtime_impl
ops/runtime/launchd/com.ronny.alerting-probe-cycle.plist	foundation-source	Runtime implementation source, not boring control plane.	high	/Users/ronnyworks/code/agentic-foundation/ops/runtime/launchd/com.ronny.alerting-probe-cycle.plist	runtime_impl
ops/runtime/launchd/com.ronny.backup-monitor-hourly.plist	foundation-source	Runtime implementation source, not boring control plane.	high	/Users/ronnyworks/code/agentic-foundation/ops/runtime/launchd/com.ronny.backup-monitor-hourly.plist	runtime_impl
ops/runtime/launchd/com.ronny.cc-benefits-refresh-daily.plist	foundation-source	Runtime implementation source, not boring control plane.	high	/Users/ronnyworks/code/agentic-foundation/ops/runtime/launchd/com.ronny.cc-benefits-refresh-daily.plist	runtime_impl
ops/runtime/launchd/com.ronny.cc-benefits-reminder-dispatch-daily.plist	foundation-source	Runtime implementation source, not boring control plane.	high	/Users/ronnyworks/code/agentic-foundation/ops/runtime/launchd/com.ronny.cc-benefits-reminder-dispatch-daily.plist	runtime_impl
ops/runtime/launchd/com.ronny.communications-alerts-dispatcher.plist	foundation-source	Runtime implementation source, not boring control plane.	high	/Users/ronnyworks/code/agentic-foundation/ops/runtime/launchd/com.ronny.communications-alerts-dispatcher.plist	runtime_impl
ops/runtime/launchd/com.ronny.docker-tunnel.plist	foundation-source	Runtime implementation source, not boring control plane.	high	/Users/ronnyworks/code/agentic-foundation/ops/runtime/launchd/com.ronny.docker-tunnel.plist	runtime_impl
ops/runtime/launchd/com.ronny.domain-inventory-refresh-daily.plist	foundation-source	Runtime implementation source, not boring control plane.	high	/Users/ronnyworks/code/agentic-foundation/ops/runtime/launchd/com.ronny.domain-inventory-refresh-daily.plist	runtime_impl
ops/runtime/launchd/com.ronny.extension-index-refresh-daily.plist	foundation-source	Runtime implementation source, not boring control plane.	high	/Users/ronnyworks/code/agentic-foundation/ops/runtime/launchd/com.ronny.extension-index-refresh-daily.plist	runtime_impl
ops/runtime/launchd/com.ronny.finance-action-queue-monthly.plist	foundation-source	Runtime implementation source, not boring control plane.	high	/Users/ronnyworks/code/agentic-foundation/ops/runtime/launchd/com.ronny.finance-action-queue-monthly.plist	runtime_impl
ops/runtime/launchd/com.ronny.finance-backup-weekly.plist	foundation-source	Runtime implementation source, not boring control plane.	high	/Users/ronnyworks/code/agentic-foundation/ops/runtime/launchd/com.ronny.finance-backup-weekly.plist	runtime_impl
ops/runtime/launchd/com.ronny.freshness-critical-daily.plist	foundation-source	Runtime implementation source, not boring control plane.	high	/Users/ronnyworks/code/agentic-foundation/ops/runtime/launchd/com.ronny.freshness-critical-daily.plist	runtime_impl
ops/runtime/launchd/com.ronny.friction-reconcile.plist	foundation-source	Runtime implementation source, not boring control plane.	high	/Users/ronnyworks/code/agentic-foundation/ops/runtime/launchd/com.ronny.friction-reconcile.plist	runtime_impl
ops/runtime/launchd/com.ronny.ha-baseline-refresh.plist	foundation-source	Runtime implementation source, not boring control plane.	high	/Users/ronnyworks/code/agentic-foundation/ops/runtime/launchd/com.ronny.ha-baseline-refresh.plist	runtime_impl
ops/runtime/launchd/com.ronny.immich-reconcile-weekly.plist	foundation-source	Runtime implementation source, not boring control plane.	high	/Users/ronnyworks/code/agentic-foundation/ops/runtime/launchd/com.ronny.immich-reconcile-weekly.plist	runtime_impl
ops/runtime/launchd/com.ronny.infra-core-smoke.plist	foundation-source	Runtime implementation source, not boring control plane.	high	/Users/ronnyworks/code/agentic-foundation/ops/runtime/launchd/com.ronny.infra-core-smoke.plist	runtime_impl
ops/runtime/launchd/com.ronny.launchd-health-check.plist	foundation-source	Runtime implementation source, not boring control plane.	high	/Users/ronnyworks/code/agentic-foundation/ops/runtime/launchd/com.ronny.launchd-health-check.plist	runtime_impl
ops/runtime/launchd/com.ronny.log-rotation-daily.plist	foundation-source	Runtime implementation source, not boring control plane.	high	/Users/ronnyworks/code/agentic-foundation/ops/runtime/launchd/com.ronny.log-rotation-daily.plist	runtime_impl
ops/runtime/launchd/com.ronny.mailroom-bridge.plist	foundation-source	Runtime implementation source, not boring control plane.	high	/Users/ronnyworks/code/agentic-foundation/ops/runtime/launchd/com.ronny.mailroom-bridge.plist	runtime_impl
ops/runtime/launchd/com.ronny.mcp-runtime-anti-drift-cycle.plist	foundation-source	Runtime implementation source, not boring control plane.	high	/Users/ronnyworks/code/agentic-foundation/ops/runtime/launchd/com.ronny.mcp-runtime-anti-drift-cycle.plist	runtime_impl
ops/runtime/launchd/com.ronny.media-arr-key-roll-drill-weekly.plist	foundation-source	Runtime implementation source, not boring control plane.	high	/Users/ronnyworks/code/agentic-foundation/ops/runtime/launchd/com.ronny.media-arr-key-roll-drill-weekly.plist	runtime_impl
ops/runtime/launchd/com.ronny.media-capacity-snapshot-daily.plist	foundation-source	Runtime implementation source, not boring control plane.	high	/Users/ronnyworks/code/agentic-foundation/ops/runtime/launchd/com.ronny.media-capacity-snapshot-daily.plist	runtime_impl
ops/runtime/launchd/com.ronny.media-config-backup-daily.plist	foundation-source	Runtime implementation source, not boring control plane.	high	/Users/ronnyworks/code/agentic-foundation/ops/runtime/launchd/com.ronny.media-config-backup-daily.plist	runtime_impl
ops/runtime/launchd/com.ronny.n8n-snapshot-daily.plist	foundation-source	Runtime implementation source, not boring control plane.	high	/Users/ronnyworks/code/agentic-foundation/ops/runtime/launchd/com.ronny.n8n-snapshot-daily.plist	runtime_impl
ops/runtime/launchd/com.ronny.nightly-closeout-daily.plist	foundation-source	Runtime implementation source, not boring control plane.	high	/Users/ronnyworks/code/agentic-foundation/ops/runtime/launchd/com.ronny.nightly-closeout-daily.plist	runtime_impl
ops/runtime/launchd/com.ronny.policy-autotune-weekly.plist	foundation-source	Runtime implementation source, not boring control plane.	high	/Users/ronnyworks/code/agentic-foundation/ops/runtime/launchd/com.ronny.policy-autotune-weekly.plist	runtime_impl
ops/runtime/launchd/com.ronny.projection-reconcile.plist	foundation-source	Runtime implementation source, not boring control plane.	high	/Users/ronnyworks/code/agentic-foundation/ops/runtime/launchd/com.ronny.projection-reconcile.plist	runtime_impl
ops/runtime/launchd/com.ronny.proposals-retention-daily.plist	foundation-source	Runtime implementation source, not boring control plane.	high	/Users/ronnyworks/code/agentic-foundation/ops/runtime/launchd/com.ronny.proposals-retention-daily.plist	runtime_impl
ops/runtime/launchd/com.ronny.receipts-archive-reconcile-daily.plist	foundation-source	Runtime implementation source, not boring control plane.	high	/Users/ronnyworks/code/agentic-foundation/ops/runtime/launchd/com.ronny.receipts-archive-reconcile-daily.plist	runtime_impl
ops/runtime/launchd/com.ronny.simplefin-daily-sync.plist	foundation-source	Runtime implementation source, not boring control plane.	high	/Users/ronnyworks/code/agentic-foundation/ops/runtime/launchd/com.ronny.simplefin-daily-sync.plist	runtime_impl
ops/runtime/launchd/com.ronny.slo-evidence-daily.plist	foundation-source	Runtime implementation source, not boring control plane.	high	/Users/ronnyworks/code/agentic-foundation/ops/runtime/launchd/com.ronny.slo-evidence-daily.plist	runtime_impl
ops/runtime/launchd/com.ronny.spine-briefing-email-daily.plist	foundation-source	Runtime implementation source, not boring control plane.	high	/Users/ronnyworks/code/agentic-foundation/ops/runtime/launchd/com.ronny.spine-briefing-email-daily.plist	runtime_impl
ops/runtime/launchd/com.ronny.spine-daily-briefing.plist	foundation-source	Runtime implementation source, not boring control plane.	high	/Users/ronnyworks/code/agentic-foundation/ops/runtime/launchd/com.ronny.spine-daily-briefing.plist	runtime_impl
ops/runtime/launchd/com.ronny.state-shared-reconcile.plist	foundation-source	Runtime implementation source, not boring control plane.	high	/Users/ronnyworks/code/agentic-foundation/ops/runtime/launchd/com.ronny.state-shared-reconcile.plist	runtime_impl
ops/runtime/launchd/com.ronny.streamdeck.ha.plist	foundation-source	Runtime implementation source, not boring control plane.	high	/Users/ronnyworks/code/agentic-foundation/ops/runtime/launchd/com.ronny.streamdeck.ha.plist	runtime_impl
ops/runtime/launchd/com.ronny.verify-gate-review-consumer-daily.plist	foundation-source	Runtime implementation source, not boring control plane.	high	/Users/ronnyworks/code/agentic-foundation/ops/runtime/launchd/com.ronny.verify-gate-review-consumer-daily.plist	runtime_impl
ops/runtime/launchd/com.ronny.verify-run-daily.plist	foundation-source	Runtime implementation source, not boring control plane.	high	/Users/ronnyworks/code/agentic-foundation/ops/runtime/launchd/com.ronny.verify-run-daily.plist	runtime_impl
ops/runtime/launchd-health-check.sh	foundation-source	Runtime implementation source, not boring control plane.	high	/Users/ronnyworks/code/agentic-foundation/ops/runtime/launchd-health-check.sh	runtime_impl
ops/runtime/lib/job-wrapper.sh	foundation-source	Runtime implementation source, not boring control plane.	high	/Users/ronnyworks/code/agentic-foundation/ops/runtime/lib/job-wrapper.sh	runtime_impl
ops/runtime/lib/runtime-managed-worktree.sh	foundation-source	Runtime implementation source, not boring control plane.	high	/Users/ronnyworks/code/agentic-foundation/ops/runtime/lib/runtime-managed-worktree.sh	runtime_impl
ops/runtime/log-rotation-daily.sh	foundation-source	Runtime implementation source, not boring control plane.	high	/Users/ronnyworks/code/agentic-foundation/ops/runtime/log-rotation-daily.sh	runtime_impl
ops/runtime/mcp-runtime-anti-drift-cycle.sh	foundation-source	Runtime implementation source, not boring control plane.	high	/Users/ronnyworks/code/agentic-foundation/ops/runtime/mcp-runtime-anti-drift-cycle.sh	runtime_impl
ops/runtime/media-arr-key-roll-drill-weekly.sh	foundation-source	Runtime implementation source, not boring control plane.	high	/Users/ronnyworks/code/agentic-foundation/ops/runtime/media-arr-key-roll-drill-weekly.sh	runtime_impl
ops/runtime/media-capacity-snapshot-daily.sh	foundation-source	Runtime implementation source, not boring control plane.	high	/Users/ronnyworks/code/agentic-foundation/ops/runtime/media-capacity-snapshot-daily.sh	runtime_impl
ops/runtime/media-config-backup-daily.sh	foundation-source	Runtime implementation source, not boring control plane.	high	/Users/ronnyworks/code/agentic-foundation/ops/runtime/media-config-backup-daily.sh	runtime_impl
ops/runtime/n8n-snapshot-daily.sh	foundation-source	Runtime implementation source, not boring control plane.	high	/Users/ronnyworks/code/agentic-foundation/ops/runtime/n8n-snapshot-daily.sh	runtime_impl
ops/runtime/nightly-closeout-daily.sh	foundation-source	Runtime implementation source, not boring control plane.	high	/Users/ronnyworks/code/agentic-foundation/ops/runtime/nightly-closeout-daily.sh	runtime_impl
ops/runtime/policy-autotune-weekly.sh	foundation-source	Runtime implementation source, not boring control plane.	high	/Users/ronnyworks/code/agentic-foundation/ops/runtime/policy-autotune-weekly.sh	runtime_impl
ops/runtime/projection-reconcile.sh	foundation-source	Runtime implementation source, not boring control plane.	high	/Users/ronnyworks/code/agentic-foundation/ops/runtime/projection-reconcile.sh	runtime_impl
ops/runtime/proposals-retention-daily.sh	foundation-source	Runtime implementation source, not boring control plane.	high	/Users/ronnyworks/code/agentic-foundation/ops/runtime/proposals-retention-daily.sh	runtime_impl
ops/runtime/receipts-archive-reconcile-daily.sh	foundation-source	Runtime implementation source, not boring control plane.	high	/Users/ronnyworks/code/agentic-foundation/ops/runtime/receipts-archive-reconcile-daily.sh	runtime_impl
ops/runtime/slo-evidence-daily.sh	foundation-source	Runtime implementation source, not boring control plane.	high	/Users/ronnyworks/code/agentic-foundation/ops/runtime/slo-evidence-daily.sh	runtime_impl
ops/runtime/spine-briefing-email-daily.sh	foundation-source	Runtime implementation source, not boring control plane.	high	/Users/ronnyworks/code/agentic-foundation/ops/runtime/spine-briefing-email-daily.sh	runtime_impl
ops/runtime/spine-daily-briefing.sh	foundation-source	Runtime implementation source, not boring control plane.	high	/Users/ronnyworks/code/agentic-foundation/ops/runtime/spine-daily-briefing.sh	runtime_impl
ops/runtime/state-shared-reconcile.sh	foundation-source	Runtime implementation source, not boring control plane.	high	/Users/ronnyworks/code/agentic-foundation/ops/runtime/state-shared-reconcile.sh	runtime_impl
ops/runtime/verify-gate-review-consumer-daily.sh	foundation-source	Runtime implementation source, not boring control plane.	high	/Users/ronnyworks/code/agentic-foundation/ops/runtime/verify-gate-review-consumer-daily.sh	runtime_impl
ops/skills/infra-core/README.md	foundation-source	Reusable skill content outside control-plane core.	medium	/Users/ronnyworks/code/agentic-foundation/ops/skills/infra-core/README.md	skill_source
ops/staged/CADDY_AUTH_PREFLIGHT_CHECKLIST.md	needs-operator-decision	Staged authority sitting in non-boring location.	high	TBD (operator decision)	staged_root_surface
ops/staged/LOOP_DEPENDENCY_SNAPSHOT.md	needs-operator-decision	Staged authority sitting in non-boring location.	high	TBD (operator decision)	staged_root_surface
ops/staged/NAMING_GOVERNANCE_P2_EXECUTION_PLAYBOOK_20260207.md	needs-operator-decision	Staged authority sitting in non-boring location.	high	TBD (operator decision)	staged_root_surface
ops/staged/OBSERVABILITY_PREFLIGHT_CHECKLIST.md	needs-operator-decision	Staged authority sitting in non-boring location.	high	TBD (operator decision)	staged_root_surface
ops/staged/PARKED_FILE_DISPOSITION.md	needs-operator-decision	Staged authority sitting in non-boring location.	high	TBD (operator decision)	staged_root_surface
ops/staged/PROMOTION_READINESS_NOTE.md	needs-operator-decision	Staged authority sitting in non-boring location.	high	TBD (operator decision)	staged_root_surface
ops/staged/README.md	needs-operator-decision	Staged authority sitting in non-boring location.	high	TBD (operator decision)	staged_root_surface
ops/staged/SECRETS_NAMESPACE_MIGRATION_MAP.md	needs-operator-decision	Staged authority sitting in non-boring location.	high	TBD (operator decision)	staged_root_surface
ops/staged/SECRETS_NAMESPACE_P1_EXECUTION_20260207.md	needs-operator-decision	Staged authority sitting in non-boring location.	high	TBD (operator decision)	staged_root_surface
ops/staged/SECRETS_NAMESPACE_P2_EXECUTION_20260207.md	needs-operator-decision	Staged authority sitting in non-boring location.	high	TBD (operator decision)	staged_root_surface
ops/staged/SECRETS_NAMESPACE_P3_EXECUTION_20260207.md	needs-operator-decision	Staged authority sitting in non-boring location.	high	TBD (operator decision)	staged_root_surface
ops/staged/SECRETS_NAMESPACE_P4_EXECUTION_20260207.md	needs-operator-decision	Staged authority sitting in non-boring location.	high	TBD (operator decision)	staged_root_surface
ops/staged/SECRETS_NAMESPACE_P5_EXECUTION_20260207.md	needs-operator-decision	Staged authority sitting in non-boring location.	high	TBD (operator decision)	staged_root_surface
ops/staged/SECRETS_NAMESPACE_P6_EXECUTION_20260207.md	needs-operator-decision	Staged authority sitting in non-boring location.	high	TBD (operator decision)	staged_root_surface
ops/staged/ai-consolidation/.env.example	foundation-source	Reusable staged service source outside core control plane.	medium	/Users/ronnyworks/code/agentic-foundation/ops/staged/ai-consolidation/.env.example	staged_service_source
ops/staged/ai-consolidation/README.md	foundation-source	Reusable staged service source outside core control plane.	medium	/Users/ronnyworks/code/agentic-foundation/ops/staged/ai-consolidation/README.md	staged_service_source
ops/staged/ai-consolidation/docker-compose.yml	foundation-source	Reusable staged service source outside core control plane.	medium	/Users/ronnyworks/code/agentic-foundation/ops/staged/ai-consolidation/docker-compose.yml	staged_service_source
ops/staged/automation-stack/README.md	foundation-source	Reusable staged service source outside core control plane.	medium	/Users/ronnyworks/code/agentic-foundation/ops/staged/automation-stack/README.md	staged_service_source
ops/staged/automation-stack/n8n-workflows-backup.sh	foundation-source	Reusable staged service source outside core control plane.	medium	/Users/ronnyworks/code/agentic-foundation/ops/staged/automation-stack/n8n-workflows-backup.sh	staged_service_source
ops/staged/caddy-auth/.env.example	foundation-source	Reusable staged service source outside core control plane.	medium	/Users/ronnyworks/code/agentic-foundation/ops/staged/caddy-auth/.env.example	staged_service_source
ops/staged/caddy-auth/Caddyfile	foundation-source	Reusable staged service source outside core control plane.	medium	/Users/ronnyworks/code/agentic-foundation/ops/staged/caddy-auth/Caddyfile	staged_service_source
ops/staged/caddy-auth/docker-compose.yml	foundation-source	Reusable staged service source outside core control plane.	medium	/Users/ronnyworks/code/agentic-foundation/ops/staged/caddy-auth/docker-compose.yml	staged_service_source
ops/staged/cloudflared/.env.example	foundation-source	Reusable staged service source outside core control plane.	medium	/Users/ronnyworks/code/agentic-foundation/ops/staged/cloudflared/.env.example	staged_service_source
ops/staged/cloudflared/.gitignore	foundation-source	Reusable staged service source outside core control plane.	medium	/Users/ronnyworks/code/agentic-foundation/ops/staged/cloudflared/.gitignore	staged_service_source
ops/staged/cloudflared/README.md	foundation-source	Reusable staged service source outside core control plane.	medium	/Users/ronnyworks/code/agentic-foundation/ops/staged/cloudflared/README.md	staged_service_source
ops/staged/cloudflared/docker-compose.yml	foundation-source	Reusable staged service source outside core control plane.	medium	/Users/ronnyworks/code/agentic-foundation/ops/staged/cloudflared/docker-compose.yml	staged_service_source
ops/staged/communications-stack/mail-archiver-backup.sh	foundation-source	Reusable staged service source outside core control plane.	medium	/Users/ronnyworks/code/agentic-foundation/ops/staged/communications-stack/mail-archiver-backup.sh	staged_service_source
ops/staged/communications-stack/stalwart-backup.sh	foundation-source	Reusable staged service source outside core control plane.	medium	/Users/ronnyworks/code/agentic-foundation/ops/staged/communications-stack/stalwart-backup.sh	staged_service_source
ops/staged/dev-tools/gitea/docker-compose.yml	foundation-source	Reusable staged service source outside core control plane.	medium	/Users/ronnyworks/code/agentic-foundation/ops/staged/dev-tools/gitea/docker-compose.yml	staged_service_source
ops/staged/dev-tools/gitea-backup.sh	foundation-source	Reusable staged service source outside core control plane.	medium	/Users/ronnyworks/code/agentic-foundation/ops/staged/dev-tools/gitea-backup.sh	staged_service_source
ops/staged/download-stack/docker-compose.yml	foundation-source	Reusable staged service source outside core control plane.	medium	/Users/ronnyworks/code/agentic-foundation/ops/staged/download-stack/docker-compose.yml	staged_service_source
ops/staged/evidence/GITEA_SSO_BROWSER_TEST_20260209.md	foundation-source	Reusable staged service source outside core control plane.	medium	/Users/ronnyworks/code/agentic-foundation/ops/staged/evidence/GITEA_SSO_BROWSER_TEST_20260209.md	staged_service_source
ops/staged/finance-stack/finance-stack-backup.sh	foundation-source	Reusable staged service source outside core control plane.	medium	/Users/ronnyworks/code/agentic-foundation/ops/staged/finance-stack/finance-stack-backup.sh	staged_service_source
ops/staged/identity-surface-audit.yaml	needs-operator-decision	Staged authority sitting in non-boring location.	high	TBD (operator decision)	staged_root_surface
ops/staged/infra-core/infisical-backup.sh	foundation-source	Reusable staged service source outside core control plane.	medium	/Users/ronnyworks/code/agentic-foundation/ops/staged/infra-core/infisical-backup.sh	staged_service_source
ops/staged/infra-core/vaultwarden-backup.sh	foundation-source	Reusable staged service source outside core control plane.	medium	/Users/ronnyworks/code/agentic-foundation/ops/staged/infra-core/vaultwarden-backup.sh	staged_service_source
ops/staged/media-stack/media-config-backup.sh	foundation-source	Reusable staged service source outside core control plane.	medium	/Users/ronnyworks/code/agentic-foundation/ops/staged/media-stack/media-config-backup.sh	staged_service_source
ops/staged/mint-data/mint-data-backups.cron	foundation-source	Reusable staged service source outside core control plane.	medium	/Users/ronnyworks/code/agentic-foundation/ops/staged/mint-data/mint-data-backups.cron	staged_service_source
ops/staged/mint-data/mint-postgres-backup.sh	foundation-source	Reusable staged service source outside core control plane.	medium	/Users/ronnyworks/code/agentic-foundation/ops/staged/mint-data/mint-postgres-backup.sh	staged_service_source
ops/staged/observability/grafana/.env.example	foundation-source	Reusable staged service source outside core control plane.	medium	/Users/ronnyworks/code/agentic-foundation/ops/staged/observability/grafana/.env.example	staged_service_source
ops/staged/observability/grafana/docker-compose.yml	foundation-source	Reusable staged service source outside core control plane.	medium	/Users/ronnyworks/code/agentic-foundation/ops/staged/observability/grafana/docker-compose.yml	staged_service_source
ops/staged/observability/grafana/provisioning/dashboards/dashboards.yml	foundation-source	Reusable staged service source outside core control plane.	medium	/Users/ronnyworks/code/agentic-foundation/ops/staged/observability/grafana/provisioning/dashboards/dashboards.yml	staged_service_source
ops/staged/observability/grafana/provisioning/dashboards/gitea.json	foundation-source	Reusable staged service source outside core control plane.	medium	/Users/ronnyworks/code/agentic-foundation/ops/staged/observability/grafana/provisioning/dashboards/gitea.json	staged_service_source
ops/staged/observability/grafana/provisioning/datasources/datasources.yml	foundation-source	Reusable staged service source outside core control plane.	medium	/Users/ronnyworks/code/agentic-foundation/ops/staged/observability/grafana/provisioning/datasources/datasources.yml	staged_service_source
ops/staged/observability/loki/docker-compose.yml	foundation-source	Reusable staged service source outside core control plane.	medium	/Users/ronnyworks/code/agentic-foundation/ops/staged/observability/loki/docker-compose.yml	staged_service_source
ops/staged/observability/loki/loki-config.yml	foundation-source	Reusable staged service source outside core control plane.	medium	/Users/ronnyworks/code/agentic-foundation/ops/staged/observability/loki/loki-config.yml	staged_service_source
ops/staged/observability/node-exporter/docker-compose.yml	foundation-source	Reusable staged service source outside core control plane.	medium	/Users/ronnyworks/code/agentic-foundation/ops/staged/observability/node-exporter/docker-compose.yml	staged_service_source
ops/staged/observability/prometheus/docker-compose.yml	foundation-source	Reusable staged service source outside core control plane.	medium	/Users/ronnyworks/code/agentic-foundation/ops/staged/observability/prometheus/docker-compose.yml	staged_service_source
ops/staged/observability/prometheus/prometheus.yml	foundation-source	Reusable staged service source outside core control plane.	medium	/Users/ronnyworks/code/agentic-foundation/ops/staged/observability/prometheus/prometheus.yml	staged_service_source
ops/staged/observability/uptime-kuma/docker-compose.yml	foundation-source	Reusable staged service source outside core control plane.	medium	/Users/ronnyworks/code/agentic-foundation/ops/staged/observability/uptime-kuma/docker-compose.yml	staged_service_source
ops/staged/pihole/.env.example	foundation-source	Reusable staged service source outside core control plane.	medium	/Users/ronnyworks/code/agentic-foundation/ops/staged/pihole/.env.example	staged_service_source
ops/staged/pihole/.gitignore	foundation-source	Reusable staged service source outside core control plane.	medium	/Users/ronnyworks/code/agentic-foundation/ops/staged/pihole/.gitignore	staged_service_source
ops/staged/pihole/README.md	foundation-source	Reusable staged service source outside core control plane.	medium	/Users/ronnyworks/code/agentic-foundation/ops/staged/pihole/README.md	staged_service_source
ops/staged/pihole/docker-compose.yml	foundation-source	Reusable staged service source outside core control plane.	medium	/Users/ronnyworks/code/agentic-foundation/ops/staged/pihole/docker-compose.yml	staged_service_source
ops/staged/pve/archive-smb-snapshot.sh	foundation-source	Reusable staged service source outside core control plane.	medium	/Users/ronnyworks/code/agentic-foundation/ops/staged/pve/archive-smb-snapshot.sh	staged_service_source
ops/staged/pve/vzdump-md1400-cold-sync.sh	foundation-source	Reusable staged service source outside core control plane.	medium	/Users/ronnyworks/code/agentic-foundation/ops/staged/pve/vzdump-md1400-cold-sync.sh	staged_service_source
ops/staged/pve/vzdump-offsite-sync.sh	foundation-source	Reusable staged service source outside core control plane.	medium	/Users/ronnyworks/code/agentic-foundation/ops/staged/pve/vzdump-offsite-sync.sh	staged_service_source
ops/staged/secrets/.env.example	foundation-source	Reusable staged service source outside core control plane.	medium	/Users/ronnyworks/code/agentic-foundation/ops/staged/secrets/.env.example	staged_service_source
ops/staged/secrets/.gitignore	foundation-source	Reusable staged service source outside core control plane.	medium	/Users/ronnyworks/code/agentic-foundation/ops/staged/secrets/.gitignore	staged_service_source
ops/staged/secrets/README.md	foundation-source	Reusable staged service source outside core control plane.	medium	/Users/ronnyworks/code/agentic-foundation/ops/staged/secrets/README.md	staged_service_source
ops/staged/secrets/docker-compose.yml	foundation-source	Reusable staged service source outside core control plane.	medium	/Users/ronnyworks/code/agentic-foundation/ops/staged/secrets/docker-compose.yml	staged_service_source
ops/staged/streaming-stack/docker-compose.yml	foundation-source	Reusable staged service source outside core control plane.	medium	/Users/ronnyworks/code/agentic-foundation/ops/staged/streaming-stack/docker-compose.yml	staged_service_source
ops/staged/vaultwarden/.env.example	foundation-source	Reusable staged service source outside core control plane.	medium	/Users/ronnyworks/code/agentic-foundation/ops/staged/vaultwarden/.env.example	staged_service_source
ops/staged/vaultwarden/.gitignore	foundation-source	Reusable staged service source outside core control plane.	medium	/Users/ronnyworks/code/agentic-foundation/ops/staged/vaultwarden/.gitignore	staged_service_source
ops/staged/vaultwarden/README.md	foundation-source	Reusable staged service source outside core control plane.	medium	/Users/ronnyworks/code/agentic-foundation/ops/staged/vaultwarden/README.md	staged_service_source
ops/staged/vaultwarden/docker-compose.yml	foundation-source	Reusable staged service source outside core control plane.	medium	/Users/ronnyworks/code/agentic-foundation/ops/staged/vaultwarden/docker-compose.yml	staged_service_source
ops/staged/vouchervault/DEPLOYMENT_PLAN.md	foundation-source	Reusable staged service source outside core control plane.	medium	/Users/ronnyworks/code/agentic-foundation/ops/staged/vouchervault/DEPLOYMENT_PLAN.md	staged_service_source
ops/tools/cloudflare-agent.sh	foundation-source	Tool wrapper for external operator/runtime surfaces.	medium	/Users/ronnyworks/code/agentic-foundation/ops/tools/cloudflare-agent.sh	external_tool_wrapper
ops/tools/infisical-agent.sh	foundation-source	Tool wrapper for external operator/runtime surfaces.	medium	/Users/ronnyworks/code/agentic-foundation/ops/tools/infisical-agent.sh	external_tool_wrapper
ops/tools/unifi-agent.sh	foundation-source	Tool wrapper for external operator/runtime surfaces.	medium	/Users/ronnyworks/code/agentic-foundation/ops/tools/unifi-agent.sh	external_tool_wrapper
ops/tools/unifi-home-agent.sh	foundation-source	Tool wrapper for external operator/runtime surfaces.	medium	/Users/ronnyworks/code/agentic-foundation/ops/tools/unifi-home-agent.sh	external_tool_wrapper
ops/verify.sh	needs-operator-decision	Legacy verify shim beside canonical entrypoint.	medium	TBD (operator decision)	compatibility_shim
